--------------------------------------------------------
--  파일이 생성됨 - 월요일-6월-15-2026   
--------------------------------------------------------
--------------------------------------------------------
--  DDL for Table BOOKMARKS
--------------------------------------------------------

  CREATE TABLE "FITLOG"."BOOKMARKS" 
   (	"ID" NUMBER(10,0) GENERATED ALWAYS AS IDENTITY MINVALUE 1 MAXVALUE 9999999999999999999999999999 INCREMENT BY 1 START WITH 1 CACHE 20 NOORDER  NOCYCLE  NOKEEP  NOSCALE , 
	"USER_ID" NUMBER(10,0), 
	"POST_ID" NUMBER(10,0), 
	"CREATED_AT" TIMESTAMP (6) DEFAULT CURRENT_TIMESTAMP
   ) SEGMENT CREATION IMMEDIATE 
  PCTFREE 10 PCTUSED 40 INITRANS 1 MAXTRANS 255 
 NOCOMPRESS LOGGING
  STORAGE(INITIAL 65536 NEXT 1048576 MINEXTENTS 1 MAXEXTENTS 2147483645
  PCTINCREASE 0 FREELISTS 1 FREELIST GROUPS 1
  BUFFER_POOL DEFAULT FLASH_CACHE DEFAULT CELL_FLASH_CACHE DEFAULT)
  TABLESPACE "USERS" ;
--------------------------------------------------------
--  DDL for Table CHAT_MESSAGES
--------------------------------------------------------

  CREATE TABLE "FITLOG"."CHAT_MESSAGES" 
   (	"ID" NUMBER(10,0) GENERATED ALWAYS AS IDENTITY MINVALUE 1 MAXVALUE 9999999999999999999999999999 INCREMENT BY 1 START WITH 1 CACHE 20 NOORDER  NOCYCLE  NOKEEP  NOSCALE , 
	"ROOM_ID" NUMBER(10,0), 
	"SENDER_ID" NUMBER(10,0), 
	"MESSAGE_TYPE" VARCHAR2(20 BYTE) DEFAULT 'text', 
	"CONTENT" CLOB, 
	"IMAGE_URL" VARCHAR2(500 BYTE), 
	"IS_DELETED" NUMBER(1,0) DEFAULT 0, 
	"CREATED_AT" TIMESTAMP (6) DEFAULT CURRENT_TIMESTAMP
   ) SEGMENT CREATION IMMEDIATE 
  PCTFREE 10 PCTUSED 40 INITRANS 1 MAXTRANS 255 
 NOCOMPRESS LOGGING
  STORAGE(INITIAL 65536 NEXT 1048576 MINEXTENTS 1 MAXEXTENTS 2147483645
  PCTINCREASE 0 FREELISTS 1 FREELIST GROUPS 1
  BUFFER_POOL DEFAULT FLASH_CACHE DEFAULT CELL_FLASH_CACHE DEFAULT)
  TABLESPACE "USERS" 
 LOB ("CONTENT") STORE AS SECUREFILE (
  TABLESPACE "USERS" ENABLE STORAGE IN ROW 4000 CHUNK 8192
  NOCACHE LOGGING  NOCOMPRESS  KEEP_DUPLICATES 
  STORAGE(INITIAL 262144 NEXT 1048576 MINEXTENTS 1 MAXEXTENTS 2147483645
  PCTINCREASE 0
  BUFFER_POOL DEFAULT FLASH_CACHE DEFAULT CELL_FLASH_CACHE DEFAULT)) ;
--------------------------------------------------------
--  DDL for Table CHAT_REQUESTS
--------------------------------------------------------

  CREATE TABLE "FITLOG"."CHAT_REQUESTS" 
   (	"ID" NUMBER(10,0) GENERATED ALWAYS AS IDENTITY MINVALUE 1 MAXVALUE 9999999999999999999999999999 INCREMENT BY 1 START WITH 1 CACHE 20 NOORDER  NOCYCLE  NOKEEP  NOSCALE , 
	"SENDER_ID" NUMBER(10,0), 
	"RECEIVER_ID" NUMBER(10,0), 
	"STATUS" VARCHAR2(10 BYTE) DEFAULT 'pending', 
	"CREATED_AT" TIMESTAMP (6) DEFAULT CURRENT_TIMESTAMP, 
	"UPDATED_AT" TIMESTAMP (6) DEFAULT CURRENT_TIMESTAMP
   ) SEGMENT CREATION IMMEDIATE 
  PCTFREE 10 PCTUSED 40 INITRANS 1 MAXTRANS 255 
 NOCOMPRESS LOGGING
  STORAGE(INITIAL 65536 NEXT 1048576 MINEXTENTS 1 MAXEXTENTS 2147483645
  PCTINCREASE 0 FREELISTS 1 FREELIST GROUPS 1
  BUFFER_POOL DEFAULT FLASH_CACHE DEFAULT CELL_FLASH_CACHE DEFAULT)
  TABLESPACE "USERS" ;
--------------------------------------------------------
--  DDL for Table CHAT_ROOMS
--------------------------------------------------------

  CREATE TABLE "FITLOG"."CHAT_ROOMS" 
   (	"ID" NUMBER(10,0) GENERATED ALWAYS AS IDENTITY MINVALUE 1 MAXVALUE 9999999999999999999999999999 INCREMENT BY 1 START WITH 1 CACHE 20 NOORDER  NOCYCLE  NOKEEP  NOSCALE , 
	"REQUEST_ID" NUMBER(10,0), 
	"USER1_ID" NUMBER(10,0), 
	"USER2_ID" NUMBER(10,0), 
	"LAST_MESSAGE" VARCHAR2(500 BYTE), 
	"LAST_MESSAGE_AT" TIMESTAMP (6), 
	"USER1_READ_AT" TIMESTAMP (6), 
	"USER2_READ_AT" TIMESTAMP (6), 
	"CREATED_AT" TIMESTAMP (6) DEFAULT CURRENT_TIMESTAMP, 
	"ROOM_TYPE" VARCHAR2(10 BYTE) DEFAULT 'direct', 
	"ROOM_NAME" VARCHAR2(100 BYTE), 
	"ROOM_IMAGE" VARCHAR2(500 BYTE)
   ) SEGMENT CREATION IMMEDIATE 
  PCTFREE 10 PCTUSED 40 INITRANS 1 MAXTRANS 255 
 NOCOMPRESS LOGGING
  STORAGE(INITIAL 65536 NEXT 1048576 MINEXTENTS 1 MAXEXTENTS 2147483645
  PCTINCREASE 0 FREELISTS 1 FREELIST GROUPS 1
  BUFFER_POOL DEFAULT FLASH_CACHE DEFAULT CELL_FLASH_CACHE DEFAULT)
  TABLESPACE "USERS" ;
--------------------------------------------------------
--  DDL for Table COMMENTS
--------------------------------------------------------

  CREATE TABLE "FITLOG"."COMMENTS" 
   (	"ID" NUMBER(10,0) GENERATED ALWAYS AS IDENTITY MINVALUE 1 MAXVALUE 9999999999999999999999999999 INCREMENT BY 1 START WITH 1 CACHE 20 NOORDER  NOCYCLE  NOKEEP  NOSCALE , 
	"POST_ID" NUMBER(10,0), 
	"USER_ID" NUMBER(10,0), 
	"PARENT_ID" NUMBER(10,0), 
	"CONTENT" CLOB, 
	"IS_DELETED" NUMBER(1,0) DEFAULT 0, 
	"CREATED_AT" TIMESTAMP (6) DEFAULT CURRENT_TIMESTAMP, 
	"UPDATED_AT" TIMESTAMP (6) DEFAULT CURRENT_TIMESTAMP
   ) SEGMENT CREATION IMMEDIATE 
  PCTFREE 10 PCTUSED 40 INITRANS 1 MAXTRANS 255 
 NOCOMPRESS LOGGING
  STORAGE(INITIAL 65536 NEXT 1048576 MINEXTENTS 1 MAXEXTENTS 2147483645
  PCTINCREASE 0 FREELISTS 1 FREELIST GROUPS 1
  BUFFER_POOL DEFAULT FLASH_CACHE DEFAULT CELL_FLASH_CACHE DEFAULT)
  TABLESPACE "USERS" 
 LOB ("CONTENT") STORE AS SECUREFILE (
  TABLESPACE "USERS" ENABLE STORAGE IN ROW 4000 CHUNK 8192
  NOCACHE LOGGING  NOCOMPRESS  KEEP_DUPLICATES 
  STORAGE(INITIAL 262144 NEXT 1048576 MINEXTENTS 1 MAXEXTENTS 2147483645
  PCTINCREASE 0
  BUFFER_POOL DEFAULT FLASH_CACHE DEFAULT CELL_FLASH_CACHE DEFAULT)) ;
--------------------------------------------------------
--  DDL for Table FOLLOWS
--------------------------------------------------------

  CREATE TABLE "FITLOG"."FOLLOWS" 
   (	"FOLLOWER_ID" NUMBER(10,0), 
	"FOLLOWING_ID" NUMBER(10,0), 
	"CREATED_AT" TIMESTAMP (6) DEFAULT CURRENT_TIMESTAMP
   ) SEGMENT CREATION IMMEDIATE 
  PCTFREE 10 PCTUSED 40 INITRANS 1 MAXTRANS 255 
 NOCOMPRESS LOGGING
  STORAGE(INITIAL 65536 NEXT 1048576 MINEXTENTS 1 MAXEXTENTS 2147483645
  PCTINCREASE 0 FREELISTS 1 FREELIST GROUPS 1
  BUFFER_POOL DEFAULT FLASH_CACHE DEFAULT CELL_FLASH_CACHE DEFAULT)
  TABLESPACE "USERS" ;
--------------------------------------------------------
--  DDL for Table GROUP_MEMBERS
--------------------------------------------------------

  CREATE TABLE "FITLOG"."GROUP_MEMBERS" 
   (	"ID" NUMBER GENERATED ALWAYS AS IDENTITY MINVALUE 1 MAXVALUE 9999999999999999999999999999 INCREMENT BY 1 START WITH 1 CACHE 20 NOORDER  NOCYCLE  NOKEEP  NOSCALE , 
	"ROOM_ID" NUMBER, 
	"USER_ID" NUMBER, 
	"IS_ADMIN" NUMBER(1,0) DEFAULT 0, 
	"JOINED_AT" TIMESTAMP (6) DEFAULT CURRENT_TIMESTAMP
   ) SEGMENT CREATION IMMEDIATE 
  PCTFREE 10 PCTUSED 40 INITRANS 1 MAXTRANS 255 
 NOCOMPRESS LOGGING
  STORAGE(INITIAL 65536 NEXT 1048576 MINEXTENTS 1 MAXEXTENTS 2147483645
  PCTINCREASE 0 FREELISTS 1 FREELIST GROUPS 1
  BUFFER_POOL DEFAULT FLASH_CACHE DEFAULT CELL_FLASH_CACHE DEFAULT)
  TABLESPACE "USERS" ;
--------------------------------------------------------
--  DDL for Table GROUP_READ_STATUS
--------------------------------------------------------

  CREATE TABLE "FITLOG"."GROUP_READ_STATUS" 
   (	"ROOM_ID" NUMBER, 
	"USER_ID" NUMBER, 
	"LAST_READ_AT" TIMESTAMP (6) DEFAULT CURRENT_TIMESTAMP
   ) SEGMENT CREATION IMMEDIATE 
  PCTFREE 10 PCTUSED 40 INITRANS 1 MAXTRANS 255 
 NOCOMPRESS LOGGING
  STORAGE(INITIAL 65536 NEXT 1048576 MINEXTENTS 1 MAXEXTENTS 2147483645
  PCTINCREASE 0 FREELISTS 1 FREELIST GROUPS 1
  BUFFER_POOL DEFAULT FLASH_CACHE DEFAULT CELL_FLASH_CACHE DEFAULT)
  TABLESPACE "USERS" ;
--------------------------------------------------------
--  DDL for Table ITEM_CATEGORIES
--------------------------------------------------------

  CREATE TABLE "FITLOG"."ITEM_CATEGORIES" 
   (	"ID" NUMBER GENERATED ALWAYS AS IDENTITY MINVALUE 1 MAXVALUE 9999999999999999999999999999 INCREMENT BY 1 START WITH 1 CACHE 20 NOORDER  NOCYCLE  NOKEEP  NOSCALE , 
	"VALUE" VARCHAR2(20 BYTE), 
	"LABEL" VARCHAR2(30 BYTE), 
	"SORT_ORDER" NUMBER DEFAULT 0
   ) SEGMENT CREATION IMMEDIATE 
  PCTFREE 10 PCTUSED 40 INITRANS 1 MAXTRANS 255 
 NOCOMPRESS LOGGING
  STORAGE(INITIAL 65536 NEXT 1048576 MINEXTENTS 1 MAXEXTENTS 2147483645
  PCTINCREASE 0 FREELISTS 1 FREELIST GROUPS 1
  BUFFER_POOL DEFAULT FLASH_CACHE DEFAULT CELL_FLASH_CACHE DEFAULT)
  TABLESPACE "USERS" ;
--------------------------------------------------------
--  DDL for Table LIKES
--------------------------------------------------------

  CREATE TABLE "FITLOG"."LIKES" 
   (	"ID" NUMBER(10,0) GENERATED ALWAYS AS IDENTITY MINVALUE 1 MAXVALUE 9999999999999999999999999999 INCREMENT BY 1 START WITH 1 CACHE 20 NOORDER  NOCYCLE  NOKEEP  NOSCALE , 
	"USER_ID" NUMBER(10,0), 
	"POST_ID" NUMBER(10,0), 
	"CREATED_AT" TIMESTAMP (6) DEFAULT CURRENT_TIMESTAMP
   ) SEGMENT CREATION IMMEDIATE 
  PCTFREE 10 PCTUSED 40 INITRANS 1 MAXTRANS 255 
 NOCOMPRESS LOGGING
  STORAGE(INITIAL 65536 NEXT 1048576 MINEXTENTS 1 MAXEXTENTS 2147483645
  PCTINCREASE 0 FREELISTS 1 FREELIST GROUPS 1
  BUFFER_POOL DEFAULT FLASH_CACHE DEFAULT CELL_FLASH_CACHE DEFAULT)
  TABLESPACE "USERS" ;
--------------------------------------------------------
--  DDL for Table NOTIFICATIONS
--------------------------------------------------------

  CREATE TABLE "FITLOG"."NOTIFICATIONS" 
   (	"ID" NUMBER(10,0) GENERATED ALWAYS AS IDENTITY MINVALUE 1 MAXVALUE 9999999999999999999999999999 INCREMENT BY 1 START WITH 1 CACHE 20 NOORDER  NOCYCLE  NOKEEP  NOSCALE , 
	"USER_ID" NUMBER(10,0), 
	"SENDER_ID" NUMBER(10,0), 
	"TYPE" VARCHAR2(20 BYTE), 
	"POST_ID" NUMBER(10,0), 
	"COMMENT_ID" NUMBER(10,0), 
	"IS_READ" NUMBER(1,0) DEFAULT 0, 
	"CREATED_AT" TIMESTAMP (6) DEFAULT CURRENT_TIMESTAMP
   ) SEGMENT CREATION IMMEDIATE 
  PCTFREE 10 PCTUSED 40 INITRANS 1 MAXTRANS 255 
 NOCOMPRESS LOGGING
  STORAGE(INITIAL 65536 NEXT 1048576 MINEXTENTS 1 MAXEXTENTS 2147483645
  PCTINCREASE 0 FREELISTS 1 FREELIST GROUPS 1
  BUFFER_POOL DEFAULT FLASH_CACHE DEFAULT CELL_FLASH_CACHE DEFAULT)
  TABLESPACE "USERS" ;
--------------------------------------------------------
--  DDL for Table POSTS
--------------------------------------------------------

  CREATE TABLE "FITLOG"."POSTS" 
   (	"ID" NUMBER(10,0) GENERATED ALWAYS AS IDENTITY MINVALUE 1 MAXVALUE 9999999999999999999999999999 INCREMENT BY 1 START WITH 1 CACHE 20 NOORDER  NOCYCLE  NOKEEP  NOSCALE , 
	"USER_ID" NUMBER(10,0), 
	"TITLE" VARCHAR2(200 BYTE), 
	"CONTENT" CLOB, 
	"STYLE" VARCHAR2(30 BYTE), 
	"TAGS" CLOB, 
	"LIKES_COUNT" NUMBER(10,0) DEFAULT 0, 
	"COMMENTS_COUNT" NUMBER(10,0) DEFAULT 0, 
	"BOOKMARKS_COUNT" NUMBER(10,0) DEFAULT 0, 
	"CREATED_AT" TIMESTAMP (6) DEFAULT CURRENT_TIMESTAMP, 
	"UPDATED_AT" TIMESTAMP (6) DEFAULT CURRENT_TIMESTAMP, 
	"IS_DELETED" NUMBER(1,0) DEFAULT 0, 
	"REPOST_COUNT" NUMBER DEFAULT 0, 
	"REPOST_ORIGIN_ID" NUMBER, 
	"WIN_COUNT" NUMBER DEFAULT 0
   ) SEGMENT CREATION IMMEDIATE 
  PCTFREE 10 PCTUSED 40 INITRANS 1 MAXTRANS 255 
 NOCOMPRESS LOGGING
  STORAGE(INITIAL 65536 NEXT 1048576 MINEXTENTS 1 MAXEXTENTS 2147483645
  PCTINCREASE 0 FREELISTS 1 FREELIST GROUPS 1
  BUFFER_POOL DEFAULT FLASH_CACHE DEFAULT CELL_FLASH_CACHE DEFAULT)
  TABLESPACE "USERS" 
 LOB ("CONTENT") STORE AS SECUREFILE (
  TABLESPACE "USERS" ENABLE STORAGE IN ROW 4000 CHUNK 8192
  NOCACHE LOGGING  NOCOMPRESS  KEEP_DUPLICATES 
  STORAGE(INITIAL 262144 NEXT 1048576 MINEXTENTS 1 MAXEXTENTS 2147483645
  PCTINCREASE 0
  BUFFER_POOL DEFAULT FLASH_CACHE DEFAULT CELL_FLASH_CACHE DEFAULT)) 
 LOB ("TAGS") STORE AS SECUREFILE (
  TABLESPACE "USERS" ENABLE STORAGE IN ROW 4000 CHUNK 8192
  NOCACHE LOGGING  NOCOMPRESS  KEEP_DUPLICATES 
  STORAGE(INITIAL 262144 NEXT 1048576 MINEXTENTS 1 MAXEXTENTS 2147483645
  PCTINCREASE 0
  BUFFER_POOL DEFAULT FLASH_CACHE DEFAULT CELL_FLASH_CACHE DEFAULT)) ;
--------------------------------------------------------
--  DDL for Table POST_IMAGES
--------------------------------------------------------

  CREATE TABLE "FITLOG"."POST_IMAGES" 
   (	"ID" NUMBER(10,0) GENERATED ALWAYS AS IDENTITY MINVALUE 1 MAXVALUE 9999999999999999999999999999 INCREMENT BY 1 START WITH 1 CACHE 20 NOORDER  NOCYCLE  NOKEEP  NOSCALE , 
	"POST_ID" NUMBER(10,0), 
	"IMAGE_URL" VARCHAR2(500 BYTE), 
	"SORT_ORDER" NUMBER(5,0) DEFAULT 0, 
	"CREATED_AT" TIMESTAMP (6) DEFAULT CURRENT_TIMESTAMP
   ) SEGMENT CREATION IMMEDIATE 
  PCTFREE 10 PCTUSED 40 INITRANS 1 MAXTRANS 255 
 NOCOMPRESS LOGGING
  STORAGE(INITIAL 65536 NEXT 1048576 MINEXTENTS 1 MAXEXTENTS 2147483645
  PCTINCREASE 0 FREELISTS 1 FREELIST GROUPS 1
  BUFFER_POOL DEFAULT FLASH_CACHE DEFAULT CELL_FLASH_CACHE DEFAULT)
  TABLESPACE "USERS" ;
--------------------------------------------------------
--  DDL for Table POST_ITEMS
--------------------------------------------------------

  CREATE TABLE "FITLOG"."POST_ITEMS" 
   (	"ID" NUMBER(10,0) GENERATED ALWAYS AS IDENTITY MINVALUE 1 MAXVALUE 9999999999999999999999999999 INCREMENT BY 1 START WITH 1 CACHE 20 NOORDER  NOCYCLE  NOKEEP  NOSCALE , 
	"POST_ID" NUMBER(10,0), 
	"BRAND_NAME" VARCHAR2(100 BYTE), 
	"ITEM_NAME" VARCHAR2(200 BYTE), 
	"CATEGORY" VARCHAR2(20 BYTE), 
	"PURCHASE_URL" VARCHAR2(500 BYTE), 
	"PRICE" NUMBER(10,2), 
	"CURRENCY" VARCHAR2(10 BYTE) DEFAULT 'KRW', 
	"SIZE_PURCHASED" VARCHAR2(20 BYTE), 
	"FIT_REVIEW" VARCHAR2(10 BYTE), 
	"RATING" NUMBER(1,0), 
	"REVIEW_TEXT" CLOB, 
	"CREATED_AT" TIMESTAMP (6) DEFAULT CURRENT_TIMESTAMP
   ) SEGMENT CREATION IMMEDIATE 
  PCTFREE 10 PCTUSED 40 INITRANS 1 MAXTRANS 255 
 NOCOMPRESS LOGGING
  STORAGE(INITIAL 65536 NEXT 1048576 MINEXTENTS 1 MAXEXTENTS 2147483645
  PCTINCREASE 0 FREELISTS 1 FREELIST GROUPS 1
  BUFFER_POOL DEFAULT FLASH_CACHE DEFAULT CELL_FLASH_CACHE DEFAULT)
  TABLESPACE "USERS" 
 LOB ("REVIEW_TEXT") STORE AS SECUREFILE (
  TABLESPACE "USERS" ENABLE STORAGE IN ROW 4000 CHUNK 8192
  NOCACHE LOGGING  NOCOMPRESS  KEEP_DUPLICATES 
  STORAGE(INITIAL 262144 NEXT 1048576 MINEXTENTS 1 MAXEXTENTS 2147483645
  PCTINCREASE 0
  BUFFER_POOL DEFAULT FLASH_CACHE DEFAULT CELL_FLASH_CACHE DEFAULT)) ;
--------------------------------------------------------
--  DDL for Table POST_TAGS
--------------------------------------------------------

  CREATE TABLE "FITLOG"."POST_TAGS" 
   (	"ID" NUMBER GENERATED ALWAYS AS IDENTITY MINVALUE 1 MAXVALUE 9999999999999999999999999999 INCREMENT BY 1 START WITH 1 CACHE 20 NOORDER  NOCYCLE  NOKEEP  NOSCALE , 
	"POST_ID" NUMBER, 
	"USER_ID" NUMBER, 
	"CREATED_AT" TIMESTAMP (6) DEFAULT CURRENT_TIMESTAMP
   ) SEGMENT CREATION IMMEDIATE 
  PCTFREE 10 PCTUSED 40 INITRANS 1 MAXTRANS 255 
 NOCOMPRESS LOGGING
  STORAGE(INITIAL 65536 NEXT 1048576 MINEXTENTS 1 MAXEXTENTS 2147483645
  PCTINCREASE 0 FREELISTS 1 FREELIST GROUPS 1
  BUFFER_POOL DEFAULT FLASH_CACHE DEFAULT CELL_FLASH_CACHE DEFAULT)
  TABLESPACE "USERS" ;
--------------------------------------------------------
--  DDL for Table STORIES
--------------------------------------------------------

  CREATE TABLE "FITLOG"."STORIES" 
   (	"ID" NUMBER(10,0) GENERATED ALWAYS AS IDENTITY MINVALUE 1 MAXVALUE 9999999999999999999999999999 INCREMENT BY 1 START WITH 1 CACHE 20 NOORDER  NOCYCLE  NOKEEP  NOSCALE , 
	"USER_ID" NUMBER(10,0), 
	"IMAGE_URL" VARCHAR2(500 BYTE), 
	"CREATED_AT" TIMESTAMP (6) DEFAULT CURRENT_TIMESTAMP, 
	"EXPIRES_AT" TIMESTAMP (6) DEFAULT (CURRENT_TIMESTAMP + INTERVAL '24' HOUR)
   ) SEGMENT CREATION IMMEDIATE 
  PCTFREE 10 PCTUSED 40 INITRANS 1 MAXTRANS 255 
 NOCOMPRESS LOGGING
  STORAGE(INITIAL 65536 NEXT 1048576 MINEXTENTS 1 MAXEXTENTS 2147483645
  PCTINCREASE 0 FREELISTS 1 FREELIST GROUPS 1
  BUFFER_POOL DEFAULT FLASH_CACHE DEFAULT CELL_FLASH_CACHE DEFAULT)
  TABLESPACE "USERS" ;
--------------------------------------------------------
--  DDL for Table STORY_TAGS
--------------------------------------------------------

  CREATE TABLE "FITLOG"."STORY_TAGS" 
   (	"ID" NUMBER GENERATED ALWAYS AS IDENTITY MINVALUE 1 MAXVALUE 9999999999999999999999999999 INCREMENT BY 1 START WITH 1 CACHE 20 NOORDER  NOCYCLE  NOKEEP  NOSCALE , 
	"STORY_ID" NUMBER, 
	"USER_ID" NUMBER, 
	"CREATED_AT" TIMESTAMP (6) DEFAULT CURRENT_TIMESTAMP
   ) SEGMENT CREATION IMMEDIATE 
  PCTFREE 10 PCTUSED 40 INITRANS 1 MAXTRANS 255 
 NOCOMPRESS LOGGING
  STORAGE(INITIAL 65536 NEXT 1048576 MINEXTENTS 1 MAXEXTENTS 2147483645
  PCTINCREASE 0 FREELISTS 1 FREELIST GROUPS 1
  BUFFER_POOL DEFAULT FLASH_CACHE DEFAULT CELL_FLASH_CACHE DEFAULT)
  TABLESPACE "USERS" ;
--------------------------------------------------------
--  DDL for Table STORY_VIEWS
--------------------------------------------------------

  CREATE TABLE "FITLOG"."STORY_VIEWS" 
   (	"ID" NUMBER(10,0) GENERATED ALWAYS AS IDENTITY MINVALUE 1 MAXVALUE 9999999999999999999999999999 INCREMENT BY 1 START WITH 1 CACHE 20 NOORDER  NOCYCLE  NOKEEP  NOSCALE , 
	"STORY_ID" NUMBER(10,0), 
	"USER_ID" NUMBER(10,0), 
	"CREATED_AT" TIMESTAMP (6) DEFAULT CURRENT_TIMESTAMP
   ) SEGMENT CREATION IMMEDIATE 
  PCTFREE 10 PCTUSED 40 INITRANS 1 MAXTRANS 255 
 NOCOMPRESS LOGGING
  STORAGE(INITIAL 65536 NEXT 1048576 MINEXTENTS 1 MAXEXTENTS 2147483645
  PCTINCREASE 0 FREELISTS 1 FREELIST GROUPS 1
  BUFFER_POOL DEFAULT FLASH_CACHE DEFAULT CELL_FLASH_CACHE DEFAULT)
  TABLESPACE "USERS" ;
--------------------------------------------------------
--  DDL for Table STYLES
--------------------------------------------------------

  CREATE TABLE "FITLOG"."STYLES" 
   (	"ID" NUMBER(10,0) GENERATED ALWAYS AS IDENTITY MINVALUE 1 MAXVALUE 9999999999999999999999999999 INCREMENT BY 1 START WITH 1 CACHE 20 NOORDER  NOCYCLE  NOKEEP  NOSCALE , 
	"VALUE" VARCHAR2(30 BYTE), 
	"LABEL" VARCHAR2(30 BYTE), 
	"ICON" VARCHAR2(10 BYTE), 
	"DESCRIPTION" VARCHAR2(100 BYTE), 
	"SORT_ORDER" NUMBER(5,0) DEFAULT 0, 
	"IS_ACTIVE" NUMBER(1,0) DEFAULT 1, 
	"COLOR" VARCHAR2(20 BYTE)
   ) SEGMENT CREATION IMMEDIATE 
  PCTFREE 10 PCTUSED 40 INITRANS 1 MAXTRANS 255 
 NOCOMPRESS LOGGING
  STORAGE(INITIAL 65536 NEXT 1048576 MINEXTENTS 1 MAXEXTENTS 2147483645
  PCTINCREASE 0 FREELISTS 1 FREELIST GROUPS 1
  BUFFER_POOL DEFAULT FLASH_CACHE DEFAULT CELL_FLASH_CACHE DEFAULT)
  TABLESPACE "USERS" ;
--------------------------------------------------------
--  DDL for Table USERS
--------------------------------------------------------

  CREATE TABLE "FITLOG"."USERS" 
   (	"ID" NUMBER(10,0) GENERATED ALWAYS AS IDENTITY MINVALUE 1 MAXVALUE 9999999999999999999999999999 INCREMENT BY 1 START WITH 1 CACHE 20 NOORDER  NOCYCLE  NOKEEP  NOSCALE , 
	"USERNAME" VARCHAR2(50 BYTE), 
	"EMAIL" VARCHAR2(100 BYTE), 
	"PASSWORD_HASH" VARCHAR2(255 BYTE), 
	"PROFILE_IMAGE" VARCHAR2(500 BYTE), 
	"BIO" CLOB, 
	"HEIGHT" NUMBER(3,0), 
	"WEIGHT" NUMBER(3,0), 
	"PREFERRED_STYLE" VARCHAR2(30 BYTE), 
	"STYLE_1" VARCHAR2(30 BYTE), 
	"STYLE_2" VARCHAR2(30 BYTE), 
	"IS_ONLINE" NUMBER(1,0) DEFAULT 0, 
	"LAST_SEEN_AT" TIMESTAMP (6), 
	"REFRESH_TOKEN" VARCHAR2(500 BYTE), 
	"SOCIAL_PROVIDER" VARCHAR2(20 BYTE), 
	"SOCIAL_ID" VARCHAR2(100 BYTE), 
	"CREATED_AT" TIMESTAMP (6) DEFAULT CURRENT_TIMESTAMP, 
	"UPDATED_AT" TIMESTAMP (6) DEFAULT CURRENT_TIMESTAMP, 
	"IS_ACTIVE" NUMBER(1,0) DEFAULT 1, 
	"STYLE_ARCHETYPE" VARCHAR2(50 BYTE), 
	"STYLE_ARCHETYPE_DESC" VARCHAR2(200 BYTE), 
	"TOTAL_WINS" NUMBER DEFAULT 0
   ) SEGMENT CREATION IMMEDIATE 
  PCTFREE 10 PCTUSED 40 INITRANS 1 MAXTRANS 255 
 NOCOMPRESS LOGGING
  STORAGE(INITIAL 65536 NEXT 1048576 MINEXTENTS 1 MAXEXTENTS 2147483645
  PCTINCREASE 0 FREELISTS 1 FREELIST GROUPS 1
  BUFFER_POOL DEFAULT FLASH_CACHE DEFAULT CELL_FLASH_CACHE DEFAULT)
  TABLESPACE "USERS" 
 LOB ("BIO") STORE AS SECUREFILE (
  TABLESPACE "USERS" ENABLE STORAGE IN ROW 4000 CHUNK 8192
  NOCACHE LOGGING  NOCOMPRESS  KEEP_DUPLICATES 
  STORAGE(INITIAL 262144 NEXT 1048576 MINEXTENTS 1 MAXEXTENTS 2147483645
  PCTINCREASE 0
  BUFFER_POOL DEFAULT FLASH_CACHE DEFAULT CELL_FLASH_CACHE DEFAULT)) ;
--------------------------------------------------------
--  DDL for Table USER_BLOCKS
--------------------------------------------------------

  CREATE TABLE "FITLOG"."USER_BLOCKS" 
   (	"ID" NUMBER GENERATED ALWAYS AS IDENTITY MINVALUE 1 MAXVALUE 9999999999999999999999999999 INCREMENT BY 1 START WITH 1 CACHE 20 NOORDER  NOCYCLE  NOKEEP  NOSCALE , 
	"BLOCKER_ID" NUMBER, 
	"BLOCKED_ID" NUMBER, 
	"CREATED_AT" TIMESTAMP (6) DEFAULT CURRENT_TIMESTAMP
   ) SEGMENT CREATION DEFERRED 
  PCTFREE 10 PCTUSED 40 INITRANS 1 MAXTRANS 255 
 NOCOMPRESS LOGGING
  TABLESPACE "USERS" ;
--------------------------------------------------------
--  DDL for Table USER_REPORTS
--------------------------------------------------------

  CREATE TABLE "FITLOG"."USER_REPORTS" 
   (	"ID" NUMBER GENERATED ALWAYS AS IDENTITY MINVALUE 1 MAXVALUE 9999999999999999999999999999 INCREMENT BY 1 START WITH 1 CACHE 20 NOORDER  NOCYCLE  NOKEEP  NOSCALE , 
	"REPORTER_ID" NUMBER, 
	"REPORTED_ID" NUMBER, 
	"REASON" VARCHAR2(200 BYTE), 
	"CREATED_AT" TIMESTAMP (6) DEFAULT CURRENT_TIMESTAMP
   ) SEGMENT CREATION DEFERRED 
  PCTFREE 10 PCTUSED 40 INITRANS 1 MAXTRANS 255 
 NOCOMPRESS LOGGING
  TABLESPACE "USERS" ;
--------------------------------------------------------
--  DDL for Table USER_STYLE_PREFS
--------------------------------------------------------

  CREATE TABLE "FITLOG"."USER_STYLE_PREFS" 
   (	"ID" NUMBER(10,0) GENERATED ALWAYS AS IDENTITY MINVALUE 1 MAXVALUE 9999999999999999999999999999 INCREMENT BY 1 START WITH 1 CACHE 20 NOORDER  NOCYCLE  NOKEEP  NOSCALE , 
	"USER_ID" NUMBER(10,0), 
	"STYLE" VARCHAR2(30 BYTE), 
	"SCORE" NUMBER(10,0) DEFAULT 0, 
	"UPDATED_AT" TIMESTAMP (6) DEFAULT CURRENT_TIMESTAMP
   ) SEGMENT CREATION IMMEDIATE 
  PCTFREE 10 PCTUSED 40 INITRANS 1 MAXTRANS 255 
 NOCOMPRESS LOGGING
  STORAGE(INITIAL 65536 NEXT 1048576 MINEXTENTS 1 MAXEXTENTS 2147483645
  PCTINCREASE 0 FREELISTS 1 FREELIST GROUPS 1
  BUFFER_POOL DEFAULT FLASH_CACHE DEFAULT CELL_FLASH_CACHE DEFAULT)
  TABLESPACE "USERS" ;
REM INSERTING into FITLOG.BOOKMARKS
SET DEFINE OFF;
Insert into FITLOG.BOOKMARKS (ID,USER_ID,POST_ID,CREATED_AT) values (23,14,74,to_timestamp('26/06/01 15:21:08.002000000','RR/MM/DD HH24:MI:SSXFF'));
Insert into FITLOG.BOOKMARKS (ID,USER_ID,POST_ID,CREATED_AT) values (41,11,107,to_timestamp('26/06/15 11:16:57.559000000','RR/MM/DD HH24:MI:SSXFF'));
Insert into FITLOG.BOOKMARKS (ID,USER_ID,POST_ID,CREATED_AT) values (24,11,66,to_timestamp('26/06/01 15:23:56.895000000','RR/MM/DD HH24:MI:SSXFF'));
Insert into FITLOG.BOOKMARKS (ID,USER_ID,POST_ID,CREATED_AT) values (25,1,77,to_timestamp('26/06/01 16:41:43.902000000','RR/MM/DD HH24:MI:SSXFF'));
Insert into FITLOG.BOOKMARKS (ID,USER_ID,POST_ID,CREATED_AT) values (26,11,100,to_timestamp('26/06/02 15:13:55.624000000','RR/MM/DD HH24:MI:SSXFF'));
Insert into FITLOG.BOOKMARKS (ID,USER_ID,POST_ID,CREATED_AT) values (21,1,63,to_timestamp('26/06/01 10:34:09.646000000','RR/MM/DD HH24:MI:SSXFF'));
Insert into FITLOG.BOOKMARKS (ID,USER_ID,POST_ID,CREATED_AT) values (1,4,5,to_timestamp('26/05/29 12:28:25.731000000','RR/MM/DD HH24:MI:SSXFF'));
Insert into FITLOG.BOOKMARKS (ID,USER_ID,POST_ID,CREATED_AT) values (2,4,3,to_timestamp('26/05/29 12:28:33.884000000','RR/MM/DD HH24:MI:SSXFF'));
Insert into FITLOG.BOOKMARKS (ID,USER_ID,POST_ID,CREATED_AT) values (27,17,102,to_timestamp('26/06/04 14:56:29.845000000','RR/MM/DD HH24:MI:SSXFF'));
REM INSERTING into FITLOG.CHAT_MESSAGES
SET DEFINE OFF;
Insert into FITLOG.CHAT_MESSAGES (ID,ROOM_ID,SENDER_ID,MESSAGE_TYPE,IMAGE_URL,IS_DELETED,CREATED_AT) values (4,1,1,'text',null,0,to_timestamp('26/06/01 09:41:28.570000000','RR/MM/DD HH24:MI:SSXFF'));
Insert into FITLOG.CHAT_MESSAGES (ID,ROOM_ID,SENDER_ID,MESSAGE_TYPE,IMAGE_URL,IS_DELETED,CREATED_AT) values (5,1,11,'text',null,0,to_timestamp('26/06/01 09:41:36.793000000','RR/MM/DD HH24:MI:SSXFF'));
Insert into FITLOG.CHAT_MESSAGES (ID,ROOM_ID,SENDER_ID,MESSAGE_TYPE,IMAGE_URL,IS_DELETED,CREATED_AT) values (7,1,1,'text',null,0,to_timestamp('26/06/01 10:04:56.764000000','RR/MM/DD HH24:MI:SSXFF'));
Insert into FITLOG.CHAT_MESSAGES (ID,ROOM_ID,SENDER_ID,MESSAGE_TYPE,IMAGE_URL,IS_DELETED,CREATED_AT) values (8,1,11,'text',null,0,to_timestamp('26/06/01 10:06:17.365000000','RR/MM/DD HH24:MI:SSXFF'));
Insert into FITLOG.CHAT_MESSAGES (ID,ROOM_ID,SENDER_ID,MESSAGE_TYPE,IMAGE_URL,IS_DELETED,CREATED_AT) values (9,1,11,'text',null,0,to_timestamp('26/06/01 10:06:18.565000000','RR/MM/DD HH24:MI:SSXFF'));
Insert into FITLOG.CHAT_MESSAGES (ID,ROOM_ID,SENDER_ID,MESSAGE_TYPE,IMAGE_URL,IS_DELETED,CREATED_AT) values (10,1,11,'text',null,0,to_timestamp('26/06/01 10:06:20.013000000','RR/MM/DD HH24:MI:SSXFF'));
Insert into FITLOG.CHAT_MESSAGES (ID,ROOM_ID,SENDER_ID,MESSAGE_TYPE,IMAGE_URL,IS_DELETED,CREATED_AT) values (11,1,11,'text',null,0,to_timestamp('26/06/01 10:06:27.285000000','RR/MM/DD HH24:MI:SSXFF'));
Insert into FITLOG.CHAT_MESSAGES (ID,ROOM_ID,SENDER_ID,MESSAGE_TYPE,IMAGE_URL,IS_DELETED,CREATED_AT) values (12,1,11,'text',null,0,to_timestamp('26/06/01 10:06:27.909000000','RR/MM/DD HH24:MI:SSXFF'));
Insert into FITLOG.CHAT_MESSAGES (ID,ROOM_ID,SENDER_ID,MESSAGE_TYPE,IMAGE_URL,IS_DELETED,CREATED_AT) values (13,1,11,'text',null,0,to_timestamp('26/06/01 10:06:29.909000000','RR/MM/DD HH24:MI:SSXFF'));
Insert into FITLOG.CHAT_MESSAGES (ID,ROOM_ID,SENDER_ID,MESSAGE_TYPE,IMAGE_URL,IS_DELETED,CREATED_AT) values (50,25,1,'text',null,0,to_timestamp('26/06/02 10:31:21.625000000','RR/MM/DD HH24:MI:SSXFF'));
Insert into FITLOG.CHAT_MESSAGES (ID,ROOM_ID,SENDER_ID,MESSAGE_TYPE,IMAGE_URL,IS_DELETED,CREATED_AT) values (51,25,11,'text',null,0,to_timestamp('26/06/02 10:32:34.475000000','RR/MM/DD HH24:MI:SSXFF'));
Insert into FITLOG.CHAT_MESSAGES (ID,ROOM_ID,SENDER_ID,MESSAGE_TYPE,IMAGE_URL,IS_DELETED,CREATED_AT) values (52,25,11,'text',null,0,to_timestamp('26/06/02 10:32:36.515000000','RR/MM/DD HH24:MI:SSXFF'));
Insert into FITLOG.CHAT_MESSAGES (ID,ROOM_ID,SENDER_ID,MESSAGE_TYPE,IMAGE_URL,IS_DELETED,CREATED_AT) values (53,25,11,'text',null,0,to_timestamp('26/06/02 10:32:37.515000000','RR/MM/DD HH24:MI:SSXFF'));
Insert into FITLOG.CHAT_MESSAGES (ID,ROOM_ID,SENDER_ID,MESSAGE_TYPE,IMAGE_URL,IS_DELETED,CREATED_AT) values (54,25,11,'text',null,0,to_timestamp('26/06/02 10:32:38.020000000','RR/MM/DD HH24:MI:SSXFF'));
Insert into FITLOG.CHAT_MESSAGES (ID,ROOM_ID,SENDER_ID,MESSAGE_TYPE,IMAGE_URL,IS_DELETED,CREATED_AT) values (55,25,11,'text',null,0,to_timestamp('26/06/02 10:32:42.827000000','RR/MM/DD HH24:MI:SSXFF'));
Insert into FITLOG.CHAT_MESSAGES (ID,ROOM_ID,SENDER_ID,MESSAGE_TYPE,IMAGE_URL,IS_DELETED,CREATED_AT) values (56,25,11,'text',null,0,to_timestamp('26/06/02 10:32:43.987000000','RR/MM/DD HH24:MI:SSXFF'));
Insert into FITLOG.CHAT_MESSAGES (ID,ROOM_ID,SENDER_ID,MESSAGE_TYPE,IMAGE_URL,IS_DELETED,CREATED_AT) values (57,25,11,'text',null,0,to_timestamp('26/06/02 10:32:45.852000000','RR/MM/DD HH24:MI:SSXFF'));
Insert into FITLOG.CHAT_MESSAGES (ID,ROOM_ID,SENDER_ID,MESSAGE_TYPE,IMAGE_URL,IS_DELETED,CREATED_AT) values (58,25,11,'text',null,0,to_timestamp('26/06/02 10:32:46.955000000','RR/MM/DD HH24:MI:SSXFF'));
Insert into FITLOG.CHAT_MESSAGES (ID,ROOM_ID,SENDER_ID,MESSAGE_TYPE,IMAGE_URL,IS_DELETED,CREATED_AT) values (59,25,11,'text',null,0,to_timestamp('26/06/02 10:32:47.963000000','RR/MM/DD HH24:MI:SSXFF'));
Insert into FITLOG.CHAT_MESSAGES (ID,ROOM_ID,SENDER_ID,MESSAGE_TYPE,IMAGE_URL,IS_DELETED,CREATED_AT) values (60,25,11,'text',null,0,to_timestamp('26/06/02 10:32:48.827000000','RR/MM/DD HH24:MI:SSXFF'));
Insert into FITLOG.CHAT_MESSAGES (ID,ROOM_ID,SENDER_ID,MESSAGE_TYPE,IMAGE_URL,IS_DELETED,CREATED_AT) values (62,26,1,'text',null,0,to_timestamp('26/06/02 10:56:04.984000000','RR/MM/DD HH24:MI:SSXFF'));
Insert into FITLOG.CHAT_MESSAGES (ID,ROOM_ID,SENDER_ID,MESSAGE_TYPE,IMAGE_URL,IS_DELETED,CREATED_AT) values (63,26,1,'text',null,0,to_timestamp('26/06/02 10:56:44.320000000','RR/MM/DD HH24:MI:SSXFF'));
Insert into FITLOG.CHAT_MESSAGES (ID,ROOM_ID,SENDER_ID,MESSAGE_TYPE,IMAGE_URL,IS_DELETED,CREATED_AT) values (64,26,1,'text',null,0,to_timestamp('26/06/02 10:56:47.152000000','RR/MM/DD HH24:MI:SSXFF'));
Insert into FITLOG.CHAT_MESSAGES (ID,ROOM_ID,SENDER_ID,MESSAGE_TYPE,IMAGE_URL,IS_DELETED,CREATED_AT) values (74,26,11,'text',null,0,to_timestamp('26/06/02 11:12:10.922000000','RR/MM/DD HH24:MI:SSXFF'));
Insert into FITLOG.CHAT_MESSAGES (ID,ROOM_ID,SENDER_ID,MESSAGE_TYPE,IMAGE_URL,IS_DELETED,CREATED_AT) values (126,41,11,'story_reply','/uploads/af624090-0d66-4357-b146-12ad92db41f2.png',0,to_timestamp('26/06/15 14:48:30.915000000','RR/MM/DD HH24:MI:SSXFF'));
Insert into FITLOG.CHAT_MESSAGES (ID,ROOM_ID,SENDER_ID,MESSAGE_TYPE,IMAGE_URL,IS_DELETED,CREATED_AT) values (1,1,11,'text',null,0,to_timestamp('26/05/29 18:06:31.199000000','RR/MM/DD HH24:MI:SSXFF'));
Insert into FITLOG.CHAT_MESSAGES (ID,ROOM_ID,SENDER_ID,MESSAGE_TYPE,IMAGE_URL,IS_DELETED,CREATED_AT) values (2,1,1,'text',null,0,to_timestamp('26/05/29 18:06:42.707000000','RR/MM/DD HH24:MI:SSXFF'));
Insert into FITLOG.CHAT_MESSAGES (ID,ROOM_ID,SENDER_ID,MESSAGE_TYPE,IMAGE_URL,IS_DELETED,CREATED_AT) values (3,1,1,'text',null,0,to_timestamp('26/05/29 18:06:50.723000000','RR/MM/DD HH24:MI:SSXFF'));
Insert into FITLOG.CHAT_MESSAGES (ID,ROOM_ID,SENDER_ID,MESSAGE_TYPE,IMAGE_URL,IS_DELETED,CREATED_AT) values (6,1,1,'image','/uploads/18017b91-0558-435e-936e-ac73757b95d7.png',0,to_timestamp('26/06/01 09:54:58.169000000','RR/MM/DD HH24:MI:SSXFF'));
Insert into FITLOG.CHAT_MESSAGES (ID,ROOM_ID,SENDER_ID,MESSAGE_TYPE,IMAGE_URL,IS_DELETED,CREATED_AT) values (32,1,1,'text',null,0,to_timestamp('26/06/01 10:20:36.914000000','RR/MM/DD HH24:MI:SSXFF'));
Insert into FITLOG.CHAT_MESSAGES (ID,ROOM_ID,SENDER_ID,MESSAGE_TYPE,IMAGE_URL,IS_DELETED,CREATED_AT) values (33,1,1,'text',null,0,to_timestamp('26/06/01 10:20:37.210000000','RR/MM/DD HH24:MI:SSXFF'));
Insert into FITLOG.CHAT_MESSAGES (ID,ROOM_ID,SENDER_ID,MESSAGE_TYPE,IMAGE_URL,IS_DELETED,CREATED_AT) values (34,1,1,'text',null,0,to_timestamp('26/06/01 10:20:37.442000000','RR/MM/DD HH24:MI:SSXFF'));
Insert into FITLOG.CHAT_MESSAGES (ID,ROOM_ID,SENDER_ID,MESSAGE_TYPE,IMAGE_URL,IS_DELETED,CREATED_AT) values (35,1,1,'text',null,0,to_timestamp('26/06/01 10:20:37.633000000','RR/MM/DD HH24:MI:SSXFF'));
Insert into FITLOG.CHAT_MESSAGES (ID,ROOM_ID,SENDER_ID,MESSAGE_TYPE,IMAGE_URL,IS_DELETED,CREATED_AT) values (36,1,1,'text',null,0,to_timestamp('26/06/01 10:20:37.827000000','RR/MM/DD HH24:MI:SSXFF'));
Insert into FITLOG.CHAT_MESSAGES (ID,ROOM_ID,SENDER_ID,MESSAGE_TYPE,IMAGE_URL,IS_DELETED,CREATED_AT) values (37,1,1,'text',null,0,to_timestamp('26/06/01 10:20:38.018000000','RR/MM/DD HH24:MI:SSXFF'));
Insert into FITLOG.CHAT_MESSAGES (ID,ROOM_ID,SENDER_ID,MESSAGE_TYPE,IMAGE_URL,IS_DELETED,CREATED_AT) values (38,1,1,'text',null,0,to_timestamp('26/06/01 10:20:38.210000000','RR/MM/DD HH24:MI:SSXFF'));
Insert into FITLOG.CHAT_MESSAGES (ID,ROOM_ID,SENDER_ID,MESSAGE_TYPE,IMAGE_URL,IS_DELETED,CREATED_AT) values (39,1,1,'text',null,0,to_timestamp('26/06/01 10:20:38.378000000','RR/MM/DD HH24:MI:SSXFF'));
Insert into FITLOG.CHAT_MESSAGES (ID,ROOM_ID,SENDER_ID,MESSAGE_TYPE,IMAGE_URL,IS_DELETED,CREATED_AT) values (40,1,11,'text',null,0,to_timestamp('26/06/01 10:20:45.386000000','RR/MM/DD HH24:MI:SSXFF'));
Insert into FITLOG.CHAT_MESSAGES (ID,ROOM_ID,SENDER_ID,MESSAGE_TYPE,IMAGE_URL,IS_DELETED,CREATED_AT) values (41,1,11,'text',null,0,to_timestamp('26/06/01 10:20:45.586000000','RR/MM/DD HH24:MI:SSXFF'));
Insert into FITLOG.CHAT_MESSAGES (ID,ROOM_ID,SENDER_ID,MESSAGE_TYPE,IMAGE_URL,IS_DELETED,CREATED_AT) values (42,1,11,'text',null,0,to_timestamp('26/06/01 10:20:45.761000000','RR/MM/DD HH24:MI:SSXFF'));
Insert into FITLOG.CHAT_MESSAGES (ID,ROOM_ID,SENDER_ID,MESSAGE_TYPE,IMAGE_URL,IS_DELETED,CREATED_AT) values (43,1,11,'text',null,0,to_timestamp('26/06/01 10:20:45.930000000','RR/MM/DD HH24:MI:SSXFF'));
Insert into FITLOG.CHAT_MESSAGES (ID,ROOM_ID,SENDER_ID,MESSAGE_TYPE,IMAGE_URL,IS_DELETED,CREATED_AT) values (44,1,11,'text',null,0,to_timestamp('26/06/01 10:20:46.092000000','RR/MM/DD HH24:MI:SSXFF'));
Insert into FITLOG.CHAT_MESSAGES (ID,ROOM_ID,SENDER_ID,MESSAGE_TYPE,IMAGE_URL,IS_DELETED,CREATED_AT) values (45,1,11,'text',null,0,to_timestamp('26/06/01 10:20:46.243000000','RR/MM/DD HH24:MI:SSXFF'));
Insert into FITLOG.CHAT_MESSAGES (ID,ROOM_ID,SENDER_ID,MESSAGE_TYPE,IMAGE_URL,IS_DELETED,CREATED_AT) values (46,1,1,'text',null,0,to_timestamp('26/06/01 15:43:55.852000000','RR/MM/DD HH24:MI:SSXFF'));
Insert into FITLOG.CHAT_MESSAGES (ID,ROOM_ID,SENDER_ID,MESSAGE_TYPE,IMAGE_URL,IS_DELETED,CREATED_AT) values (47,1,1,'text',null,0,to_timestamp('26/06/01 16:41:23.965000000','RR/MM/DD HH24:MI:SSXFF'));
Insert into FITLOG.CHAT_MESSAGES (ID,ROOM_ID,SENDER_ID,MESSAGE_TYPE,IMAGE_URL,IS_DELETED,CREATED_AT) values (61,26,11,'text',null,0,to_timestamp('26/06/02 10:55:37.401000000','RR/MM/DD HH24:MI:SSXFF'));
Insert into FITLOG.CHAT_MESSAGES (ID,ROOM_ID,SENDER_ID,MESSAGE_TYPE,IMAGE_URL,IS_DELETED,CREATED_AT) values (65,26,11,'text',null,0,to_timestamp('26/06/02 10:57:50.196000000','RR/MM/DD HH24:MI:SSXFF'));
Insert into FITLOG.CHAT_MESSAGES (ID,ROOM_ID,SENDER_ID,MESSAGE_TYPE,IMAGE_URL,IS_DELETED,CREATED_AT) values (66,26,13,'text',null,0,to_timestamp('26/06/02 10:58:00.962000000','RR/MM/DD HH24:MI:SSXFF'));
Insert into FITLOG.CHAT_MESSAGES (ID,ROOM_ID,SENDER_ID,MESSAGE_TYPE,IMAGE_URL,IS_DELETED,CREATED_AT) values (68,26,13,'text',null,0,to_timestamp('26/06/02 11:04:36.677000000','RR/MM/DD HH24:MI:SSXFF'));
Insert into FITLOG.CHAT_MESSAGES (ID,ROOM_ID,SENDER_ID,MESSAGE_TYPE,IMAGE_URL,IS_DELETED,CREATED_AT) values (69,26,11,'text',null,0,to_timestamp('26/06/02 11:04:46.284000000','RR/MM/DD HH24:MI:SSXFF'));
Insert into FITLOG.CHAT_MESSAGES (ID,ROOM_ID,SENDER_ID,MESSAGE_TYPE,IMAGE_URL,IS_DELETED,CREATED_AT) values (70,26,13,'text',null,0,to_timestamp('26/06/02 11:04:49.948000000','RR/MM/DD HH24:MI:SSXFF'));
Insert into FITLOG.CHAT_MESSAGES (ID,ROOM_ID,SENDER_ID,MESSAGE_TYPE,IMAGE_URL,IS_DELETED,CREATED_AT) values (71,26,11,'text',null,0,to_timestamp('26/06/02 11:08:23.906000000','RR/MM/DD HH24:MI:SSXFF'));
Insert into FITLOG.CHAT_MESSAGES (ID,ROOM_ID,SENDER_ID,MESSAGE_TYPE,IMAGE_URL,IS_DELETED,CREATED_AT) values (72,26,13,'text',null,0,to_timestamp('26/06/02 11:08:29.274000000','RR/MM/DD HH24:MI:SSXFF'));
Insert into FITLOG.CHAT_MESSAGES (ID,ROOM_ID,SENDER_ID,MESSAGE_TYPE,IMAGE_URL,IS_DELETED,CREATED_AT) values (73,26,13,'text',null,0,to_timestamp('26/06/02 11:08:31.482000000','RR/MM/DD HH24:MI:SSXFF'));
Insert into FITLOG.CHAT_MESSAGES (ID,ROOM_ID,SENDER_ID,MESSAGE_TYPE,IMAGE_URL,IS_DELETED,CREATED_AT) values (75,26,13,'text',null,0,to_timestamp('26/06/02 11:12:19.879000000','RR/MM/DD HH24:MI:SSXFF'));
Insert into FITLOG.CHAT_MESSAGES (ID,ROOM_ID,SENDER_ID,MESSAGE_TYPE,IMAGE_URL,IS_DELETED,CREATED_AT) values (76,26,13,'text',null,0,to_timestamp('26/06/02 11:12:20.471000000','RR/MM/DD HH24:MI:SSXFF'));
Insert into FITLOG.CHAT_MESSAGES (ID,ROOM_ID,SENDER_ID,MESSAGE_TYPE,IMAGE_URL,IS_DELETED,CREATED_AT) values (77,26,13,'text',null,0,to_timestamp('26/06/02 11:12:29.200000000','RR/MM/DD HH24:MI:SSXFF'));
Insert into FITLOG.CHAT_MESSAGES (ID,ROOM_ID,SENDER_ID,MESSAGE_TYPE,IMAGE_URL,IS_DELETED,CREATED_AT) values (78,26,13,'text',null,0,to_timestamp('26/06/02 11:12:29.815000000','RR/MM/DD HH24:MI:SSXFF'));
Insert into FITLOG.CHAT_MESSAGES (ID,ROOM_ID,SENDER_ID,MESSAGE_TYPE,IMAGE_URL,IS_DELETED,CREATED_AT) values (79,26,13,'text',null,0,to_timestamp('26/06/02 11:19:48.928000000','RR/MM/DD HH24:MI:SSXFF'));
Insert into FITLOG.CHAT_MESSAGES (ID,ROOM_ID,SENDER_ID,MESSAGE_TYPE,IMAGE_URL,IS_DELETED,CREATED_AT) values (80,26,11,'text',null,0,to_timestamp('26/06/02 11:19:55.163000000','RR/MM/DD HH24:MI:SSXFF'));
Insert into FITLOG.CHAT_MESSAGES (ID,ROOM_ID,SENDER_ID,MESSAGE_TYPE,IMAGE_URL,IS_DELETED,CREATED_AT) values (81,26,11,'text',null,0,to_timestamp('26/06/02 11:19:55.580000000','RR/MM/DD HH24:MI:SSXFF'));
Insert into FITLOG.CHAT_MESSAGES (ID,ROOM_ID,SENDER_ID,MESSAGE_TYPE,IMAGE_URL,IS_DELETED,CREATED_AT) values (82,26,13,'text',null,0,to_timestamp('26/06/02 11:20:00.276000000','RR/MM/DD HH24:MI:SSXFF'));
Insert into FITLOG.CHAT_MESSAGES (ID,ROOM_ID,SENDER_ID,MESSAGE_TYPE,IMAGE_URL,IS_DELETED,CREATED_AT) values (96,26,11,'text',null,0,to_timestamp('26/06/02 11:42:48.541000000','RR/MM/DD HH24:MI:SSXFF'));
Insert into FITLOG.CHAT_MESSAGES (ID,ROOM_ID,SENDER_ID,MESSAGE_TYPE,IMAGE_URL,IS_DELETED,CREATED_AT) values (97,26,11,'text',null,0,to_timestamp('26/06/02 11:43:03.486000000','RR/MM/DD HH24:MI:SSXFF'));
Insert into FITLOG.CHAT_MESSAGES (ID,ROOM_ID,SENDER_ID,MESSAGE_TYPE,IMAGE_URL,IS_DELETED,CREATED_AT) values (98,27,11,'text',null,0,to_timestamp('26/06/02 15:29:29.323000000','RR/MM/DD HH24:MI:SSXFF'));
Insert into FITLOG.CHAT_MESSAGES (ID,ROOM_ID,SENDER_ID,MESSAGE_TYPE,IMAGE_URL,IS_DELETED,CREATED_AT) values (101,27,11,'story_reply','/uploads/54c90fe9-322e-4389-9a69-adfb2feee36b.png',0,to_timestamp('26/06/02 15:35:49.753000000','RR/MM/DD HH24:MI:SSXFF'));
Insert into FITLOG.CHAT_MESSAGES (ID,ROOM_ID,SENDER_ID,MESSAGE_TYPE,IMAGE_URL,IS_DELETED,CREATED_AT) values (121,26,11,'text',null,0,to_timestamp('26/06/15 11:20:10.106000000','RR/MM/DD HH24:MI:SSXFF'));
Insert into FITLOG.CHAT_MESSAGES (ID,ROOM_ID,SENDER_ID,MESSAGE_TYPE,IMAGE_URL,IS_DELETED,CREATED_AT) values (122,1,11,'text',null,0,to_timestamp('26/06/15 11:20:14.412000000','RR/MM/DD HH24:MI:SSXFF'));
Insert into FITLOG.CHAT_MESSAGES (ID,ROOM_ID,SENDER_ID,MESSAGE_TYPE,IMAGE_URL,IS_DELETED,CREATED_AT) values (123,1,11,'image','/uploads/500b43a3-b225-4d29-9bf7-89eed2f67f61.png',0,to_timestamp('26/06/15 11:20:23.490000000','RR/MM/DD HH24:MI:SSXFF'));
Insert into FITLOG.CHAT_MESSAGES (ID,ROOM_ID,SENDER_ID,MESSAGE_TYPE,IMAGE_URL,IS_DELETED,CREATED_AT) values (124,1,11,'story_reply','/uploads/7cac767b-8146-430a-bf3e-aa51cd43530e.png',0,to_timestamp('26/06/15 11:49:23.239000000','RR/MM/DD HH24:MI:SSXFF'));
Insert into FITLOG.CHAT_MESSAGES (ID,ROOM_ID,SENDER_ID,MESSAGE_TYPE,IMAGE_URL,IS_DELETED,CREATED_AT) values (14,1,1,'text',null,0,to_timestamp('26/06/01 10:11:45.893000000','RR/MM/DD HH24:MI:SSXFF'));
Insert into FITLOG.CHAT_MESSAGES (ID,ROOM_ID,SENDER_ID,MESSAGE_TYPE,IMAGE_URL,IS_DELETED,CREATED_AT) values (15,1,1,'text',null,0,to_timestamp('26/06/01 10:11:46.508000000','RR/MM/DD HH24:MI:SSXFF'));
Insert into FITLOG.CHAT_MESSAGES (ID,ROOM_ID,SENDER_ID,MESSAGE_TYPE,IMAGE_URL,IS_DELETED,CREATED_AT) values (16,1,1,'text',null,0,to_timestamp('26/06/01 10:11:46.805000000','RR/MM/DD HH24:MI:SSXFF'));
Insert into FITLOG.CHAT_MESSAGES (ID,ROOM_ID,SENDER_ID,MESSAGE_TYPE,IMAGE_URL,IS_DELETED,CREATED_AT) values (17,1,1,'text',null,0,to_timestamp('26/06/01 10:11:47.076000000','RR/MM/DD HH24:MI:SSXFF'));
Insert into FITLOG.CHAT_MESSAGES (ID,ROOM_ID,SENDER_ID,MESSAGE_TYPE,IMAGE_URL,IS_DELETED,CREATED_AT) values (18,1,1,'text',null,0,to_timestamp('26/06/01 10:11:47.316000000','RR/MM/DD HH24:MI:SSXFF'));
Insert into FITLOG.CHAT_MESSAGES (ID,ROOM_ID,SENDER_ID,MESSAGE_TYPE,IMAGE_URL,IS_DELETED,CREATED_AT) values (19,1,1,'text',null,0,to_timestamp('26/06/01 10:11:47.589000000','RR/MM/DD HH24:MI:SSXFF'));
Insert into FITLOG.CHAT_MESSAGES (ID,ROOM_ID,SENDER_ID,MESSAGE_TYPE,IMAGE_URL,IS_DELETED,CREATED_AT) values (20,1,1,'text',null,0,to_timestamp('26/06/01 10:11:47.877000000','RR/MM/DD HH24:MI:SSXFF'));
Insert into FITLOG.CHAT_MESSAGES (ID,ROOM_ID,SENDER_ID,MESSAGE_TYPE,IMAGE_URL,IS_DELETED,CREATED_AT) values (21,1,1,'text',null,0,to_timestamp('26/06/01 10:11:48.205000000','RR/MM/DD HH24:MI:SSXFF'));
Insert into FITLOG.CHAT_MESSAGES (ID,ROOM_ID,SENDER_ID,MESSAGE_TYPE,IMAGE_URL,IS_DELETED,CREATED_AT) values (22,1,1,'text',null,0,to_timestamp('26/06/01 10:14:14.353000000','RR/MM/DD HH24:MI:SSXFF'));
Insert into FITLOG.CHAT_MESSAGES (ID,ROOM_ID,SENDER_ID,MESSAGE_TYPE,IMAGE_URL,IS_DELETED,CREATED_AT) values (23,1,1,'text',null,0,to_timestamp('26/06/01 10:14:14.752000000','RR/MM/DD HH24:MI:SSXFF'));
Insert into FITLOG.CHAT_MESSAGES (ID,ROOM_ID,SENDER_ID,MESSAGE_TYPE,IMAGE_URL,IS_DELETED,CREATED_AT) values (24,1,1,'text',null,0,to_timestamp('26/06/01 10:14:15.056000000','RR/MM/DD HH24:MI:SSXFF'));
Insert into FITLOG.CHAT_MESSAGES (ID,ROOM_ID,SENDER_ID,MESSAGE_TYPE,IMAGE_URL,IS_DELETED,CREATED_AT) values (25,1,1,'text',null,0,to_timestamp('26/06/01 10:14:15.337000000','RR/MM/DD HH24:MI:SSXFF'));
Insert into FITLOG.CHAT_MESSAGES (ID,ROOM_ID,SENDER_ID,MESSAGE_TYPE,IMAGE_URL,IS_DELETED,CREATED_AT) values (26,1,1,'text',null,0,to_timestamp('26/06/01 10:14:15.633000000','RR/MM/DD HH24:MI:SSXFF'));
Insert into FITLOG.CHAT_MESSAGES (ID,ROOM_ID,SENDER_ID,MESSAGE_TYPE,IMAGE_URL,IS_DELETED,CREATED_AT) values (27,1,1,'text',null,0,to_timestamp('26/06/01 10:16:39.460000000','RR/MM/DD HH24:MI:SSXFF'));
Insert into FITLOG.CHAT_MESSAGES (ID,ROOM_ID,SENDER_ID,MESSAGE_TYPE,IMAGE_URL,IS_DELETED,CREATED_AT) values (28,1,1,'text',null,0,to_timestamp('26/06/01 10:16:39.820000000','RR/MM/DD HH24:MI:SSXFF'));
Insert into FITLOG.CHAT_MESSAGES (ID,ROOM_ID,SENDER_ID,MESSAGE_TYPE,IMAGE_URL,IS_DELETED,CREATED_AT) values (29,1,1,'text',null,0,to_timestamp('26/06/01 10:16:40.075000000','RR/MM/DD HH24:MI:SSXFF'));
Insert into FITLOG.CHAT_MESSAGES (ID,ROOM_ID,SENDER_ID,MESSAGE_TYPE,IMAGE_URL,IS_DELETED,CREATED_AT) values (30,1,1,'text',null,0,to_timestamp('26/06/01 10:16:40.276000000','RR/MM/DD HH24:MI:SSXFF'));
Insert into FITLOG.CHAT_MESSAGES (ID,ROOM_ID,SENDER_ID,MESSAGE_TYPE,IMAGE_URL,IS_DELETED,CREATED_AT) values (31,1,1,'text',null,0,to_timestamp('26/06/01 10:16:40.459000000','RR/MM/DD HH24:MI:SSXFF'));
Insert into FITLOG.CHAT_MESSAGES (ID,ROOM_ID,SENDER_ID,MESSAGE_TYPE,IMAGE_URL,IS_DELETED,CREATED_AT) values (83,26,11,'text',null,0,to_timestamp('26/06/02 11:37:18.041000000','RR/MM/DD HH24:MI:SSXFF'));
Insert into FITLOG.CHAT_MESSAGES (ID,ROOM_ID,SENDER_ID,MESSAGE_TYPE,IMAGE_URL,IS_DELETED,CREATED_AT) values (84,26,13,'text',null,0,to_timestamp('26/06/02 11:37:25.519000000','RR/MM/DD HH24:MI:SSXFF'));
Insert into FITLOG.CHAT_MESSAGES (ID,ROOM_ID,SENDER_ID,MESSAGE_TYPE,IMAGE_URL,IS_DELETED,CREATED_AT) values (85,26,13,'text',null,0,to_timestamp('26/06/02 11:37:25.989000000','RR/MM/DD HH24:MI:SSXFF'));
Insert into FITLOG.CHAT_MESSAGES (ID,ROOM_ID,SENDER_ID,MESSAGE_TYPE,IMAGE_URL,IS_DELETED,CREATED_AT) values (86,26,11,'text',null,0,to_timestamp('26/06/02 11:37:30.437000000','RR/MM/DD HH24:MI:SSXFF'));
Insert into FITLOG.CHAT_MESSAGES (ID,ROOM_ID,SENDER_ID,MESSAGE_TYPE,IMAGE_URL,IS_DELETED,CREATED_AT) values (87,26,11,'text',null,0,to_timestamp('26/06/02 11:37:34.118000000','RR/MM/DD HH24:MI:SSXFF'));
Insert into FITLOG.CHAT_MESSAGES (ID,ROOM_ID,SENDER_ID,MESSAGE_TYPE,IMAGE_URL,IS_DELETED,CREATED_AT) values (88,26,11,'text',null,0,to_timestamp('26/06/02 11:37:36.086000000','RR/MM/DD HH24:MI:SSXFF'));
Insert into FITLOG.CHAT_MESSAGES (ID,ROOM_ID,SENDER_ID,MESSAGE_TYPE,IMAGE_URL,IS_DELETED,CREATED_AT) values (89,26,11,'text',null,0,to_timestamp('26/06/02 11:37:36.750000000','RR/MM/DD HH24:MI:SSXFF'));
Insert into FITLOG.CHAT_MESSAGES (ID,ROOM_ID,SENDER_ID,MESSAGE_TYPE,IMAGE_URL,IS_DELETED,CREATED_AT) values (90,26,11,'text',null,0,to_timestamp('26/06/02 11:37:37.103000000','RR/MM/DD HH24:MI:SSXFF'));
Insert into FITLOG.CHAT_MESSAGES (ID,ROOM_ID,SENDER_ID,MESSAGE_TYPE,IMAGE_URL,IS_DELETED,CREATED_AT) values (91,26,11,'text',null,0,to_timestamp('26/06/02 11:37:37.349000000','RR/MM/DD HH24:MI:SSXFF'));
Insert into FITLOG.CHAT_MESSAGES (ID,ROOM_ID,SENDER_ID,MESSAGE_TYPE,IMAGE_URL,IS_DELETED,CREATED_AT) values (92,26,13,'text',null,0,to_timestamp('26/06/02 11:41:37.932000000','RR/MM/DD HH24:MI:SSXFF'));
Insert into FITLOG.CHAT_MESSAGES (ID,ROOM_ID,SENDER_ID,MESSAGE_TYPE,IMAGE_URL,IS_DELETED,CREATED_AT) values (93,26,11,'text',null,0,to_timestamp('26/06/02 11:41:41.997000000','RR/MM/DD HH24:MI:SSXFF'));
Insert into FITLOG.CHAT_MESSAGES (ID,ROOM_ID,SENDER_ID,MESSAGE_TYPE,IMAGE_URL,IS_DELETED,CREATED_AT) values (94,26,11,'text',null,0,to_timestamp('26/06/02 11:41:45.965000000','RR/MM/DD HH24:MI:SSXFF'));
Insert into FITLOG.CHAT_MESSAGES (ID,ROOM_ID,SENDER_ID,MESSAGE_TYPE,IMAGE_URL,IS_DELETED,CREATED_AT) values (95,1,11,'text',null,0,to_timestamp('26/06/02 11:41:52.172000000','RR/MM/DD HH24:MI:SSXFF'));
Insert into FITLOG.CHAT_MESSAGES (ID,ROOM_ID,SENDER_ID,MESSAGE_TYPE,IMAGE_URL,IS_DELETED,CREATED_AT) values (48,25,11,'text',null,0,to_timestamp('26/06/02 10:15:00.798000000','RR/MM/DD HH24:MI:SSXFF'));
Insert into FITLOG.CHAT_MESSAGES (ID,ROOM_ID,SENDER_ID,MESSAGE_TYPE,IMAGE_URL,IS_DELETED,CREATED_AT) values (49,25,11,'text',null,0,to_timestamp('26/06/02 10:30:28.803000000','RR/MM/DD HH24:MI:SSXFF'));
Insert into FITLOG.CHAT_MESSAGES (ID,ROOM_ID,SENDER_ID,MESSAGE_TYPE,IMAGE_URL,IS_DELETED,CREATED_AT) values (67,26,11,'text',null,0,to_timestamp('26/06/02 11:04:26.734000000','RR/MM/DD HH24:MI:SSXFF'));
Insert into FITLOG.CHAT_MESSAGES (ID,ROOM_ID,SENDER_ID,MESSAGE_TYPE,IMAGE_URL,IS_DELETED,CREATED_AT) values (125,27,11,'text',null,0,to_timestamp('26/06/15 11:50:56.314000000','RR/MM/DD HH24:MI:SSXFF'));
REM INSERTING into FITLOG.CHAT_REQUESTS
SET DEFINE OFF;
Insert into FITLOG.CHAT_REQUESTS (ID,SENDER_ID,RECEIVER_ID,STATUS,CREATED_AT,UPDATED_AT) values (4,11,50,'pending',to_timestamp('26/06/02 14:31:22.217000000','RR/MM/DD HH24:MI:SSXFF'),to_timestamp('26/06/02 14:31:22.217000000','RR/MM/DD HH24:MI:SSXFF'));
Insert into FITLOG.CHAT_REQUESTS (ID,SENDER_ID,RECEIVER_ID,STATUS,CREATED_AT,UPDATED_AT) values (1,11,9,'pending',to_timestamp('26/05/29 17:52:09.901000000','RR/MM/DD HH24:MI:SSXFF'),to_timestamp('26/05/29 17:52:09.901000000','RR/MM/DD HH24:MI:SSXFF'));
Insert into FITLOG.CHAT_REQUESTS (ID,SENDER_ID,RECEIVER_ID,STATUS,CREATED_AT,UPDATED_AT) values (2,11,1,'accepted',to_timestamp('26/05/29 17:52:25.162000000','RR/MM/DD HH24:MI:SSXFF'),to_timestamp('26/05/29 17:59:14.061000000','RR/MM/DD HH24:MI:SSXFF'));
Insert into FITLOG.CHAT_REQUESTS (ID,SENDER_ID,RECEIVER_ID,STATUS,CREATED_AT,UPDATED_AT) values (3,14,48,'pending',to_timestamp('26/06/01 15:21:55.277000000','RR/MM/DD HH24:MI:SSXFF'),to_timestamp('26/06/01 15:21:55.277000000','RR/MM/DD HH24:MI:SSXFF'));
REM INSERTING into FITLOG.CHAT_ROOMS
SET DEFINE OFF;
Insert into FITLOG.CHAT_ROOMS (ID,REQUEST_ID,USER1_ID,USER2_ID,LAST_MESSAGE,LAST_MESSAGE_AT,USER1_READ_AT,USER2_READ_AT,CREATED_AT,ROOM_TYPE,ROOM_NAME,ROOM_IMAGE) values (1,2,11,1,'📸 스토리에 답장했어요',to_timestamp('26/06/15 11:49:23.241000000','RR/MM/DD HH24:MI:SSXFF'),to_timestamp('26/06/15 11:50:49.400000000','RR/MM/DD HH24:MI:SSXFF'),to_timestamp('26/06/01 16:41:51.345000000','RR/MM/DD HH24:MI:SSXFF'),to_timestamp('26/05/29 17:59:14.082000000','RR/MM/DD HH24:MI:SSXFF'),'direct',null,null);
Insert into FITLOG.CHAT_ROOMS (ID,REQUEST_ID,USER1_ID,USER2_ID,LAST_MESSAGE,LAST_MESSAGE_AT,USER1_READ_AT,USER2_READ_AT,CREATED_AT,ROOM_TYPE,ROOM_NAME,ROOM_IMAGE) values (41,null,11,12,'📸 스토리에 답장했어요',to_timestamp('26/06/15 14:48:30.917000000','RR/MM/DD HH24:MI:SSXFF'),to_timestamp('26/06/15 14:48:33.435000000','RR/MM/DD HH24:MI:SSXFF'),null,to_timestamp('26/06/15 14:48:30.902000000','RR/MM/DD HH24:MI:SSXFF'),'direct',null,null);
Insert into FITLOG.CHAT_ROOMS (ID,REQUEST_ID,USER1_ID,USER2_ID,LAST_MESSAGE,LAST_MESSAGE_AT,USER1_READ_AT,USER2_READ_AT,CREATED_AT,ROOM_TYPE,ROOM_NAME,ROOM_IMAGE) values (42,null,null,null,null,null,null,null,to_timestamp('26/06/15 14:50:23.305000000','RR/MM/DD HH24:MI:SSXFF'),'group','바보들',null);
Insert into FITLOG.CHAT_ROOMS (ID,REQUEST_ID,USER1_ID,USER2_ID,LAST_MESSAGE,LAST_MESSAGE_AT,USER1_READ_AT,USER2_READ_AT,CREATED_AT,ROOM_TYPE,ROOM_NAME,ROOM_IMAGE) values (26,null,null,null,'ㄻㄴㄻㄴ',to_timestamp('26/06/15 11:20:10.115000000','RR/MM/DD HH24:MI:SSXFF'),null,null,to_timestamp('26/06/02 10:55:34.054000000','RR/MM/DD HH24:MI:SSXFF'),'group','바보들',null);
Insert into FITLOG.CHAT_ROOMS (ID,REQUEST_ID,USER1_ID,USER2_ID,LAST_MESSAGE,LAST_MESSAGE_AT,USER1_READ_AT,USER2_READ_AT,CREATED_AT,ROOM_TYPE,ROOM_NAME,ROOM_IMAGE) values (27,null,11,17,'안녕하세요',to_timestamp('26/06/15 11:50:56.317000000','RR/MM/DD HH24:MI:SSXFF'),to_timestamp('26/06/15 14:50:11.981000000','RR/MM/DD HH24:MI:SSXFF'),to_timestamp('26/06/04 15:08:22.695000000','RR/MM/DD HH24:MI:SSXFF'),to_timestamp('26/06/02 15:29:29.314000000','RR/MM/DD HH24:MI:SSXFF'),'direct',null,null);
Insert into FITLOG.CHAT_ROOMS (ID,REQUEST_ID,USER1_ID,USER2_ID,LAST_MESSAGE,LAST_MESSAGE_AT,USER1_READ_AT,USER2_READ_AT,CREATED_AT,ROOM_TYPE,ROOM_NAME,ROOM_IMAGE) values (25,null,null,null,'흐애',to_timestamp('26/06/02 10:32:48.842000000','RR/MM/DD HH24:MI:SSXFF'),null,null,to_timestamp('26/06/02 10:14:50.800000000','RR/MM/DD HH24:MI:SSXFF'),'group','ㅂ',null);
REM INSERTING into FITLOG.COMMENTS
SET DEFINE OFF;
Insert into FITLOG.COMMENTS (ID,POST_ID,USER_ID,PARENT_ID,IS_DELETED,CREATED_AT,UPDATED_AT) values (21,107,11,null,0,to_timestamp('26/06/15 11:16:56.213000000','RR/MM/DD HH24:MI:SSXFF'),to_timestamp('26/06/15 11:16:56.213000000','RR/MM/DD HH24:MI:SSXFF'));
Insert into FITLOG.COMMENTS (ID,POST_ID,USER_ID,PARENT_ID,IS_DELETED,CREATED_AT,UPDATED_AT) values (4,63,11,null,0,to_timestamp('26/05/29 16:49:28.067000000','RR/MM/DD HH24:MI:SSXFF'),to_timestamp('26/05/29 16:49:28.067000000','RR/MM/DD HH24:MI:SSXFF'));
Insert into FITLOG.COMMENTS (ID,POST_ID,USER_ID,PARENT_ID,IS_DELETED,CREATED_AT,UPDATED_AT) values (5,70,50,null,0,to_timestamp('26/06/01 12:11:23.868000000','RR/MM/DD HH24:MI:SSXFF'),to_timestamp('26/06/01 12:11:23.868000000','RR/MM/DD HH24:MI:SSXFF'));
Insert into FITLOG.COMMENTS (ID,POST_ID,USER_ID,PARENT_ID,IS_DELETED,CREATED_AT,UPDATED_AT) values (6,44,50,null,0,to_timestamp('26/06/01 12:11:38.764000000','RR/MM/DD HH24:MI:SSXFF'),to_timestamp('26/06/01 12:11:38.764000000','RR/MM/DD HH24:MI:SSXFF'));
Insert into FITLOG.COMMENTS (ID,POST_ID,USER_ID,PARENT_ID,IS_DELETED,CREATED_AT,UPDATED_AT) values (8,79,11,null,0,to_timestamp('26/06/01 15:26:27.877000000','RR/MM/DD HH24:MI:SSXFF'),to_timestamp('26/06/01 15:26:27.877000000','RR/MM/DD HH24:MI:SSXFF'));
Insert into FITLOG.COMMENTS (ID,POST_ID,USER_ID,PARENT_ID,IS_DELETED,CREATED_AT,UPDATED_AT) values (9,59,11,null,0,to_timestamp('26/06/01 15:31:46.190000000','RR/MM/DD HH24:MI:SSXFF'),to_timestamp('26/06/01 15:31:46.190000000','RR/MM/DD HH24:MI:SSXFF'));
Insert into FITLOG.COMMENTS (ID,POST_ID,USER_ID,PARENT_ID,IS_DELETED,CREATED_AT,UPDATED_AT) values (10,65,11,null,0,to_timestamp('26/06/01 15:31:59.852000000','RR/MM/DD HH24:MI:SSXFF'),to_timestamp('26/06/01 15:31:59.852000000','RR/MM/DD HH24:MI:SSXFF'));
Insert into FITLOG.COMMENTS (ID,POST_ID,USER_ID,PARENT_ID,IS_DELETED,CREATED_AT,UPDATED_AT) values (11,65,11,10,0,to_timestamp('26/06/01 15:32:06.215000000','RR/MM/DD HH24:MI:SSXFF'),to_timestamp('26/06/01 15:32:06.215000000','RR/MM/DD HH24:MI:SSXFF'));
Insert into FITLOG.COMMENTS (ID,POST_ID,USER_ID,PARENT_ID,IS_DELETED,CREATED_AT,UPDATED_AT) values (12,7,11,null,0,to_timestamp('26/06/01 15:32:36.509000000','RR/MM/DD HH24:MI:SSXFF'),to_timestamp('26/06/01 15:32:36.509000000','RR/MM/DD HH24:MI:SSXFF'));
Insert into FITLOG.COMMENTS (ID,POST_ID,USER_ID,PARENT_ID,IS_DELETED,CREATED_AT,UPDATED_AT) values (15,62,1,null,0,to_timestamp('26/06/01 16:41:35.720000000','RR/MM/DD HH24:MI:SSXFF'),to_timestamp('26/06/01 16:41:35.720000000','RR/MM/DD HH24:MI:SSXFF'));
Insert into FITLOG.COMMENTS (ID,POST_ID,USER_ID,PARENT_ID,IS_DELETED,CREATED_AT,UPDATED_AT) values (16,77,1,null,0,to_timestamp('26/06/01 16:41:45.963000000','RR/MM/DD HH24:MI:SSXFF'),to_timestamp('26/06/01 16:41:45.963000000','RR/MM/DD HH24:MI:SSXFF'));
Insert into FITLOG.COMMENTS (ID,POST_ID,USER_ID,PARENT_ID,IS_DELETED,CREATED_AT,UPDATED_AT) values (17,87,11,null,0,to_timestamp('26/06/02 15:12:23.613000000','RR/MM/DD HH24:MI:SSXFF'),to_timestamp('26/06/02 15:12:23.613000000','RR/MM/DD HH24:MI:SSXFF'));
Insert into FITLOG.COMMENTS (ID,POST_ID,USER_ID,PARENT_ID,IS_DELETED,CREATED_AT,UPDATED_AT) values (2,63,9,null,0,to_timestamp('26/05/29 16:46:54.618000000','RR/MM/DD HH24:MI:SSXFF'),to_timestamp('26/05/29 16:46:54.618000000','RR/MM/DD HH24:MI:SSXFF'));
Insert into FITLOG.COMMENTS (ID,POST_ID,USER_ID,PARENT_ID,IS_DELETED,CREATED_AT,UPDATED_AT) values (3,63,9,null,0,to_timestamp('26/05/29 16:47:32.247000000','RR/MM/DD HH24:MI:SSXFF'),to_timestamp('26/05/29 16:47:32.247000000','RR/MM/DD HH24:MI:SSXFF'));
Insert into FITLOG.COMMENTS (ID,POST_ID,USER_ID,PARENT_ID,IS_DELETED,CREATED_AT,UPDATED_AT) values (14,70,1,null,0,to_timestamp('26/06/01 15:44:35.609000000','RR/MM/DD HH24:MI:SSXFF'),to_timestamp('26/06/01 15:44:35.609000000','RR/MM/DD HH24:MI:SSXFF'));
Insert into FITLOG.COMMENTS (ID,POST_ID,USER_ID,PARENT_ID,IS_DELETED,CREATED_AT,UPDATED_AT) values (1,63,11,null,0,to_timestamp('26/05/29 16:46:24.305000000','RR/MM/DD HH24:MI:SSXFF'),to_timestamp('26/05/29 16:46:24.305000000','RR/MM/DD HH24:MI:SSXFF'));
Insert into FITLOG.COMMENTS (ID,POST_ID,USER_ID,PARENT_ID,IS_DELETED,CREATED_AT,UPDATED_AT) values (7,75,14,null,0,to_timestamp('26/06/01 15:20:48.667000000','RR/MM/DD HH24:MI:SSXFF'),to_timestamp('26/06/01 15:20:48.667000000','RR/MM/DD HH24:MI:SSXFF'));
Insert into FITLOG.COMMENTS (ID,POST_ID,USER_ID,PARENT_ID,IS_DELETED,CREATED_AT,UPDATED_AT) values (13,6,11,null,0,to_timestamp('26/06/01 15:38:00.386000000','RR/MM/DD HH24:MI:SSXFF'),to_timestamp('26/06/01 15:38:00.386000000','RR/MM/DD HH24:MI:SSXFF'));
REM INSERTING into FITLOG.FOLLOWS
SET DEFINE OFF;
Insert into FITLOG.FOLLOWS (FOLLOWER_ID,FOLLOWING_ID,CREATED_AT) values (6,7,to_timestamp('26/05/29 16:06:19.859000000','RR/MM/DD HH24:MI:SSXFF'));
Insert into FITLOG.FOLLOWS (FOLLOWER_ID,FOLLOWING_ID,CREATED_AT) values (6,8,to_timestamp('26/05/29 16:06:19.862000000','RR/MM/DD HH24:MI:SSXFF'));
Insert into FITLOG.FOLLOWS (FOLLOWER_ID,FOLLOWING_ID,CREATED_AT) values (6,11,to_timestamp('26/05/29 16:06:19.864000000','RR/MM/DD HH24:MI:SSXFF'));
Insert into FITLOG.FOLLOWS (FOLLOWER_ID,FOLLOWING_ID,CREATED_AT) values (6,14,to_timestamp('26/05/29 16:06:19.865000000','RR/MM/DD HH24:MI:SSXFF'));
Insert into FITLOG.FOLLOWS (FOLLOWER_ID,FOLLOWING_ID,CREATED_AT) values (6,17,to_timestamp('26/05/29 16:06:19.867000000','RR/MM/DD HH24:MI:SSXFF'));
Insert into FITLOG.FOLLOWS (FOLLOWER_ID,FOLLOWING_ID,CREATED_AT) values (6,38,to_timestamp('26/05/29 16:06:19.868000000','RR/MM/DD HH24:MI:SSXFF'));
Insert into FITLOG.FOLLOWS (FOLLOWER_ID,FOLLOWING_ID,CREATED_AT) values (6,43,to_timestamp('26/05/29 16:06:19.870000000','RR/MM/DD HH24:MI:SSXFF'));
Insert into FITLOG.FOLLOWS (FOLLOWER_ID,FOLLOWING_ID,CREATED_AT) values (7,6,to_timestamp('26/05/29 16:06:19.872000000','RR/MM/DD HH24:MI:SSXFF'));
Insert into FITLOG.FOLLOWS (FOLLOWER_ID,FOLLOWING_ID,CREATED_AT) values (7,9,to_timestamp('26/05/29 16:06:19.873000000','RR/MM/DD HH24:MI:SSXFF'));
Insert into FITLOG.FOLLOWS (FOLLOWER_ID,FOLLOWING_ID,CREATED_AT) values (7,11,to_timestamp('26/05/29 16:06:19.875000000','RR/MM/DD HH24:MI:SSXFF'));
Insert into FITLOG.FOLLOWS (FOLLOWER_ID,FOLLOWING_ID,CREATED_AT) values (7,10,to_timestamp('26/05/29 16:06:19.877000000','RR/MM/DD HH24:MI:SSXFF'));
Insert into FITLOG.FOLLOWS (FOLLOWER_ID,FOLLOWING_ID,CREATED_AT) values (7,16,to_timestamp('26/05/29 16:06:19.878000000','RR/MM/DD HH24:MI:SSXFF'));
Insert into FITLOG.FOLLOWS (FOLLOWER_ID,FOLLOWING_ID,CREATED_AT) values (7,20,to_timestamp('26/05/29 16:06:19.879000000','RR/MM/DD HH24:MI:SSXFF'));
Insert into FITLOG.FOLLOWS (FOLLOWER_ID,FOLLOWING_ID,CREATED_AT) values (7,40,to_timestamp('26/05/29 16:06:19.881000000','RR/MM/DD HH24:MI:SSXFF'));
Insert into FITLOG.FOLLOWS (FOLLOWER_ID,FOLLOWING_ID,CREATED_AT) values (7,44,to_timestamp('26/05/29 16:06:19.882000000','RR/MM/DD HH24:MI:SSXFF'));
Insert into FITLOG.FOLLOWS (FOLLOWER_ID,FOLLOWING_ID,CREATED_AT) values (8,6,to_timestamp('26/05/29 16:06:19.883000000','RR/MM/DD HH24:MI:SSXFF'));
Insert into FITLOG.FOLLOWS (FOLLOWER_ID,FOLLOWING_ID,CREATED_AT) values (8,12,to_timestamp('26/05/29 16:06:19.885000000','RR/MM/DD HH24:MI:SSXFF'));
Insert into FITLOG.FOLLOWS (FOLLOWER_ID,FOLLOWING_ID,CREATED_AT) values (8,14,to_timestamp('26/05/29 16:06:19.886000000','RR/MM/DD HH24:MI:SSXFF'));
Insert into FITLOG.FOLLOWS (FOLLOWER_ID,FOLLOWING_ID,CREATED_AT) values (8,36,to_timestamp('26/05/29 16:06:19.887000000','RR/MM/DD HH24:MI:SSXFF'));
Insert into FITLOG.FOLLOWS (FOLLOWER_ID,FOLLOWING_ID,CREATED_AT) values (8,41,to_timestamp('26/05/29 16:06:19.888000000','RR/MM/DD HH24:MI:SSXFF'));
Insert into FITLOG.FOLLOWS (FOLLOWER_ID,FOLLOWING_ID,CREATED_AT) values (8,46,to_timestamp('26/05/29 16:06:19.889000000','RR/MM/DD HH24:MI:SSXFF'));
Insert into FITLOG.FOLLOWS (FOLLOWER_ID,FOLLOWING_ID,CREATED_AT) values (9,7,to_timestamp('26/05/29 16:06:19.890000000','RR/MM/DD HH24:MI:SSXFF'));
Insert into FITLOG.FOLLOWS (FOLLOWER_ID,FOLLOWING_ID,CREATED_AT) values (9,19,to_timestamp('26/05/29 16:06:19.891000000','RR/MM/DD HH24:MI:SSXFF'));
Insert into FITLOG.FOLLOWS (FOLLOWER_ID,FOLLOWING_ID,CREATED_AT) values (9,15,to_timestamp('26/05/29 16:06:19.893000000','RR/MM/DD HH24:MI:SSXFF'));
Insert into FITLOG.FOLLOWS (FOLLOWER_ID,FOLLOWING_ID,CREATED_AT) values (9,39,to_timestamp('26/05/29 16:06:19.894000000','RR/MM/DD HH24:MI:SSXFF'));
Insert into FITLOG.FOLLOWS (FOLLOWER_ID,FOLLOWING_ID,CREATED_AT) values (9,42,to_timestamp('26/05/29 16:06:19.895000000','RR/MM/DD HH24:MI:SSXFF'));
Insert into FITLOG.FOLLOWS (FOLLOWER_ID,FOLLOWING_ID,CREATED_AT) values (11,6,to_timestamp('26/05/29 16:06:19.904000000','RR/MM/DD HH24:MI:SSXFF'));
Insert into FITLOG.FOLLOWS (FOLLOWER_ID,FOLLOWING_ID,CREATED_AT) values (11,8,to_timestamp('26/05/29 16:06:19.905000000','RR/MM/DD HH24:MI:SSXFF'));
Insert into FITLOG.FOLLOWS (FOLLOWER_ID,FOLLOWING_ID,CREATED_AT) values (11,38,to_timestamp('26/05/29 16:06:19.907000000','RR/MM/DD HH24:MI:SSXFF'));
Insert into FITLOG.FOLLOWS (FOLLOWER_ID,FOLLOWING_ID,CREATED_AT) values (11,43,to_timestamp('26/05/29 16:06:19.909000000','RR/MM/DD HH24:MI:SSXFF'));
Insert into FITLOG.FOLLOWS (FOLLOWER_ID,FOLLOWING_ID,CREATED_AT) values (11,45,to_timestamp('26/05/29 16:06:19.910000000','RR/MM/DD HH24:MI:SSXFF'));
Insert into FITLOG.FOLLOWS (FOLLOWER_ID,FOLLOWING_ID,CREATED_AT) values (12,16,to_timestamp('26/05/29 16:06:19.911000000','RR/MM/DD HH24:MI:SSXFF'));
Insert into FITLOG.FOLLOWS (FOLLOWER_ID,FOLLOWING_ID,CREATED_AT) values (12,41,to_timestamp('26/05/29 16:06:19.912000000','RR/MM/DD HH24:MI:SSXFF'));
Insert into FITLOG.FOLLOWS (FOLLOWER_ID,FOLLOWING_ID,CREATED_AT) values (12,50,to_timestamp('26/05/29 16:06:19.913000000','RR/MM/DD HH24:MI:SSXFF'));
Insert into FITLOG.FOLLOWS (FOLLOWER_ID,FOLLOWING_ID,CREATED_AT) values (13,17,to_timestamp('26/05/29 16:06:19.915000000','RR/MM/DD HH24:MI:SSXFF'));
Insert into FITLOG.FOLLOWS (FOLLOWER_ID,FOLLOWING_ID,CREATED_AT) values (13,36,to_timestamp('26/05/29 16:06:19.916000000','RR/MM/DD HH24:MI:SSXFF'));
Insert into FITLOG.FOLLOWS (FOLLOWER_ID,FOLLOWING_ID,CREATED_AT) values (13,48,to_timestamp('26/05/29 16:06:19.917000000','RR/MM/DD HH24:MI:SSXFF'));
Insert into FITLOG.FOLLOWS (FOLLOWER_ID,FOLLOWING_ID,CREATED_AT) values (13,9,to_timestamp('26/05/29 16:06:19.918000000','RR/MM/DD HH24:MI:SSXFF'));
Insert into FITLOG.FOLLOWS (FOLLOWER_ID,FOLLOWING_ID,CREATED_AT) values (14,40,to_timestamp('26/05/29 16:06:19.919000000','RR/MM/DD HH24:MI:SSXFF'));
Insert into FITLOG.FOLLOWS (FOLLOWER_ID,FOLLOWING_ID,CREATED_AT) values (14,36,to_timestamp('26/05/29 16:06:19.920000000','RR/MM/DD HH24:MI:SSXFF'));
Insert into FITLOG.FOLLOWS (FOLLOWER_ID,FOLLOWING_ID,CREATED_AT) values (14,49,to_timestamp('26/05/29 16:06:19.922000000','RR/MM/DD HH24:MI:SSXFF'));
Insert into FITLOG.FOLLOWS (FOLLOWER_ID,FOLLOWING_ID,CREATED_AT) values (14,6,to_timestamp('26/05/29 16:06:19.923000000','RR/MM/DD HH24:MI:SSXFF'));
Insert into FITLOG.FOLLOWS (FOLLOWER_ID,FOLLOWING_ID,CREATED_AT) values (15,47,to_timestamp('26/05/29 16:06:19.925000000','RR/MM/DD HH24:MI:SSXFF'));
Insert into FITLOG.FOLLOWS (FOLLOWER_ID,FOLLOWING_ID,CREATED_AT) values (15,42,to_timestamp('26/05/29 16:06:19.926000000','RR/MM/DD HH24:MI:SSXFF'));
Insert into FITLOG.FOLLOWS (FOLLOWER_ID,FOLLOWING_ID,CREATED_AT) values (15,44,to_timestamp('26/05/29 16:06:19.928000000','RR/MM/DD HH24:MI:SSXFF'));
Insert into FITLOG.FOLLOWS (FOLLOWER_ID,FOLLOWING_ID,CREATED_AT) values (15,10,to_timestamp('26/05/29 16:06:19.929000000','RR/MM/DD HH24:MI:SSXFF'));
Insert into FITLOG.FOLLOWS (FOLLOWER_ID,FOLLOWING_ID,CREATED_AT) values (16,20,to_timestamp('26/05/29 16:06:19.931000000','RR/MM/DD HH24:MI:SSXFF'));
Insert into FITLOG.FOLLOWS (FOLLOWER_ID,FOLLOWING_ID,CREATED_AT) values (16,38,to_timestamp('26/05/29 16:06:19.932000000','RR/MM/DD HH24:MI:SSXFF'));
Insert into FITLOG.FOLLOWS (FOLLOWER_ID,FOLLOWING_ID,CREATED_AT) values (16,42,to_timestamp('26/05/29 16:06:19.934000000','RR/MM/DD HH24:MI:SSXFF'));
Insert into FITLOG.FOLLOWS (FOLLOWER_ID,FOLLOWING_ID,CREATED_AT) values (16,7,to_timestamp('26/05/29 16:06:19.936000000','RR/MM/DD HH24:MI:SSXFF'));
Insert into FITLOG.FOLLOWS (FOLLOWER_ID,FOLLOWING_ID,CREATED_AT) values (17,38,to_timestamp('26/05/29 16:06:19.937000000','RR/MM/DD HH24:MI:SSXFF'));
Insert into FITLOG.FOLLOWS (FOLLOWER_ID,FOLLOWING_ID,CREATED_AT) values (17,45,to_timestamp('26/05/29 16:06:19.938000000','RR/MM/DD HH24:MI:SSXFF'));
Insert into FITLOG.FOLLOWS (FOLLOWER_ID,FOLLOWING_ID,CREATED_AT) values (18,39,to_timestamp('26/05/29 16:06:19.942000000','RR/MM/DD HH24:MI:SSXFF'));
Insert into FITLOG.FOLLOWS (FOLLOWER_ID,FOLLOWING_ID,CREATED_AT) values (18,46,to_timestamp('26/05/29 16:06:19.943000000','RR/MM/DD HH24:MI:SSXFF'));
Insert into FITLOG.FOLLOWS (FOLLOWER_ID,FOLLOWING_ID,CREATED_AT) values (18,8,to_timestamp('26/05/29 16:06:19.944000000','RR/MM/DD HH24:MI:SSXFF'));
Insert into FITLOG.FOLLOWS (FOLLOWER_ID,FOLLOWING_ID,CREATED_AT) values (19,9,to_timestamp('26/05/29 16:06:19.946000000','RR/MM/DD HH24:MI:SSXFF'));
Insert into FITLOG.FOLLOWS (FOLLOWER_ID,FOLLOWING_ID,CREATED_AT) values (19,39,to_timestamp('26/05/29 16:06:19.948000000','RR/MM/DD HH24:MI:SSXFF'));
Insert into FITLOG.FOLLOWS (FOLLOWER_ID,FOLLOWING_ID,CREATED_AT) values (19,36,to_timestamp('26/05/29 16:06:19.951000000','RR/MM/DD HH24:MI:SSXFF'));
Insert into FITLOG.FOLLOWS (FOLLOWER_ID,FOLLOWING_ID,CREATED_AT) values (19,20,to_timestamp('26/05/29 16:06:19.953000000','RR/MM/DD HH24:MI:SSXFF'));
Insert into FITLOG.FOLLOWS (FOLLOWER_ID,FOLLOWING_ID,CREATED_AT) values (20,7,to_timestamp('26/05/29 16:06:19.954000000','RR/MM/DD HH24:MI:SSXFF'));
Insert into FITLOG.FOLLOWS (FOLLOWER_ID,FOLLOWING_ID,CREATED_AT) values (20,11,to_timestamp('26/05/29 16:06:19.955000000','RR/MM/DD HH24:MI:SSXFF'));
Insert into FITLOG.FOLLOWS (FOLLOWER_ID,FOLLOWING_ID,CREATED_AT) values (20,16,to_timestamp('26/05/29 16:06:19.956000000','RR/MM/DD HH24:MI:SSXFF'));
Insert into FITLOG.FOLLOWS (FOLLOWER_ID,FOLLOWING_ID,CREATED_AT) values (20,42,to_timestamp('26/05/29 16:06:19.958000000','RR/MM/DD HH24:MI:SSXFF'));
Insert into FITLOG.FOLLOWS (FOLLOWER_ID,FOLLOWING_ID,CREATED_AT) values (36,9,to_timestamp('26/05/29 16:06:19.959000000','RR/MM/DD HH24:MI:SSXFF'));
Insert into FITLOG.FOLLOWS (FOLLOWER_ID,FOLLOWING_ID,CREATED_AT) values (36,19,to_timestamp('26/05/29 16:06:19.960000000','RR/MM/DD HH24:MI:SSXFF'));
Insert into FITLOG.FOLLOWS (FOLLOWER_ID,FOLLOWING_ID,CREATED_AT) values (36,39,to_timestamp('26/05/29 16:06:19.962000000','RR/MM/DD HH24:MI:SSXFF'));
Insert into FITLOG.FOLLOWS (FOLLOWER_ID,FOLLOWING_ID,CREATED_AT) values (37,10,to_timestamp('26/05/29 16:06:19.963000000','RR/MM/DD HH24:MI:SSXFF'));
Insert into FITLOG.FOLLOWS (FOLLOWER_ID,FOLLOWING_ID,CREATED_AT) values (37,16,to_timestamp('26/05/29 16:06:19.965000000','RR/MM/DD HH24:MI:SSXFF'));
Insert into FITLOG.FOLLOWS (FOLLOWER_ID,FOLLOWING_ID,CREATED_AT) values (37,44,to_timestamp('26/05/29 16:06:19.966000000','RR/MM/DD HH24:MI:SSXFF'));
Insert into FITLOG.FOLLOWS (FOLLOWER_ID,FOLLOWING_ID,CREATED_AT) values (38,6,to_timestamp('26/05/29 16:06:19.968000000','RR/MM/DD HH24:MI:SSXFF'));
Insert into FITLOG.FOLLOWS (FOLLOWER_ID,FOLLOWING_ID,CREATED_AT) values (38,11,to_timestamp('26/05/29 16:06:19.969000000','RR/MM/DD HH24:MI:SSXFF'));
Insert into FITLOG.FOLLOWS (FOLLOWER_ID,FOLLOWING_ID,CREATED_AT) values (38,43,to_timestamp('26/05/29 16:06:19.970000000','RR/MM/DD HH24:MI:SSXFF'));
Insert into FITLOG.FOLLOWS (FOLLOWER_ID,FOLLOWING_ID,CREATED_AT) values (38,45,to_timestamp('26/05/29 16:06:19.971000000','RR/MM/DD HH24:MI:SSXFF'));
Insert into FITLOG.FOLLOWS (FOLLOWER_ID,FOLLOWING_ID,CREATED_AT) values (39,9,to_timestamp('26/05/29 16:06:19.973000000','RR/MM/DD HH24:MI:SSXFF'));
Insert into FITLOG.FOLLOWS (FOLLOWER_ID,FOLLOWING_ID,CREATED_AT) values (39,19,to_timestamp('26/05/29 16:06:19.974000000','RR/MM/DD HH24:MI:SSXFF'));
Insert into FITLOG.FOLLOWS (FOLLOWER_ID,FOLLOWING_ID,CREATED_AT) values (39,36,to_timestamp('26/05/29 16:06:19.975000000','RR/MM/DD HH24:MI:SSXFF'));
Insert into FITLOG.FOLLOWS (FOLLOWER_ID,FOLLOWING_ID,CREATED_AT) values (40,10,to_timestamp('26/05/29 16:06:19.976000000','RR/MM/DD HH24:MI:SSXFF'));
Insert into FITLOG.FOLLOWS (FOLLOWER_ID,FOLLOWING_ID,CREATED_AT) values (40,14,to_timestamp('26/05/29 16:06:19.977000000','RR/MM/DD HH24:MI:SSXFF'));
Insert into FITLOG.FOLLOWS (FOLLOWER_ID,FOLLOWING_ID,CREATED_AT) values (40,49,to_timestamp('26/05/29 16:06:19.978000000','RR/MM/DD HH24:MI:SSXFF'));
Insert into FITLOG.FOLLOWS (FOLLOWER_ID,FOLLOWING_ID,CREATED_AT) values (41,12,to_timestamp('26/05/29 16:06:19.980000000','RR/MM/DD HH24:MI:SSXFF'));
Insert into FITLOG.FOLLOWS (FOLLOWER_ID,FOLLOWING_ID,CREATED_AT) values (41,50,to_timestamp('26/05/29 16:06:19.981000000','RR/MM/DD HH24:MI:SSXFF'));
Insert into FITLOG.FOLLOWS (FOLLOWER_ID,FOLLOWING_ID,CREATED_AT) values (42,16,to_timestamp('26/05/29 16:06:19.982000000','RR/MM/DD HH24:MI:SSXFF'));
Insert into FITLOG.FOLLOWS (FOLLOWER_ID,FOLLOWING_ID,CREATED_AT) values (42,37,to_timestamp('26/05/29 16:06:19.984000000','RR/MM/DD HH24:MI:SSXFF'));
Insert into FITLOG.FOLLOWS (FOLLOWER_ID,FOLLOWING_ID,CREATED_AT) values (42,7,to_timestamp('26/05/29 16:06:19.985000000','RR/MM/DD HH24:MI:SSXFF'));
Insert into FITLOG.FOLLOWS (FOLLOWER_ID,FOLLOWING_ID,CREATED_AT) values (43,6,to_timestamp('26/05/29 16:06:19.986000000','RR/MM/DD HH24:MI:SSXFF'));
Insert into FITLOG.FOLLOWS (FOLLOWER_ID,FOLLOWING_ID,CREATED_AT) values (43,11,to_timestamp('26/05/29 16:06:19.987000000','RR/MM/DD HH24:MI:SSXFF'));
Insert into FITLOG.FOLLOWS (FOLLOWER_ID,FOLLOWING_ID,CREATED_AT) values (43,38,to_timestamp('26/05/29 16:06:19.988000000','RR/MM/DD HH24:MI:SSXFF'));
Insert into FITLOG.FOLLOWS (FOLLOWER_ID,FOLLOWING_ID,CREATED_AT) values (44,10,to_timestamp('26/05/29 16:06:19.989000000','RR/MM/DD HH24:MI:SSXFF'));
Insert into FITLOG.FOLLOWS (FOLLOWER_ID,FOLLOWING_ID,CREATED_AT) values (44,37,to_timestamp('26/05/29 16:06:19.991000000','RR/MM/DD HH24:MI:SSXFF'));
Insert into FITLOG.FOLLOWS (FOLLOWER_ID,FOLLOWING_ID,CREATED_AT) values (44,40,to_timestamp('26/05/29 16:06:19.993000000','RR/MM/DD HH24:MI:SSXFF'));
Insert into FITLOG.FOLLOWS (FOLLOWER_ID,FOLLOWING_ID,CREATED_AT) values (45,6,to_timestamp('26/05/29 16:06:19.994000000','RR/MM/DD HH24:MI:SSXFF'));
Insert into FITLOG.FOLLOWS (FOLLOWER_ID,FOLLOWING_ID,CREATED_AT) values (45,11,to_timestamp('26/05/29 16:06:19.995000000','RR/MM/DD HH24:MI:SSXFF'));
Insert into FITLOG.FOLLOWS (FOLLOWER_ID,FOLLOWING_ID,CREATED_AT) values (45,17,to_timestamp('26/05/29 16:06:19.996000000','RR/MM/DD HH24:MI:SSXFF'));
Insert into FITLOG.FOLLOWS (FOLLOWER_ID,FOLLOWING_ID,CREATED_AT) values (45,38,to_timestamp('26/05/29 16:06:19.998000000','RR/MM/DD HH24:MI:SSXFF'));
Insert into FITLOG.FOLLOWS (FOLLOWER_ID,FOLLOWING_ID,CREATED_AT) values (46,18,to_timestamp('26/05/29 16:06:20.000000000','RR/MM/DD HH24:MI:SSXFF'));
Insert into FITLOG.FOLLOWS (FOLLOWER_ID,FOLLOWING_ID,CREATED_AT) values (46,8,to_timestamp('26/05/29 16:06:20.001000000','RR/MM/DD HH24:MI:SSXFF'));
Insert into FITLOG.FOLLOWS (FOLLOWER_ID,FOLLOWING_ID,CREATED_AT) values (46,12,to_timestamp('26/05/29 16:06:20.003000000','RR/MM/DD HH24:MI:SSXFF'));
Insert into FITLOG.FOLLOWS (FOLLOWER_ID,FOLLOWING_ID,CREATED_AT) values (47,15,to_timestamp('26/05/29 16:06:20.004000000','RR/MM/DD HH24:MI:SSXFF'));
Insert into FITLOG.FOLLOWS (FOLLOWER_ID,FOLLOWING_ID,CREATED_AT) values (47,10,to_timestamp('26/05/29 16:06:20.005000000','RR/MM/DD HH24:MI:SSXFF'));
Insert into FITLOG.FOLLOWS (FOLLOWER_ID,FOLLOWING_ID,CREATED_AT) values (47,44,to_timestamp('26/05/29 16:06:20.006000000','RR/MM/DD HH24:MI:SSXFF'));
Insert into FITLOG.FOLLOWS (FOLLOWER_ID,FOLLOWING_ID,CREATED_AT) values (48,13,to_timestamp('26/05/29 16:06:20.007000000','RR/MM/DD HH24:MI:SSXFF'));
Insert into FITLOG.FOLLOWS (FOLLOWER_ID,FOLLOWING_ID,CREATED_AT) values (48,36,to_timestamp('26/05/29 16:06:20.008000000','RR/MM/DD HH24:MI:SSXFF'));
Insert into FITLOG.FOLLOWS (FOLLOWER_ID,FOLLOWING_ID,CREATED_AT) values (48,9,to_timestamp('26/05/29 16:06:20.010000000','RR/MM/DD HH24:MI:SSXFF'));
Insert into FITLOG.FOLLOWS (FOLLOWER_ID,FOLLOWING_ID,CREATED_AT) values (49,14,to_timestamp('26/05/29 16:06:20.010000000','RR/MM/DD HH24:MI:SSXFF'));
Insert into FITLOG.FOLLOWS (FOLLOWER_ID,FOLLOWING_ID,CREATED_AT) values (49,40,to_timestamp('26/05/29 16:06:20.012000000','RR/MM/DD HH24:MI:SSXFF'));
Insert into FITLOG.FOLLOWS (FOLLOWER_ID,FOLLOWING_ID,CREATED_AT) values (49,6,to_timestamp('26/05/29 16:06:20.013000000','RR/MM/DD HH24:MI:SSXFF'));
Insert into FITLOG.FOLLOWS (FOLLOWER_ID,FOLLOWING_ID,CREATED_AT) values (50,12,to_timestamp('26/05/29 16:06:20.015000000','RR/MM/DD HH24:MI:SSXFF'));
Insert into FITLOG.FOLLOWS (FOLLOWER_ID,FOLLOWING_ID,CREATED_AT) values (50,41,to_timestamp('26/05/29 16:06:20.017000000','RR/MM/DD HH24:MI:SSXFF'));
Insert into FITLOG.FOLLOWS (FOLLOWER_ID,FOLLOWING_ID,CREATED_AT) values (50,46,to_timestamp('26/05/29 16:06:20.022000000','RR/MM/DD HH24:MI:SSXFF'));
Insert into FITLOG.FOLLOWS (FOLLOWER_ID,FOLLOWING_ID,CREATED_AT) values (1,6,to_timestamp('26/05/29 16:59:41.624000000','RR/MM/DD HH24:MI:SSXFF'));
Insert into FITLOG.FOLLOWS (FOLLOWER_ID,FOLLOWING_ID,CREATED_AT) values (6,1,to_timestamp('26/05/29 16:59:41.625000000','RR/MM/DD HH24:MI:SSXFF'));
Insert into FITLOG.FOLLOWS (FOLLOWER_ID,FOLLOWING_ID,CREATED_AT) values (1,7,to_timestamp('26/05/29 16:59:41.625000000','RR/MM/DD HH24:MI:SSXFF'));
Insert into FITLOG.FOLLOWS (FOLLOWER_ID,FOLLOWING_ID,CREATED_AT) values (7,1,to_timestamp('26/05/29 16:59:41.626000000','RR/MM/DD HH24:MI:SSXFF'));
Insert into FITLOG.FOLLOWS (FOLLOWER_ID,FOLLOWING_ID,CREATED_AT) values (1,14,to_timestamp('26/05/29 16:59:41.627000000','RR/MM/DD HH24:MI:SSXFF'));
Insert into FITLOG.FOLLOWS (FOLLOWER_ID,FOLLOWING_ID,CREATED_AT) values (14,1,to_timestamp('26/05/29 16:59:41.628000000','RR/MM/DD HH24:MI:SSXFF'));
Insert into FITLOG.FOLLOWS (FOLLOWER_ID,FOLLOWING_ID,CREATED_AT) values (43,1,to_timestamp('26/05/29 16:59:41.629000000','RR/MM/DD HH24:MI:SSXFF'));
Insert into FITLOG.FOLLOWS (FOLLOWER_ID,FOLLOWING_ID,CREATED_AT) values (1,5,to_timestamp('26/05/29 16:59:41.629000000','RR/MM/DD HH24:MI:SSXFF'));
Insert into FITLOG.FOLLOWS (FOLLOWER_ID,FOLLOWING_ID,CREATED_AT) values (2,6,to_timestamp('26/05/29 16:59:41.631000000','RR/MM/DD HH24:MI:SSXFF'));
Insert into FITLOG.FOLLOWS (FOLLOWER_ID,FOLLOWING_ID,CREATED_AT) values (6,2,to_timestamp('26/05/29 16:59:41.631000000','RR/MM/DD HH24:MI:SSXFF'));
Insert into FITLOG.FOLLOWS (FOLLOWER_ID,FOLLOWING_ID,CREATED_AT) values (2,11,to_timestamp('26/05/29 16:59:41.632000000','RR/MM/DD HH24:MI:SSXFF'));
Insert into FITLOG.FOLLOWS (FOLLOWER_ID,FOLLOWING_ID,CREATED_AT) values (2,16,to_timestamp('26/05/29 16:59:41.632000000','RR/MM/DD HH24:MI:SSXFF'));
Insert into FITLOG.FOLLOWS (FOLLOWER_ID,FOLLOWING_ID,CREATED_AT) values (16,2,to_timestamp('26/05/29 16:59:41.633000000','RR/MM/DD HH24:MI:SSXFF'));
Insert into FITLOG.FOLLOWS (FOLLOWER_ID,FOLLOWING_ID,CREATED_AT) values (2,44,to_timestamp('26/05/29 16:59:41.633000000','RR/MM/DD HH24:MI:SSXFF'));
Insert into FITLOG.FOLLOWS (FOLLOWER_ID,FOLLOWING_ID,CREATED_AT) values (44,2,to_timestamp('26/05/29 16:59:41.634000000','RR/MM/DD HH24:MI:SSXFF'));
Insert into FITLOG.FOLLOWS (FOLLOWER_ID,FOLLOWING_ID,CREATED_AT) values (2,5,to_timestamp('26/05/29 16:59:41.636000000','RR/MM/DD HH24:MI:SSXFF'));
Insert into FITLOG.FOLLOWS (FOLLOWER_ID,FOLLOWING_ID,CREATED_AT) values (5,2,to_timestamp('26/05/29 16:59:41.637000000','RR/MM/DD HH24:MI:SSXFF'));
Insert into FITLOG.FOLLOWS (FOLLOWER_ID,FOLLOWING_ID,CREATED_AT) values (5,6,to_timestamp('26/05/29 16:59:41.640000000','RR/MM/DD HH24:MI:SSXFF'));
Insert into FITLOG.FOLLOWS (FOLLOWER_ID,FOLLOWING_ID,CREATED_AT) values (6,5,to_timestamp('26/05/29 16:59:41.641000000','RR/MM/DD HH24:MI:SSXFF'));
Insert into FITLOG.FOLLOWS (FOLLOWER_ID,FOLLOWING_ID,CREATED_AT) values (5,11,to_timestamp('26/05/29 16:59:41.641000000','RR/MM/DD HH24:MI:SSXFF'));
Insert into FITLOG.FOLLOWS (FOLLOWER_ID,FOLLOWING_ID,CREATED_AT) values (11,5,to_timestamp('26/05/29 16:59:41.642000000','RR/MM/DD HH24:MI:SSXFF'));
Insert into FITLOG.FOLLOWS (FOLLOWER_ID,FOLLOWING_ID,CREATED_AT) values (5,38,to_timestamp('26/05/29 16:59:41.643000000','RR/MM/DD HH24:MI:SSXFF'));
Insert into FITLOG.FOLLOWS (FOLLOWER_ID,FOLLOWING_ID,CREATED_AT) values (38,5,to_timestamp('26/05/29 16:59:41.643000000','RR/MM/DD HH24:MI:SSXFF'));
Insert into FITLOG.FOLLOWS (FOLLOWER_ID,FOLLOWING_ID,CREATED_AT) values (5,45,to_timestamp('26/05/29 16:59:41.644000000','RR/MM/DD HH24:MI:SSXFF'));
Insert into FITLOG.FOLLOWS (FOLLOWER_ID,FOLLOWING_ID,CREATED_AT) values (45,5,to_timestamp('26/05/29 16:59:41.644000000','RR/MM/DD HH24:MI:SSXFF'));
Insert into FITLOG.FOLLOWS (FOLLOWER_ID,FOLLOWING_ID,CREATED_AT) values (44,7,to_timestamp('26/05/29 16:59:41.657000000','RR/MM/DD HH24:MI:SSXFF'));
Insert into FITLOG.FOLLOWS (FOLLOWER_ID,FOLLOWING_ID,CREATED_AT) values (9,36,to_timestamp('26/05/29 16:59:41.659000000','RR/MM/DD HH24:MI:SSXFF'));
Insert into FITLOG.FOLLOWS (FOLLOWER_ID,FOLLOWING_ID,CREATED_AT) values (9,48,to_timestamp('26/05/29 16:59:41.661000000','RR/MM/DD HH24:MI:SSXFF'));
Insert into FITLOG.FOLLOWS (FOLLOWER_ID,FOLLOWING_ID,CREATED_AT) values (11,14,to_timestamp('26/05/29 16:59:41.662000000','RR/MM/DD HH24:MI:SSXFF'));
Insert into FITLOG.FOLLOWS (FOLLOWER_ID,FOLLOWING_ID,CREATED_AT) values (14,11,to_timestamp('26/05/29 16:59:41.662000000','RR/MM/DD HH24:MI:SSXFF'));
Insert into FITLOG.FOLLOWS (FOLLOWER_ID,FOLLOWING_ID,CREATED_AT) values (12,46,to_timestamp('26/05/29 16:59:41.671000000','RR/MM/DD HH24:MI:SSXFF'));
Insert into FITLOG.FOLLOWS (FOLLOWER_ID,FOLLOWING_ID,CREATED_AT) values (12,18,to_timestamp('26/05/29 16:59:41.672000000','RR/MM/DD HH24:MI:SSXFF'));
Insert into FITLOG.FOLLOWS (FOLLOWER_ID,FOLLOWING_ID,CREATED_AT) values (18,12,to_timestamp('26/05/29 16:59:41.672000000','RR/MM/DD HH24:MI:SSXFF'));
Insert into FITLOG.FOLLOWS (FOLLOWER_ID,FOLLOWING_ID,CREATED_AT) values (14,17,to_timestamp('26/05/29 16:59:41.679000000','RR/MM/DD HH24:MI:SSXFF'));
Insert into FITLOG.FOLLOWS (FOLLOWER_ID,FOLLOWING_ID,CREATED_AT) values (17,14,to_timestamp('26/05/29 16:59:41.682000000','RR/MM/DD HH24:MI:SSXFF'));
Insert into FITLOG.FOLLOWS (FOLLOWER_ID,FOLLOWING_ID,CREATED_AT) values (44,15,to_timestamp('26/05/29 16:59:41.685000000','RR/MM/DD HH24:MI:SSXFF'));
Insert into FITLOG.FOLLOWS (FOLLOWER_ID,FOLLOWING_ID,CREATED_AT) values (15,37,to_timestamp('26/05/29 16:59:41.686000000','RR/MM/DD HH24:MI:SSXFF'));
Insert into FITLOG.FOLLOWS (FOLLOWER_ID,FOLLOWING_ID,CREATED_AT) values (37,15,to_timestamp('26/05/29 16:59:41.686000000','RR/MM/DD HH24:MI:SSXFF'));
Insert into FITLOG.FOLLOWS (FOLLOWER_ID,FOLLOWING_ID,CREATED_AT) values (16,37,to_timestamp('26/05/29 16:59:41.690000000','RR/MM/DD HH24:MI:SSXFF'));
Insert into FITLOG.FOLLOWS (FOLLOWER_ID,FOLLOWING_ID,CREATED_AT) values (38,17,to_timestamp('26/05/29 16:59:41.693000000','RR/MM/DD HH24:MI:SSXFF'));
Insert into FITLOG.FOLLOWS (FOLLOWER_ID,FOLLOWING_ID,CREATED_AT) values (17,6,to_timestamp('26/05/29 16:59:41.696000000','RR/MM/DD HH24:MI:SSXFF'));
Insert into FITLOG.FOLLOWS (FOLLOWER_ID,FOLLOWING_ID,CREATED_AT) values (18,19,to_timestamp('26/05/29 16:59:41.699000000','RR/MM/DD HH24:MI:SSXFF'));
Insert into FITLOG.FOLLOWS (FOLLOWER_ID,FOLLOWING_ID,CREATED_AT) values (19,18,to_timestamp('26/05/29 16:59:41.700000000','RR/MM/DD HH24:MI:SSXFF'));
Insert into FITLOG.FOLLOWS (FOLLOWER_ID,FOLLOWING_ID,CREATED_AT) values (19,7,to_timestamp('26/05/29 16:59:41.705000000','RR/MM/DD HH24:MI:SSXFF'));
Insert into FITLOG.FOLLOWS (FOLLOWER_ID,FOLLOWING_ID,CREATED_AT) values (7,19,to_timestamp('26/05/29 16:59:41.706000000','RR/MM/DD HH24:MI:SSXFF'));
Insert into FITLOG.FOLLOWS (FOLLOWER_ID,FOLLOWING_ID,CREATED_AT) values (42,20,to_timestamp('26/05/29 16:59:41.707000000','RR/MM/DD HH24:MI:SSXFF'));
Insert into FITLOG.FOLLOWS (FOLLOWER_ID,FOLLOWING_ID,CREATED_AT) values (40,6,to_timestamp('26/05/29 16:59:41.715000000','RR/MM/DD HH24:MI:SSXFF'));
Insert into FITLOG.FOLLOWS (FOLLOWER_ID,FOLLOWING_ID,CREATED_AT) values (6,40,to_timestamp('26/05/29 16:59:41.715000000','RR/MM/DD HH24:MI:SSXFF'));
Insert into FITLOG.FOLLOWS (FOLLOWER_ID,FOLLOWING_ID,CREATED_AT) values (41,46,to_timestamp('26/05/29 16:59:41.719000000','RR/MM/DD HH24:MI:SSXFF'));
Insert into FITLOG.FOLLOWS (FOLLOWER_ID,FOLLOWING_ID,CREATED_AT) values (46,41,to_timestamp('26/05/29 16:59:41.720000000','RR/MM/DD HH24:MI:SSXFF'));
Insert into FITLOG.FOLLOWS (FOLLOWER_ID,FOLLOWING_ID,CREATED_AT) values (37,42,to_timestamp('26/05/29 16:59:41.722000000','RR/MM/DD HH24:MI:SSXFF'));
Insert into FITLOG.FOLLOWS (FOLLOWER_ID,FOLLOWING_ID,CREATED_AT) values (43,5,to_timestamp('26/05/29 16:59:41.726000000','RR/MM/DD HH24:MI:SSXFF'));
Insert into FITLOG.FOLLOWS (FOLLOWER_ID,FOLLOWING_ID,CREATED_AT) values (5,43,to_timestamp('26/05/29 16:59:41.727000000','RR/MM/DD HH24:MI:SSXFF'));
Insert into FITLOG.FOLLOWS (FOLLOWER_ID,FOLLOWING_ID,CREATED_AT) values (6,45,to_timestamp('26/05/29 16:59:41.728000000','RR/MM/DD HH24:MI:SSXFF'));
Insert into FITLOG.FOLLOWS (FOLLOWER_ID,FOLLOWING_ID,CREATED_AT) values (47,37,to_timestamp('26/05/29 16:59:41.729000000','RR/MM/DD HH24:MI:SSXFF'));
Insert into FITLOG.FOLLOWS (FOLLOWER_ID,FOLLOWING_ID,CREATED_AT) values (37,47,to_timestamp('26/05/29 16:59:41.730000000','RR/MM/DD HH24:MI:SSXFF'));
Insert into FITLOG.FOLLOWS (FOLLOWER_ID,FOLLOWING_ID,CREATED_AT) values (44,47,to_timestamp('26/05/29 16:59:41.732000000','RR/MM/DD HH24:MI:SSXFF'));
Insert into FITLOG.FOLLOWS (FOLLOWER_ID,FOLLOWING_ID,CREATED_AT) values (48,19,to_timestamp('26/05/29 16:59:41.733000000','RR/MM/DD HH24:MI:SSXFF'));
Insert into FITLOG.FOLLOWS (FOLLOWER_ID,FOLLOWING_ID,CREATED_AT) values (19,48,to_timestamp('26/05/29 16:59:41.733000000','RR/MM/DD HH24:MI:SSXFF'));
Insert into FITLOG.FOLLOWS (FOLLOWER_ID,FOLLOWING_ID,CREATED_AT) values (36,48,to_timestamp('26/05/29 16:59:41.734000000','RR/MM/DD HH24:MI:SSXFF'));
Insert into FITLOG.FOLLOWS (FOLLOWER_ID,FOLLOWING_ID,CREATED_AT) values (6,49,to_timestamp('26/05/29 16:59:41.735000000','RR/MM/DD HH24:MI:SSXFF'));
Insert into FITLOG.FOLLOWS (FOLLOWER_ID,FOLLOWING_ID,CREATED_AT) values (46,50,to_timestamp('26/05/29 16:59:41.738000000','RR/MM/DD HH24:MI:SSXFF'));
Insert into FITLOG.FOLLOWS (FOLLOWER_ID,FOLLOWING_ID,CREATED_AT) values (41,11,to_timestamp('26/05/29 17:19:00.504000000','RR/MM/DD HH24:MI:SSXFF'));
Insert into FITLOG.FOLLOWS (FOLLOWER_ID,FOLLOWING_ID,CREATED_AT) values (11,7,to_timestamp('26/05/29 17:06:29.030000000','RR/MM/DD HH24:MI:SSXFF'));
Insert into FITLOG.FOLLOWS (FOLLOWER_ID,FOLLOWING_ID,CREATED_AT) values (11,41,to_timestamp('26/05/29 17:42:22.578000000','RR/MM/DD HH24:MI:SSXFF'));
Insert into FITLOG.FOLLOWS (FOLLOWER_ID,FOLLOWING_ID,CREATED_AT) values (11,1,to_timestamp('26/05/29 17:43:12.293000000','RR/MM/DD HH24:MI:SSXFF'));
Insert into FITLOG.FOLLOWS (FOLLOWER_ID,FOLLOWING_ID,CREATED_AT) values (11,17,to_timestamp('26/05/29 17:43:13.275000000','RR/MM/DD HH24:MI:SSXFF'));
Insert into FITLOG.FOLLOWS (FOLLOWER_ID,FOLLOWING_ID,CREATED_AT) values (11,36,to_timestamp('26/05/29 17:43:13.658000000','RR/MM/DD HH24:MI:SSXFF'));
Insert into FITLOG.FOLLOWS (FOLLOWER_ID,FOLLOWING_ID,CREATED_AT) values (13,11,to_timestamp('26/06/02 10:54:57.369000000','RR/MM/DD HH24:MI:SSXFF'));
Insert into FITLOG.FOLLOWS (FOLLOWER_ID,FOLLOWING_ID,CREATED_AT) values (11,40,to_timestamp('26/06/02 14:31:12.765000000','RR/MM/DD HH24:MI:SSXFF'));
Insert into FITLOG.FOLLOWS (FOLLOWER_ID,FOLLOWING_ID,CREATED_AT) values (11,39,to_timestamp('26/06/02 14:31:14.163000000','RR/MM/DD HH24:MI:SSXFF'));
Insert into FITLOG.FOLLOWS (FOLLOWER_ID,FOLLOWING_ID,CREATED_AT) values (17,7,to_timestamp('26/06/04 15:35:15.410000000','RR/MM/DD HH24:MI:SSXFF'));
Insert into FITLOG.FOLLOWS (FOLLOWER_ID,FOLLOWING_ID,CREATED_AT) values (11,50,to_timestamp('26/06/15 14:48:14.705000000','RR/MM/DD HH24:MI:SSXFF'));
Insert into FITLOG.FOLLOWS (FOLLOWER_ID,FOLLOWING_ID,CREATED_AT) values (11,16,to_timestamp('26/06/15 14:48:16.920000000','RR/MM/DD HH24:MI:SSXFF'));
Insert into FITLOG.FOLLOWS (FOLLOWER_ID,FOLLOWING_ID,CREATED_AT) values (5,1,to_timestamp('26/05/29 16:06:41.126000000','RR/MM/DD HH24:MI:SSXFF'));
Insert into FITLOG.FOLLOWS (FOLLOWER_ID,FOLLOWING_ID,CREATED_AT) values (11,9,to_timestamp('26/05/29 16:56:20.478000000','RR/MM/DD HH24:MI:SSXFF'));
Insert into FITLOG.FOLLOWS (FOLLOWER_ID,FOLLOWING_ID,CREATED_AT) values (10,7,to_timestamp('26/06/01 14:41:24.676000000','RR/MM/DD HH24:MI:SSXFF'));
Insert into FITLOG.FOLLOWS (FOLLOWER_ID,FOLLOWING_ID,CREATED_AT) values (11,13,to_timestamp('26/05/29 16:56:21.758000000','RR/MM/DD HH24:MI:SSXFF'));
Insert into FITLOG.FOLLOWS (FOLLOWER_ID,FOLLOWING_ID,CREATED_AT) values (11,2,to_timestamp('26/05/29 16:56:22.205000000','RR/MM/DD HH24:MI:SSXFF'));
Insert into FITLOG.FOLLOWS (FOLLOWER_ID,FOLLOWING_ID,CREATED_AT) values (11,3,to_timestamp('26/05/29 16:56:22.966000000','RR/MM/DD HH24:MI:SSXFF'));
Insert into FITLOG.FOLLOWS (FOLLOWER_ID,FOLLOWING_ID,CREATED_AT) values (1,9,to_timestamp('26/05/29 16:56:53.856000000','RR/MM/DD HH24:MI:SSXFF'));
Insert into FITLOG.FOLLOWS (FOLLOWER_ID,FOLLOWING_ID,CREATED_AT) values (1,11,to_timestamp('26/05/29 16:56:54.671000000','RR/MM/DD HH24:MI:SSXFF'));
Insert into FITLOG.FOLLOWS (FOLLOWER_ID,FOLLOWING_ID,CREATED_AT) values (1,38,to_timestamp('26/05/29 16:56:55.167000000','RR/MM/DD HH24:MI:SSXFF'));
Insert into FITLOG.FOLLOWS (FOLLOWER_ID,FOLLOWING_ID,CREATED_AT) values (1,43,to_timestamp('26/05/29 16:56:55.568000000','RR/MM/DD HH24:MI:SSXFF'));
Insert into FITLOG.FOLLOWS (FOLLOWER_ID,FOLLOWING_ID,CREATED_AT) values (1,13,to_timestamp('26/05/29 16:56:56.168000000','RR/MM/DD HH24:MI:SSXFF'));
Insert into FITLOG.FOLLOWS (FOLLOWER_ID,FOLLOWING_ID,CREATED_AT) values (10,15,to_timestamp('26/06/01 14:41:34.217000000','RR/MM/DD HH24:MI:SSXFF'));
Insert into FITLOG.FOLLOWS (FOLLOWER_ID,FOLLOWING_ID,CREATED_AT) values (10,12,to_timestamp('26/06/01 14:41:34.809000000','RR/MM/DD HH24:MI:SSXFF'));
Insert into FITLOG.FOLLOWS (FOLLOWER_ID,FOLLOWING_ID,CREATED_AT) values (2,1,to_timestamp('26/05/29 11:32:12.854000000','RR/MM/DD HH24:MI:SSXFF'));
Insert into FITLOG.FOLLOWS (FOLLOWER_ID,FOLLOWING_ID,CREATED_AT) values (1,2,to_timestamp('26/05/29 11:35:01.899000000','RR/MM/DD HH24:MI:SSXFF'));
Insert into FITLOG.FOLLOWS (FOLLOWER_ID,FOLLOWING_ID,CREATED_AT) values (17,11,to_timestamp('26/05/29 17:06:10.004000000','RR/MM/DD HH24:MI:SSXFF'));
Insert into FITLOG.FOLLOWS (FOLLOWER_ID,FOLLOWING_ID,CREATED_AT) values (36,11,to_timestamp('26/05/29 17:06:41.508000000','RR/MM/DD HH24:MI:SSXFF'));
Insert into FITLOG.FOLLOWS (FOLLOWER_ID,FOLLOWING_ID,CREATED_AT) values (1,17,to_timestamp('26/06/04 15:29:48.925000000','RR/MM/DD HH24:MI:SSXFF'));
Insert into FITLOG.FOLLOWS (FOLLOWER_ID,FOLLOWING_ID,CREATED_AT) values (12,6,to_timestamp('26/05/29 16:57:06.543000000','RR/MM/DD HH24:MI:SSXFF'));
Insert into FITLOG.FOLLOWS (FOLLOWER_ID,FOLLOWING_ID,CREATED_AT) values (12,11,to_timestamp('26/05/29 16:57:06.990000000','RR/MM/DD HH24:MI:SSXFF'));
Insert into FITLOG.FOLLOWS (FOLLOWER_ID,FOLLOWING_ID,CREATED_AT) values (12,9,to_timestamp('26/05/29 16:57:07.422000000','RR/MM/DD HH24:MI:SSXFF'));
Insert into FITLOG.FOLLOWS (FOLLOWER_ID,FOLLOWING_ID,CREATED_AT) values (12,38,to_timestamp('26/05/29 16:57:07.919000000','RR/MM/DD HH24:MI:SSXFF'));
Insert into FITLOG.FOLLOWS (FOLLOWER_ID,FOLLOWING_ID,CREATED_AT) values (12,10,to_timestamp('26/05/29 16:57:08.351000000','RR/MM/DD HH24:MI:SSXFF'));
Insert into FITLOG.FOLLOWS (FOLLOWER_ID,FOLLOWING_ID,CREATED_AT) values (14,10,to_timestamp('26/06/01 15:21:52.260000000','RR/MM/DD HH24:MI:SSXFF'));
Insert into FITLOG.FOLLOWS (FOLLOWER_ID,FOLLOWING_ID,CREATED_AT) values (11,12,to_timestamp('26/05/29 17:38:46.732000000','RR/MM/DD HH24:MI:SSXFF'));
Insert into FITLOG.FOLLOWS (FOLLOWER_ID,FOLLOWING_ID,CREATED_AT) values (14,7,to_timestamp('26/06/01 15:21:51.989000000','RR/MM/DD HH24:MI:SSXFF'));
REM INSERTING into FITLOG.GROUP_MEMBERS
SET DEFINE OFF;
Insert into FITLOG.GROUP_MEMBERS (ID,ROOM_ID,USER_ID,IS_ADMIN,JOINED_AT) values (21,42,11,1,to_timestamp('26/06/15 14:50:23.308000000','RR/MM/DD HH24:MI:SSXFF'));
Insert into FITLOG.GROUP_MEMBERS (ID,ROOM_ID,USER_ID,IS_ADMIN,JOINED_AT) values (22,42,12,0,to_timestamp('26/06/15 14:50:23.313000000','RR/MM/DD HH24:MI:SSXFF'));
Insert into FITLOG.GROUP_MEMBERS (ID,ROOM_ID,USER_ID,IS_ADMIN,JOINED_AT) values (23,42,1,0,to_timestamp('26/06/15 14:50:23.314000000','RR/MM/DD HH24:MI:SSXFF'));
Insert into FITLOG.GROUP_MEMBERS (ID,ROOM_ID,USER_ID,IS_ADMIN,JOINED_AT) values (24,42,36,0,to_timestamp('26/06/15 14:50:23.314000000','RR/MM/DD HH24:MI:SSXFF'));
Insert into FITLOG.GROUP_MEMBERS (ID,ROOM_ID,USER_ID,IS_ADMIN,JOINED_AT) values (5,26,11,1,to_timestamp('26/06/02 10:55:34.070000000','RR/MM/DD HH24:MI:SSXFF'));
Insert into FITLOG.GROUP_MEMBERS (ID,ROOM_ID,USER_ID,IS_ADMIN,JOINED_AT) values (6,26,13,0,to_timestamp('26/06/02 10:55:34.072000000','RR/MM/DD HH24:MI:SSXFF'));
Insert into FITLOG.GROUP_MEMBERS (ID,ROOM_ID,USER_ID,IS_ADMIN,JOINED_AT) values (7,26,1,0,to_timestamp('26/06/02 10:55:34.072000000','RR/MM/DD HH24:MI:SSXFF'));
Insert into FITLOG.GROUP_MEMBERS (ID,ROOM_ID,USER_ID,IS_ADMIN,JOINED_AT) values (1,25,11,1,to_timestamp('26/06/02 10:14:50.819000000','RR/MM/DD HH24:MI:SSXFF'));
Insert into FITLOG.GROUP_MEMBERS (ID,ROOM_ID,USER_ID,IS_ADMIN,JOINED_AT) values (2,25,12,0,to_timestamp('26/06/02 10:14:50.833000000','RR/MM/DD HH24:MI:SSXFF'));
Insert into FITLOG.GROUP_MEMBERS (ID,ROOM_ID,USER_ID,IS_ADMIN,JOINED_AT) values (3,25,1,0,to_timestamp('26/06/02 10:14:50.834000000','RR/MM/DD HH24:MI:SSXFF'));
Insert into FITLOG.GROUP_MEMBERS (ID,ROOM_ID,USER_ID,IS_ADMIN,JOINED_AT) values (4,25,36,0,to_timestamp('26/06/02 10:14:50.835000000','RR/MM/DD HH24:MI:SSXFF'));
REM INSERTING into FITLOG.GROUP_READ_STATUS
SET DEFINE OFF;
Insert into FITLOG.GROUP_READ_STATUS (ROOM_ID,USER_ID,LAST_READ_AT) values (42,11,to_timestamp('26/06/15 14:50:25.801000000','RR/MM/DD HH24:MI:SSXFF'));
Insert into FITLOG.GROUP_READ_STATUS (ROOM_ID,USER_ID,LAST_READ_AT) values (42,12,to_timestamp('26/06/15 14:50:23.313000000','RR/MM/DD HH24:MI:SSXFF'));
Insert into FITLOG.GROUP_READ_STATUS (ROOM_ID,USER_ID,LAST_READ_AT) values (42,1,to_timestamp('26/06/15 14:50:23.314000000','RR/MM/DD HH24:MI:SSXFF'));
Insert into FITLOG.GROUP_READ_STATUS (ROOM_ID,USER_ID,LAST_READ_AT) values (42,36,to_timestamp('26/06/15 14:50:23.315000000','RR/MM/DD HH24:MI:SSXFF'));
Insert into FITLOG.GROUP_READ_STATUS (ROOM_ID,USER_ID,LAST_READ_AT) values (26,11,to_timestamp('26/06/15 11:20:03.638000000','RR/MM/DD HH24:MI:SSXFF'));
Insert into FITLOG.GROUP_READ_STATUS (ROOM_ID,USER_ID,LAST_READ_AT) values (26,13,to_timestamp('26/06/02 11:43:04.182000000','RR/MM/DD HH24:MI:SSXFF'));
Insert into FITLOG.GROUP_READ_STATUS (ROOM_ID,USER_ID,LAST_READ_AT) values (26,1,to_timestamp('26/06/02 10:56:07.816000000','RR/MM/DD HH24:MI:SSXFF'));
Insert into FITLOG.GROUP_READ_STATUS (ROOM_ID,USER_ID,LAST_READ_AT) values (25,11,to_timestamp('26/06/02 11:42:45.787000000','RR/MM/DD HH24:MI:SSXFF'));
Insert into FITLOG.GROUP_READ_STATUS (ROOM_ID,USER_ID,LAST_READ_AT) values (25,12,to_timestamp('26/06/02 10:14:50.834000000','RR/MM/DD HH24:MI:SSXFF'));
Insert into FITLOG.GROUP_READ_STATUS (ROOM_ID,USER_ID,LAST_READ_AT) values (25,1,to_timestamp('26/06/02 10:31:14.472000000','RR/MM/DD HH24:MI:SSXFF'));
Insert into FITLOG.GROUP_READ_STATUS (ROOM_ID,USER_ID,LAST_READ_AT) values (25,36,to_timestamp('26/06/02 10:14:50.835000000','RR/MM/DD HH24:MI:SSXFF'));
REM INSERTING into FITLOG.ITEM_CATEGORIES
SET DEFINE OFF;
Insert into FITLOG.ITEM_CATEGORIES (ID,VALUE,LABEL,SORT_ORDER) values (1,'top','상의',1);
Insert into FITLOG.ITEM_CATEGORIES (ID,VALUE,LABEL,SORT_ORDER) values (2,'bottom','하의',2);
Insert into FITLOG.ITEM_CATEGORIES (ID,VALUE,LABEL,SORT_ORDER) values (3,'outer','아우터',3);
Insert into FITLOG.ITEM_CATEGORIES (ID,VALUE,LABEL,SORT_ORDER) values (4,'shoes','신발',4);
Insert into FITLOG.ITEM_CATEGORIES (ID,VALUE,LABEL,SORT_ORDER) values (5,'bag','가방',5);
Insert into FITLOG.ITEM_CATEGORIES (ID,VALUE,LABEL,SORT_ORDER) values (6,'acc','액세서리',6);
Insert into FITLOG.ITEM_CATEGORIES (ID,VALUE,LABEL,SORT_ORDER) values (7,'etc','기타',7);
REM INSERTING into FITLOG.LIKES
SET DEFINE OFF;
Insert into FITLOG.LIKES (ID,USER_ID,POST_ID,CREATED_AT) values (41,11,107,to_timestamp('26/06/15 11:16:53.207000000','RR/MM/DD HH24:MI:SSXFF'));
Insert into FITLOG.LIKES (ID,USER_ID,POST_ID,CREATED_AT) values (2,50,7,to_timestamp('26/06/01 12:10:05.742000000','RR/MM/DD HH24:MI:SSXFF'));
Insert into FITLOG.LIKES (ID,USER_ID,POST_ID,CREATED_AT) values (3,50,70,to_timestamp('26/06/01 12:10:08.807000000','RR/MM/DD HH24:MI:SSXFF'));
Insert into FITLOG.LIKES (ID,USER_ID,POST_ID,CREATED_AT) values (4,50,44,to_timestamp('26/06/01 12:10:10.904000000','RR/MM/DD HH24:MI:SSXFF'));
Insert into FITLOG.LIKES (ID,USER_ID,POST_ID,CREATED_AT) values (5,50,26,to_timestamp('26/06/01 12:10:13.630000000','RR/MM/DD HH24:MI:SSXFF'));
Insert into FITLOG.LIKES (ID,USER_ID,POST_ID,CREATED_AT) values (8,14,63,to_timestamp('26/06/01 15:22:06.965000000','RR/MM/DD HH24:MI:SSXFF'));
Insert into FITLOG.LIKES (ID,USER_ID,POST_ID,CREATED_AT) values (9,11,66,to_timestamp('26/06/01 15:23:54.608000000','RR/MM/DD HH24:MI:SSXFF'));
Insert into FITLOG.LIKES (ID,USER_ID,POST_ID,CREATED_AT) values (10,11,59,to_timestamp('26/06/01 15:31:38.011000000','RR/MM/DD HH24:MI:SSXFF'));
Insert into FITLOG.LIKES (ID,USER_ID,POST_ID,CREATED_AT) values (11,11,63,to_timestamp('26/06/02 14:32:15.801000000','RR/MM/DD HH24:MI:SSXFF'));
Insert into FITLOG.LIKES (ID,USER_ID,POST_ID,CREATED_AT) values (1,5,8,to_timestamp('26/05/29 15:19:15.647000000','RR/MM/DD HH24:MI:SSXFF'));
Insert into FITLOG.LIKES (ID,USER_ID,POST_ID,CREATED_AT) values (21,17,102,to_timestamp('26/06/04 14:55:48.965000000','RR/MM/DD HH24:MI:SSXFF'));
Insert into FITLOG.LIKES (ID,USER_ID,POST_ID,CREATED_AT) values (6,14,75,to_timestamp('26/06/01 15:20:45.142000000','RR/MM/DD HH24:MI:SSXFF'));
Insert into FITLOG.LIKES (ID,USER_ID,POST_ID,CREATED_AT) values (7,14,74,to_timestamp('26/06/01 15:21:11.316000000','RR/MM/DD HH24:MI:SSXFF'));
Insert into FITLOG.LIKES (ID,USER_ID,POST_ID,CREATED_AT) values (25,17,77,to_timestamp('26/06/04 15:34:37.906000000','RR/MM/DD HH24:MI:SSXFF'));
Insert into FITLOG.LIKES (ID,USER_ID,POST_ID,CREATED_AT) values (23,17,94,to_timestamp('26/06/04 15:34:33.896000000','RR/MM/DD HH24:MI:SSXFF'));
Insert into FITLOG.LIKES (ID,USER_ID,POST_ID,CREATED_AT) values (24,17,78,to_timestamp('26/06/04 15:34:36.417000000','RR/MM/DD HH24:MI:SSXFF'));
REM INSERTING into FITLOG.NOTIFICATIONS
SET DEFINE OFF;
Insert into FITLOG.NOTIFICATIONS (ID,USER_ID,SENDER_ID,TYPE,POST_ID,COMMENT_ID,IS_READ,CREATED_AT) values (24,11,41,'follow',null,null,0,to_timestamp('26/05/29 17:19:00.506000000','RR/MM/DD HH24:MI:SSXFF'));
Insert into FITLOG.NOTIFICATIONS (ID,USER_ID,SENDER_ID,TYPE,POST_ID,COMMENT_ID,IS_READ,CREATED_AT) values (34,11,1,'chat_accepted',null,null,0,to_timestamp('26/05/29 17:59:14.085000000','RR/MM/DD HH24:MI:SSXFF'));
Insert into FITLOG.NOTIFICATIONS (ID,USER_ID,SENDER_ID,TYPE,POST_ID,COMMENT_ID,IS_READ,CREATED_AT) values (60,14,11,'story_like',null,null,0,to_timestamp('26/06/02 15:14:36.246000000','RR/MM/DD HH24:MI:SSXFF'));
Insert into FITLOG.NOTIFICATIONS (ID,USER_ID,SENDER_ID,TYPE,POST_ID,COMMENT_ID,IS_READ,CREATED_AT) values (61,14,11,'story_like',null,null,0,to_timestamp('26/06/02 15:14:40.884000000','RR/MM/DD HH24:MI:SSXFF'));
Insert into FITLOG.NOTIFICATIONS (ID,USER_ID,SENDER_ID,TYPE,POST_ID,COMMENT_ID,IS_READ,CREATED_AT) values (82,17,11,'like',107,null,0,to_timestamp('26/06/15 11:16:53.213000000','RR/MM/DD HH24:MI:SSXFF'));
Insert into FITLOG.NOTIFICATIONS (ID,USER_ID,SENDER_ID,TYPE,POST_ID,COMMENT_ID,IS_READ,CREATED_AT) values (83,17,11,'comment',107,null,0,to_timestamp('26/06/15 11:16:56.221000000','RR/MM/DD HH24:MI:SSXFF'));
Insert into FITLOG.NOTIFICATIONS (ID,USER_ID,SENDER_ID,TYPE,POST_ID,COMMENT_ID,IS_READ,CREATED_AT) values (84,1,11,'tag',122,null,0,to_timestamp('26/06/15 11:19:31.300000000','RR/MM/DD HH24:MI:SSXFF'));
Insert into FITLOG.NOTIFICATIONS (ID,USER_ID,SENDER_ID,TYPE,POST_ID,COMMENT_ID,IS_READ,CREATED_AT) values (89,12,11,'story_reply',null,null,0,to_timestamp('26/06/15 14:48:30.932000000','RR/MM/DD HH24:MI:SSXFF'));
Insert into FITLOG.NOTIFICATIONS (ID,USER_ID,SENDER_ID,TYPE,POST_ID,COMMENT_ID,IS_READ,CREATED_AT) values (90,1,11,'tag',124,null,0,to_timestamp('26/06/15 14:49:35.001000000','RR/MM/DD HH24:MI:SSXFF'));
Insert into FITLOG.NOTIFICATIONS (ID,USER_ID,SENDER_ID,TYPE,POST_ID,COMMENT_ID,IS_READ,CREATED_AT) values (22,7,11,'follow',null,null,0,to_timestamp('26/05/29 17:06:29.031000000','RR/MM/DD HH24:MI:SSXFF'));
Insert into FITLOG.NOTIFICATIONS (ID,USER_ID,SENDER_ID,TYPE,POST_ID,COMMENT_ID,IS_READ,CREATED_AT) values (28,41,11,'follow',null,null,0,to_timestamp('26/05/29 17:42:22.593000000','RR/MM/DD HH24:MI:SSXFF'));
Insert into FITLOG.NOTIFICATIONS (ID,USER_ID,SENDER_ID,TYPE,POST_ID,COMMENT_ID,IS_READ,CREATED_AT) values (29,1,11,'follow',null,null,0,to_timestamp('26/05/29 17:43:12.293000000','RR/MM/DD HH24:MI:SSXFF'));
Insert into FITLOG.NOTIFICATIONS (ID,USER_ID,SENDER_ID,TYPE,POST_ID,COMMENT_ID,IS_READ,CREATED_AT) values (30,17,11,'follow',null,null,0,to_timestamp('26/05/29 17:43:13.289000000','RR/MM/DD HH24:MI:SSXFF'));
Insert into FITLOG.NOTIFICATIONS (ID,USER_ID,SENDER_ID,TYPE,POST_ID,COMMENT_ID,IS_READ,CREATED_AT) values (31,36,11,'follow',null,null,0,to_timestamp('26/05/29 17:43:13.659000000','RR/MM/DD HH24:MI:SSXFF'));
Insert into FITLOG.NOTIFICATIONS (ID,USER_ID,SENDER_ID,TYPE,POST_ID,COMMENT_ID,IS_READ,CREATED_AT) values (35,1,50,'like',7,null,0,to_timestamp('26/06/01 12:10:05.746000000','RR/MM/DD HH24:MI:SSXFF'));
Insert into FITLOG.NOTIFICATIONS (ID,USER_ID,SENDER_ID,TYPE,POST_ID,COMMENT_ID,IS_READ,CREATED_AT) values (36,44,50,'like',70,null,0,to_timestamp('26/06/01 12:10:08.822000000','RR/MM/DD HH24:MI:SSXFF'));
Insert into FITLOG.NOTIFICATIONS (ID,USER_ID,SENDER_ID,TYPE,POST_ID,COMMENT_ID,IS_READ,CREATED_AT) values (37,40,50,'like',44,null,0,to_timestamp('26/06/01 12:10:10.918000000','RR/MM/DD HH24:MI:SSXFF'));
Insert into FITLOG.NOTIFICATIONS (ID,USER_ID,SENDER_ID,TYPE,POST_ID,COMMENT_ID,IS_READ,CREATED_AT) values (38,14,50,'like',26,null,0,to_timestamp('26/06/01 12:10:13.643000000','RR/MM/DD HH24:MI:SSXFF'));
Insert into FITLOG.NOTIFICATIONS (ID,USER_ID,SENDER_ID,TYPE,POST_ID,COMMENT_ID,IS_READ,CREATED_AT) values (48,11,14,'like',63,null,0,to_timestamp('26/06/01 15:22:06.968000000','RR/MM/DD HH24:MI:SSXFF'));
Insert into FITLOG.NOTIFICATIONS (ID,USER_ID,SENDER_ID,TYPE,POST_ID,COMMENT_ID,IS_READ,CREATED_AT) values (49,37,11,'like',66,null,0,to_timestamp('26/06/01 15:23:54.609000000','RR/MM/DD HH24:MI:SSXFF'));
Insert into FITLOG.NOTIFICATIONS (ID,USER_ID,SENDER_ID,TYPE,POST_ID,COMMENT_ID,IS_READ,CREATED_AT) values (50,13,11,'like',59,null,0,to_timestamp('26/06/01 15:31:38.012000000','RR/MM/DD HH24:MI:SSXFF'));
Insert into FITLOG.NOTIFICATIONS (ID,USER_ID,SENDER_ID,TYPE,POST_ID,COMMENT_ID,IS_READ,CREATED_AT) values (53,9,1,'comment',62,null,0,to_timestamp('26/06/01 16:41:35.726000000','RR/MM/DD HH24:MI:SSXFF'));
Insert into FITLOG.NOTIFICATIONS (ID,USER_ID,SENDER_ID,TYPE,POST_ID,COMMENT_ID,IS_READ,CREATED_AT) values (54,11,1,'comment',77,null,0,to_timestamp('26/06/01 16:41:45.970000000','RR/MM/DD HH24:MI:SSXFF'));
Insert into FITLOG.NOTIFICATIONS (ID,USER_ID,SENDER_ID,TYPE,POST_ID,COMMENT_ID,IS_READ,CREATED_AT) values (55,11,13,'follow',null,null,0,to_timestamp('26/06/02 10:54:57.370000000','RR/MM/DD HH24:MI:SSXFF'));
Insert into FITLOG.NOTIFICATIONS (ID,USER_ID,SENDER_ID,TYPE,POST_ID,COMMENT_ID,IS_READ,CREATED_AT) values (56,40,11,'follow',null,null,0,to_timestamp('26/06/02 14:31:12.766000000','RR/MM/DD HH24:MI:SSXFF'));
Insert into FITLOG.NOTIFICATIONS (ID,USER_ID,SENDER_ID,TYPE,POST_ID,COMMENT_ID,IS_READ,CREATED_AT) values (57,39,11,'follow',null,null,0,to_timestamp('26/06/02 14:31:14.164000000','RR/MM/DD HH24:MI:SSXFF'));
Insert into FITLOG.NOTIFICATIONS (ID,USER_ID,SENDER_ID,TYPE,POST_ID,COMMENT_ID,IS_READ,CREATED_AT) values (58,50,11,'chat_request',null,null,0,to_timestamp('26/06/02 14:31:22.219000000','RR/MM/DD HH24:MI:SSXFF'));
Insert into FITLOG.NOTIFICATIONS (ID,USER_ID,SENDER_ID,TYPE,POST_ID,COMMENT_ID,IS_READ,CREATED_AT) values (59,17,11,'comment',87,null,0,to_timestamp('26/06/02 15:12:23.621000000','RR/MM/DD HH24:MI:SSXFF'));
Insert into FITLOG.NOTIFICATIONS (ID,USER_ID,SENDER_ID,TYPE,POST_ID,COMMENT_ID,IS_READ,CREATED_AT) values (62,17,11,'story_like',null,null,0,to_timestamp('26/06/02 15:19:26.747000000','RR/MM/DD HH24:MI:SSXFF'));
Insert into FITLOG.NOTIFICATIONS (ID,USER_ID,SENDER_ID,TYPE,POST_ID,COMMENT_ID,IS_READ,CREATED_AT) values (64,17,11,'story_reply',null,null,0,to_timestamp('26/06/02 15:29:29.336000000','RR/MM/DD HH24:MI:SSXFF'));
Insert into FITLOG.NOTIFICATIONS (ID,USER_ID,SENDER_ID,TYPE,POST_ID,COMMENT_ID,IS_READ,CREATED_AT) values (65,17,11,'story_reply',null,null,0,to_timestamp('26/06/02 15:35:49.768000000','RR/MM/DD HH24:MI:SSXFF'));
Insert into FITLOG.NOTIFICATIONS (ID,USER_ID,SENDER_ID,TYPE,POST_ID,COMMENT_ID,IS_READ,CREATED_AT) values (73,7,17,'follow',null,null,0,to_timestamp('26/06/04 15:35:15.411000000','RR/MM/DD HH24:MI:SSXFF'));
Insert into FITLOG.NOTIFICATIONS (ID,USER_ID,SENDER_ID,TYPE,POST_ID,COMMENT_ID,IS_READ,CREATED_AT) values (85,1,11,'story_reply',null,null,0,to_timestamp('26/06/15 11:49:23.257000000','RR/MM/DD HH24:MI:SSXFF'));
Insert into FITLOG.NOTIFICATIONS (ID,USER_ID,SENDER_ID,TYPE,POST_ID,COMMENT_ID,IS_READ,CREATED_AT) values (87,50,11,'follow',null,null,0,to_timestamp('26/06/15 14:48:14.706000000','RR/MM/DD HH24:MI:SSXFF'));
Insert into FITLOG.NOTIFICATIONS (ID,USER_ID,SENDER_ID,TYPE,POST_ID,COMMENT_ID,IS_READ,CREATED_AT) values (88,16,11,'follow',null,null,0,to_timestamp('26/06/15 14:48:16.921000000','RR/MM/DD HH24:MI:SSXFF'));
Insert into FITLOG.NOTIFICATIONS (ID,USER_ID,SENDER_ID,TYPE,POST_ID,COMMENT_ID,IS_READ,CREATED_AT) values (3,1,5,'follow',null,null,0,to_timestamp('26/05/29 16:06:41.126000000','RR/MM/DD HH24:MI:SSXFF'));
Insert into FITLOG.NOTIFICATIONS (ID,USER_ID,SENDER_ID,TYPE,POST_ID,COMMENT_ID,IS_READ,CREATED_AT) values (4,11,9,'comment',63,null,0,to_timestamp('26/05/29 16:46:54.621000000','RR/MM/DD HH24:MI:SSXFF'));
Insert into FITLOG.NOTIFICATIONS (ID,USER_ID,SENDER_ID,TYPE,POST_ID,COMMENT_ID,IS_READ,CREATED_AT) values (5,11,9,'comment',63,null,0,to_timestamp('26/05/29 16:47:32.249000000','RR/MM/DD HH24:MI:SSXFF'));
Insert into FITLOG.NOTIFICATIONS (ID,USER_ID,SENDER_ID,TYPE,POST_ID,COMMENT_ID,IS_READ,CREATED_AT) values (6,9,11,'follow',null,null,0,to_timestamp('26/05/29 16:56:20.481000000','RR/MM/DD HH24:MI:SSXFF'));
Insert into FITLOG.NOTIFICATIONS (ID,USER_ID,SENDER_ID,TYPE,POST_ID,COMMENT_ID,IS_READ,CREATED_AT) values (7,1,11,'follow',null,null,0,to_timestamp('26/05/29 16:56:21.038000000','RR/MM/DD HH24:MI:SSXFF'));
Insert into FITLOG.NOTIFICATIONS (ID,USER_ID,SENDER_ID,TYPE,POST_ID,COMMENT_ID,IS_READ,CREATED_AT) values (8,13,11,'follow',null,null,0,to_timestamp('26/05/29 16:56:21.760000000','RR/MM/DD HH24:MI:SSXFF'));
Insert into FITLOG.NOTIFICATIONS (ID,USER_ID,SENDER_ID,TYPE,POST_ID,COMMENT_ID,IS_READ,CREATED_AT) values (9,2,11,'follow',null,null,0,to_timestamp('26/05/29 16:56:22.208000000','RR/MM/DD HH24:MI:SSXFF'));
Insert into FITLOG.NOTIFICATIONS (ID,USER_ID,SENDER_ID,TYPE,POST_ID,COMMENT_ID,IS_READ,CREATED_AT) values (10,3,11,'follow',null,null,0,to_timestamp('26/05/29 16:56:22.967000000','RR/MM/DD HH24:MI:SSXFF'));
Insert into FITLOG.NOTIFICATIONS (ID,USER_ID,SENDER_ID,TYPE,POST_ID,COMMENT_ID,IS_READ,CREATED_AT) values (11,9,1,'follow',null,null,0,to_timestamp('26/05/29 16:56:53.856000000','RR/MM/DD HH24:MI:SSXFF'));
Insert into FITLOG.NOTIFICATIONS (ID,USER_ID,SENDER_ID,TYPE,POST_ID,COMMENT_ID,IS_READ,CREATED_AT) values (12,11,1,'follow',null,null,0,to_timestamp('26/05/29 16:56:54.672000000','RR/MM/DD HH24:MI:SSXFF'));
Insert into FITLOG.NOTIFICATIONS (ID,USER_ID,SENDER_ID,TYPE,POST_ID,COMMENT_ID,IS_READ,CREATED_AT) values (13,38,1,'follow',null,null,0,to_timestamp('26/05/29 16:56:55.168000000','RR/MM/DD HH24:MI:SSXFF'));
Insert into FITLOG.NOTIFICATIONS (ID,USER_ID,SENDER_ID,TYPE,POST_ID,COMMENT_ID,IS_READ,CREATED_AT) values (14,43,1,'follow',null,null,0,to_timestamp('26/05/29 16:56:55.570000000','RR/MM/DD HH24:MI:SSXFF'));
Insert into FITLOG.NOTIFICATIONS (ID,USER_ID,SENDER_ID,TYPE,POST_ID,COMMENT_ID,IS_READ,CREATED_AT) values (15,13,1,'follow',null,null,0,to_timestamp('26/05/29 16:56:56.169000000','RR/MM/DD HH24:MI:SSXFF'));
Insert into FITLOG.NOTIFICATIONS (ID,USER_ID,SENDER_ID,TYPE,POST_ID,COMMENT_ID,IS_READ,CREATED_AT) values (32,9,11,'chat_request',null,null,0,to_timestamp('26/05/29 17:52:09.903000000','RR/MM/DD HH24:MI:SSXFF'));
Insert into FITLOG.NOTIFICATIONS (ID,USER_ID,SENDER_ID,TYPE,POST_ID,COMMENT_ID,IS_READ,CREATED_AT) values (39,37,10,'follow',null,null,0,to_timestamp('26/06/01 14:41:21.908000000','RR/MM/DD HH24:MI:SSXFF'));
Insert into FITLOG.NOTIFICATIONS (ID,USER_ID,SENDER_ID,TYPE,POST_ID,COMMENT_ID,IS_READ,CREATED_AT) values (40,7,10,'follow',null,null,0,to_timestamp('26/06/01 14:41:24.690000000','RR/MM/DD HH24:MI:SSXFF'));
Insert into FITLOG.NOTIFICATIONS (ID,USER_ID,SENDER_ID,TYPE,POST_ID,COMMENT_ID,IS_READ,CREATED_AT) values (41,15,10,'follow',null,null,0,to_timestamp('26/06/01 14:41:34.231000000','RR/MM/DD HH24:MI:SSXFF'));
Insert into FITLOG.NOTIFICATIONS (ID,USER_ID,SENDER_ID,TYPE,POST_ID,COMMENT_ID,IS_READ,CREATED_AT) values (42,12,10,'follow',null,null,0,to_timestamp('26/06/01 14:41:34.824000000','RR/MM/DD HH24:MI:SSXFF'));
Insert into FITLOG.NOTIFICATIONS (ID,USER_ID,SENDER_ID,TYPE,POST_ID,COMMENT_ID,IS_READ,CREATED_AT) values (52,44,1,'comment',70,null,0,to_timestamp('26/06/01 15:44:35.612000000','RR/MM/DD HH24:MI:SSXFF'));
Insert into FITLOG.NOTIFICATIONS (ID,USER_ID,SENDER_ID,TYPE,POST_ID,COMMENT_ID,IS_READ,CREATED_AT) values (1,1,2,'follow',null,null,0,to_timestamp('26/05/29 11:32:12.868000000','RR/MM/DD HH24:MI:SSXFF'));
Insert into FITLOG.NOTIFICATIONS (ID,USER_ID,SENDER_ID,TYPE,POST_ID,COMMENT_ID,IS_READ,CREATED_AT) values (2,2,1,'follow',null,null,0,to_timestamp('26/05/29 11:35:01.899000000','RR/MM/DD HH24:MI:SSXFF'));
Insert into FITLOG.NOTIFICATIONS (ID,USER_ID,SENDER_ID,TYPE,POST_ID,COMMENT_ID,IS_READ,CREATED_AT) values (21,11,17,'follow',null,null,0,to_timestamp('26/05/29 17:06:10.007000000','RR/MM/DD HH24:MI:SSXFF'));
Insert into FITLOG.NOTIFICATIONS (ID,USER_ID,SENDER_ID,TYPE,POST_ID,COMMENT_ID,IS_READ,CREATED_AT) values (23,11,36,'follow',null,null,0,to_timestamp('26/05/29 17:06:41.511000000','RR/MM/DD HH24:MI:SSXFF'));
Insert into FITLOG.NOTIFICATIONS (ID,USER_ID,SENDER_ID,TYPE,POST_ID,COMMENT_ID,IS_READ,CREATED_AT) values (66,1,11,'story_tag',null,null,0,to_timestamp('26/06/02 16:43:37.168000000','RR/MM/DD HH24:MI:SSXFF'));
Insert into FITLOG.NOTIFICATIONS (ID,USER_ID,SENDER_ID,TYPE,POST_ID,COMMENT_ID,IS_READ,CREATED_AT) values (67,11,17,'like',102,null,0,to_timestamp('26/06/04 14:55:48.969000000','RR/MM/DD HH24:MI:SSXFF'));
Insert into FITLOG.NOTIFICATIONS (ID,USER_ID,SENDER_ID,TYPE,POST_ID,COMMENT_ID,IS_READ,CREATED_AT) values (68,17,1,'follow',null,null,0,to_timestamp('26/06/04 15:29:48.927000000','RR/MM/DD HH24:MI:SSXFF'));
Insert into FITLOG.NOTIFICATIONS (ID,USER_ID,SENDER_ID,TYPE,POST_ID,COMMENT_ID,IS_READ,CREATED_AT) values (16,6,12,'follow',null,null,0,to_timestamp('26/05/29 16:57:06.545000000','RR/MM/DD HH24:MI:SSXFF'));
Insert into FITLOG.NOTIFICATIONS (ID,USER_ID,SENDER_ID,TYPE,POST_ID,COMMENT_ID,IS_READ,CREATED_AT) values (17,11,12,'follow',null,null,0,to_timestamp('26/05/29 16:57:06.992000000','RR/MM/DD HH24:MI:SSXFF'));
Insert into FITLOG.NOTIFICATIONS (ID,USER_ID,SENDER_ID,TYPE,POST_ID,COMMENT_ID,IS_READ,CREATED_AT) values (18,9,12,'follow',null,null,0,to_timestamp('26/05/29 16:57:07.423000000','RR/MM/DD HH24:MI:SSXFF'));
Insert into FITLOG.NOTIFICATIONS (ID,USER_ID,SENDER_ID,TYPE,POST_ID,COMMENT_ID,IS_READ,CREATED_AT) values (19,38,12,'follow',null,null,0,to_timestamp('26/05/29 16:57:07.921000000','RR/MM/DD HH24:MI:SSXFF'));
Insert into FITLOG.NOTIFICATIONS (ID,USER_ID,SENDER_ID,TYPE,POST_ID,COMMENT_ID,IS_READ,CREATED_AT) values (20,10,12,'follow',null,null,0,to_timestamp('26/05/29 16:57:08.353000000','RR/MM/DD HH24:MI:SSXFF'));
Insert into FITLOG.NOTIFICATIONS (ID,USER_ID,SENDER_ID,TYPE,POST_ID,COMMENT_ID,IS_READ,CREATED_AT) values (25,41,11,'follow',null,null,0,to_timestamp('26/05/29 17:38:44.102000000','RR/MM/DD HH24:MI:SSXFF'));
Insert into FITLOG.NOTIFICATIONS (ID,USER_ID,SENDER_ID,TYPE,POST_ID,COMMENT_ID,IS_READ,CREATED_AT) values (26,36,11,'follow',null,null,0,to_timestamp('26/05/29 17:38:45.326000000','RR/MM/DD HH24:MI:SSXFF'));
Insert into FITLOG.NOTIFICATIONS (ID,USER_ID,SENDER_ID,TYPE,POST_ID,COMMENT_ID,IS_READ,CREATED_AT) values (27,12,11,'follow',null,null,0,to_timestamp('26/05/29 17:38:46.746000000','RR/MM/DD HH24:MI:SSXFF'));
Insert into FITLOG.NOTIFICATIONS (ID,USER_ID,SENDER_ID,TYPE,POST_ID,COMMENT_ID,IS_READ,CREATED_AT) values (33,1,11,'chat_request',null,null,0,to_timestamp('26/05/29 17:52:25.163000000','RR/MM/DD HH24:MI:SSXFF'));
Insert into FITLOG.NOTIFICATIONS (ID,USER_ID,SENDER_ID,TYPE,POST_ID,COMMENT_ID,IS_READ,CREATED_AT) values (43,48,14,'like',75,null,0,to_timestamp('26/06/01 15:20:45.147000000','RR/MM/DD HH24:MI:SSXFF'));
Insert into FITLOG.NOTIFICATIONS (ID,USER_ID,SENDER_ID,TYPE,POST_ID,COMMENT_ID,IS_READ,CREATED_AT) values (44,47,14,'like',74,null,0,to_timestamp('26/06/01 15:21:11.321000000','RR/MM/DD HH24:MI:SSXFF'));
Insert into FITLOG.NOTIFICATIONS (ID,USER_ID,SENDER_ID,TYPE,POST_ID,COMMENT_ID,IS_READ,CREATED_AT) values (45,7,14,'follow',null,null,0,to_timestamp('26/06/01 15:21:51.990000000','RR/MM/DD HH24:MI:SSXFF'));
Insert into FITLOG.NOTIFICATIONS (ID,USER_ID,SENDER_ID,TYPE,POST_ID,COMMENT_ID,IS_READ,CREATED_AT) values (46,10,14,'follow',null,null,0,to_timestamp('26/06/01 15:21:52.262000000','RR/MM/DD HH24:MI:SSXFF'));
Insert into FITLOG.NOTIFICATIONS (ID,USER_ID,SENDER_ID,TYPE,POST_ID,COMMENT_ID,IS_READ,CREATED_AT) values (47,48,14,'chat_request',null,null,0,to_timestamp('26/06/01 15:21:55.280000000','RR/MM/DD HH24:MI:SSXFF'));
Insert into FITLOG.NOTIFICATIONS (ID,USER_ID,SENDER_ID,TYPE,POST_ID,COMMENT_ID,IS_READ,CREATED_AT) values (51,1,11,'comment',6,null,0,to_timestamp('26/06/01 15:38:00.391000000','RR/MM/DD HH24:MI:SSXFF'));
Insert into FITLOG.NOTIFICATIONS (ID,USER_ID,SENDER_ID,TYPE,POST_ID,COMMENT_ID,IS_READ,CREATED_AT) values (63,17,11,'story_like',null,null,0,to_timestamp('26/06/02 15:21:55.206000000','RR/MM/DD HH24:MI:SSXFF'));
Insert into FITLOG.NOTIFICATIONS (ID,USER_ID,SENDER_ID,TYPE,POST_ID,COMMENT_ID,IS_READ,CREATED_AT) values (69,38,17,'like',94,null,0,to_timestamp('26/06/04 15:31:40.290000000','RR/MM/DD HH24:MI:SSXFF'));
Insert into FITLOG.NOTIFICATIONS (ID,USER_ID,SENDER_ID,TYPE,POST_ID,COMMENT_ID,IS_READ,CREATED_AT) values (70,38,17,'like',94,null,0,to_timestamp('26/06/04 15:34:33.912000000','RR/MM/DD HH24:MI:SSXFF'));
Insert into FITLOG.NOTIFICATIONS (ID,USER_ID,SENDER_ID,TYPE,POST_ID,COMMENT_ID,IS_READ,CREATED_AT) values (71,6,17,'like',78,null,0,to_timestamp('26/06/04 15:34:36.418000000','RR/MM/DD HH24:MI:SSXFF'));
Insert into FITLOG.NOTIFICATIONS (ID,USER_ID,SENDER_ID,TYPE,POST_ID,COMMENT_ID,IS_READ,CREATED_AT) values (72,11,17,'like',77,null,0,to_timestamp('26/06/04 15:34:37.908000000','RR/MM/DD HH24:MI:SSXFF'));
Insert into FITLOG.NOTIFICATIONS (ID,USER_ID,SENDER_ID,TYPE,POST_ID,COMMENT_ID,IS_READ,CREATED_AT) values (81,45,11,'story_like',null,null,0,to_timestamp('26/06/15 11:16:35.858000000','RR/MM/DD HH24:MI:SSXFF'));
Insert into FITLOG.NOTIFICATIONS (ID,USER_ID,SENDER_ID,TYPE,POST_ID,COMMENT_ID,IS_READ,CREATED_AT) values (86,1,11,'tag',123,null,0,to_timestamp('26/06/15 11:50:28.966000000','RR/MM/DD HH24:MI:SSXFF'));
REM INSERTING into FITLOG.POSTS
SET DEFINE OFF;
Insert into FITLOG.POSTS (ID,USER_ID,TITLE,STYLE,LIKES_COUNT,COMMENTS_COUNT,BOOKMARKS_COUNT,CREATED_AT,UPDATED_AT,IS_DELETED,REPOST_COUNT,REPOST_ORIGIN_ID,WIN_COUNT) values (10,6,'오늘 스투시 헌팅 성공','street',128,8,8,to_timestamp('26/04/04 19:23:44.000000000','RR/MM/DD HH24:MI:SSXFF'),to_timestamp('26/06/02 14:48:37.462000000','RR/MM/DD HH24:MI:SSXFF'),0,0,null,0);
Insert into FITLOG.POSTS (ID,USER_ID,TITLE,STYLE,LIKES_COUNT,COMMENTS_COUNT,BOOKMARKS_COUNT,CREATED_AT,UPDATED_AT,IS_DELETED,REPOST_COUNT,REPOST_ORIGIN_ID,WIN_COUNT) values (11,6,'나이키 SB 덩크 로우 언박싱','street',191,15,14,to_timestamp('26/05/05 15:55:46.000000000','RR/MM/DD HH24:MI:SSXFF'),to_timestamp('26/06/02 14:48:37.463000000','RR/MM/DD HH24:MI:SSXFF'),0,0,null,0);
Insert into FITLOG.POSTS (ID,USER_ID,TITLE,STYLE,LIKES_COUNT,COMMENTS_COUNT,BOOKMARKS_COUNT,CREATED_AT,UPDATED_AT,IS_DELETED,REPOST_COUNT,REPOST_ORIGIN_ID,WIN_COUNT) values (12,7,'봄 데일리룩 공유해요','casual',46,23,22,to_timestamp('26/05/22 07:13:37.000000000','RR/MM/DD HH24:MI:SSXFF'),to_timestamp('26/06/02 14:48:37.465000000','RR/MM/DD HH24:MI:SSXFF'),0,0,null,0);
Insert into FITLOG.POSTS (ID,USER_ID,TITLE,STYLE,LIKES_COUNT,COMMENTS_COUNT,BOOKMARKS_COUNT,CREATED_AT,UPDATED_AT,IS_DELETED,REPOST_COUNT,REPOST_ORIGIN_ID,WIN_COUNT) values (13,7,'H&M 신상 하울','casual',63,12,13,to_timestamp('26/05/23 01:44:47.000000000','RR/MM/DD HH24:MI:SSXFF'),to_timestamp('26/06/02 14:48:37.465000000','RR/MM/DD HH24:MI:SSXFF'),0,0,null,0);
Insert into FITLOG.POSTS (ID,USER_ID,TITLE,STYLE,LIKES_COUNT,COMMENTS_COUNT,BOOKMARKS_COUNT,CREATED_AT,UPDATED_AT,IS_DELETED,REPOST_COUNT,REPOST_ORIGIN_ID,WIN_COUNT) values (14,8,'아크테릭스 베타 AR 자켓 장기 리뷰','techwear',30,34,30,to_timestamp('26/04/27 17:51:03.000000000','RR/MM/DD HH24:MI:SSXFF'),to_timestamp('26/06/02 14:48:37.466000000','RR/MM/DD HH24:MI:SSXFF'),0,0,null,0);
Insert into FITLOG.POSTS (ID,USER_ID,TITLE,STYLE,LIKES_COUNT,COMMENTS_COUNT,BOOKMARKS_COUNT,CREATED_AT,UPDATED_AT,IS_DELETED,REPOST_COUNT,REPOST_ORIGIN_ID,WIN_COUNT) values (15,8,'테크웨어 입문 가이드','techwear',46,67,52,to_timestamp('26/04/05 02:01:46.000000000','RR/MM/DD HH24:MI:SSXFF'),to_timestamp('26/06/02 14:48:37.467000000','RR/MM/DD HH24:MI:SSXFF'),0,0,null,0);
Insert into FITLOG.POSTS (ID,USER_ID,TITLE,STYLE,LIKES_COUNT,COMMENTS_COUNT,BOOKMARKS_COUNT,CREATED_AT,UPDATED_AT,IS_DELETED,REPOST_COUNT,REPOST_ORIGIN_ID,WIN_COUNT) values (16,9,'동묘 구제 헌팅 후기','amekaji',98,28,24,to_timestamp('26/04/06 22:40:37.000000000','RR/MM/DD HH24:MI:SSXFF'),to_timestamp('26/06/02 14:48:37.469000000','RR/MM/DD HH24:MI:SSXFF'),0,0,null,0);
Insert into FITLOG.POSTS (ID,USER_ID,TITLE,STYLE,LIKES_COUNT,COMMENTS_COUNT,BOOKMARKS_COUNT,CREATED_AT,UPDATED_AT,IS_DELETED,REPOST_COUNT,REPOST_ORIGIN_ID,WIN_COUNT) values (17,9,'챔피언 리버스위브 코디 공유','amekaji',51,19,18,to_timestamp('26/05/02 11:03:29.000000000','RR/MM/DD HH24:MI:SSXFF'),to_timestamp('26/06/02 14:48:37.470000000','RR/MM/DD HH24:MI:SSXFF'),0,0,null,0);
Insert into FITLOG.POSTS (ID,USER_ID,TITLE,STYLE,LIKES_COUNT,COMMENTS_COUNT,BOOKMARKS_COUNT,CREATED_AT,UPDATED_AT,IS_DELETED,REPOST_COUNT,REPOST_ORIGIN_ID,WIN_COUNT) values (18,10,'브루넬로 쿠치넬리 캐시미어 니트 리뷰','oldmoney',90,17,14,to_timestamp('26/05/03 00:43:16.000000000','RR/MM/DD HH24:MI:SSXFF'),to_timestamp('26/06/02 14:48:37.471000000','RR/MM/DD HH24:MI:SSXFF'),0,0,null,0);
Insert into FITLOG.POSTS (ID,USER_ID,TITLE,STYLE,LIKES_COUNT,COMMENTS_COUNT,BOOKMARKS_COUNT,CREATED_AT,UPDATED_AT,IS_DELETED,REPOST_COUNT,REPOST_ORIGIN_ID,WIN_COUNT) values (19,10,'올드머니 룩 완성하는 법','oldmoney',234,45,37,to_timestamp('26/05/25 19:20:39.000000000','RR/MM/DD HH24:MI:SSXFF'),to_timestamp('26/06/02 14:48:37.472000000','RR/MM/DD HH24:MI:SSXFF'),0,0,null,0);
Insert into FITLOG.POSTS (ID,USER_ID,TITLE,STYLE,LIKES_COUNT,COMMENTS_COUNT,BOOKMARKS_COUNT,CREATED_AT,UPDATED_AT,IS_DELETED,REPOST_COUNT,REPOST_ORIGIN_ID,WIN_COUNT) values (20,11,'슈프림 드롭 줄서기 경험담','street',148,31,28,to_timestamp('26/05/13 03:06:57.000000000','RR/MM/DD HH24:MI:SSXFF'),to_timestamp('26/06/02 14:48:37.473000000','RR/MM/DD HH24:MI:SSXFF'),0,0,null,0);
Insert into FITLOG.POSTS (ID,USER_ID,TITLE,STYLE,LIKES_COUNT,COMMENTS_COUNT,BOOKMARKS_COUNT,CREATED_AT,UPDATED_AT,IS_DELETED,REPOST_COUNT,REPOST_ORIGIN_ID,WIN_COUNT) values (21,11,'에센셜스 코디 모음','street',8,37,32,to_timestamp('26/04/03 00:51:27.000000000','RR/MM/DD HH24:MI:SSXFF'),to_timestamp('26/06/02 14:48:37.474000000','RR/MM/DD HH24:MI:SSXFF'),0,0,null,0);
Insert into FITLOG.POSTS (ID,USER_ID,TITLE,STYLE,LIKES_COUNT,COMMENTS_COUNT,BOOKMARKS_COUNT,CREATED_AT,UPDATED_AT,IS_DELETED,REPOST_COUNT,REPOST_ORIGIN_ID,WIN_COUNT) values (22,12,'파타고니아 플리스 완벽 정복','gorpcore',100,22,20,to_timestamp('26/04/04 00:07:17.000000000','RR/MM/DD HH24:MI:SSXFF'),to_timestamp('26/06/02 17:38:22.225000000','RR/MM/DD HH24:MI:SSXFF'),0,0,null,1);
Insert into FITLOG.POSTS (ID,USER_ID,TITLE,STYLE,LIKES_COUNT,COMMENTS_COUNT,BOOKMARKS_COUNT,CREATED_AT,UPDATED_AT,IS_DELETED,REPOST_COUNT,REPOST_ORIGIN_ID,WIN_COUNT) values (23,12,'등산 코디 어떻게 하세요?','gorpcore',142,33,26,to_timestamp('26/04/24 11:29:08.000000000','RR/MM/DD HH24:MI:SSXFF'),to_timestamp('26/06/02 17:38:26.889000000','RR/MM/DD HH24:MI:SSXFF'),0,0,null,1);
Insert into FITLOG.POSTS (ID,USER_ID,TITLE,STYLE,LIKES_COUNT,COMMENTS_COUNT,BOOKMARKS_COUNT,CREATED_AT,UPDATED_AT,IS_DELETED,REPOST_COUNT,REPOST_ORIGIN_ID,WIN_COUNT) values (24,13,'세인트로랑 라이더 자켓 득템','rockchic',110,52,42,to_timestamp('26/05/29 12:31:17.000000000','RR/MM/DD HH24:MI:SSXFF'),to_timestamp('26/06/02 14:48:37.478000000','RR/MM/DD HH24:MI:SSXFF'),0,0,null,0);
Insert into FITLOG.POSTS (ID,USER_ID,TITLE,STYLE,LIKES_COUNT,COMMENTS_COUNT,BOOKMARKS_COUNT,CREATED_AT,UPDATED_AT,IS_DELETED,REPOST_COUNT,REPOST_ORIGIN_ID,WIN_COUNT) values (25,13,'첼시 부츠 추천 리스트','rockchic',67,41,30,to_timestamp('26/03/31 07:00:37.000000000','RR/MM/DD HH24:MI:SSXFF'),to_timestamp('26/06/02 14:48:37.479000000','RR/MM/DD HH24:MI:SSXFF'),0,0,null,0);
Insert into FITLOG.POSTS (ID,USER_ID,TITLE,STYLE,LIKES_COUNT,COMMENTS_COUNT,BOOKMARKS_COUNT,CREATED_AT,UPDATED_AT,IS_DELETED,REPOST_COUNT,REPOST_ORIGIN_ID,WIN_COUNT) values (26,14,'뉴발란스 990v6 한 달 착용기','cityboy',199,44,34,to_timestamp('26/05/17 00:53:17.000000000','RR/MM/DD HH24:MI:SSXFF'),to_timestamp('26/06/02 14:48:37.480000000','RR/MM/DD HH24:MI:SSXFF'),0,0,null,0);
Insert into FITLOG.POSTS (ID,USER_ID,TITLE,STYLE,LIKES_COUNT,COMMENTS_COUNT,BOOKMARKS_COUNT,CREATED_AT,UPDATED_AT,IS_DELETED,REPOST_COUNT,REPOST_ORIGIN_ID,WIN_COUNT) values (27,14,'오버사이즈 옥스퍼드 셔츠 코디','cityboy',114,25,24,to_timestamp('26/05/05 09:31:58.000000000','RR/MM/DD HH24:MI:SSXFF'),to_timestamp('26/06/02 14:48:37.482000000','RR/MM/DD HH24:MI:SSXFF'),0,0,null,0);
Insert into FITLOG.POSTS (ID,USER_ID,TITLE,STYLE,LIKES_COUNT,COMMENTS_COUNT,BOOKMARKS_COUNT,CREATED_AT,UPDATED_AT,IS_DELETED,REPOST_COUNT,REPOST_ORIGIN_ID,WIN_COUNT) values (2,2,'초록색','casual',34,0,0,to_timestamp('26/05/29 11:34:12.352000000','RR/MM/DD HH24:MI:SSXFF'),to_timestamp('26/06/04 11:56:36.198000000','RR/MM/DD HH24:MI:SSXFF'),0,0,null,2);
Insert into FITLOG.POSTS (ID,USER_ID,TITLE,STYLE,LIKES_COUNT,COMMENTS_COUNT,BOOKMARKS_COUNT,CREATED_AT,UPDATED_AT,IS_DELETED,REPOST_COUNT,REPOST_ORIGIN_ID,WIN_COUNT) values (4,4,'빨강이 조아','techwear',58,0,0,to_timestamp('26/05/29 12:03:15.461000000','RR/MM/DD HH24:MI:SSXFF'),to_timestamp('26/06/02 17:39:46.690000000','RR/MM/DD HH24:MI:SSXFF'),0,0,null,3);
Insert into FITLOG.POSTS (ID,USER_ID,TITLE,STYLE,LIKES_COUNT,COMMENTS_COUNT,BOOKMARKS_COUNT,CREATED_AT,UPDATED_AT,IS_DELETED,REPOST_COUNT,REPOST_ORIGIN_ID,WIN_COUNT) values (5,4,'파랑','casual',186,0,1,to_timestamp('26/05/29 12:03:40.442000000','RR/MM/DD HH24:MI:SSXFF'),to_timestamp('26/06/02 17:39:44.410000000','RR/MM/DD HH24:MI:SSXFF'),0,0,null,2);
Insert into FITLOG.POSTS (ID,USER_ID,TITLE,STYLE,LIKES_COUNT,COMMENTS_COUNT,BOOKMARKS_COUNT,CREATED_AT,UPDATED_AT,IS_DELETED,REPOST_COUNT,REPOST_ORIGIN_ID,WIN_COUNT) values (28,15,'랄프로렌 폴로 셔츠 컬렉션','preppy',231,20,19,to_timestamp('26/04/09 17:24:45.000000000','RR/MM/DD HH24:MI:SSXFF'),to_timestamp('26/06/02 14:48:37.483000000','RR/MM/DD HH24:MI:SSXFF'),0,0,null,0);
Insert into FITLOG.POSTS (ID,USER_ID,TITLE,STYLE,LIKES_COUNT,COMMENTS_COUNT,BOOKMARKS_COUNT,CREATED_AT,UPDATED_AT,IS_DELETED,REPOST_COUNT,REPOST_ORIGIN_ID,WIN_COUNT) values (57,6,'블록코어룩 아시나요 ? 무신사형이 알려줄게요','blokecore',203,0,0,to_timestamp('26/05/29 16:23:43.632000000','RR/MM/DD HH24:MI:SSXFF'),to_timestamp('26/06/04 17:26:21.809000000','RR/MM/DD HH24:MI:SSXFF'),0,0,null,3);
Insert into FITLOG.POSTS (ID,USER_ID,TITLE,STYLE,LIKES_COUNT,COMMENTS_COUNT,BOOKMARKS_COUNT,CREATED_AT,UPDATED_AT,IS_DELETED,REPOST_COUNT,REPOST_ORIGIN_ID,WIN_COUNT) values (65,16,'스트릿인가? 케주얼인가??','street',165,2,0,to_timestamp('26/06/01 10:40:28.757000000','RR/MM/DD HH24:MI:SSXFF'),to_timestamp('26/06/04 14:47:09.884000000','RR/MM/DD HH24:MI:SSXFF'),0,0,null,4);
Insert into FITLOG.POSTS (ID,USER_ID,TITLE,STYLE,LIKES_COUNT,COMMENTS_COUNT,BOOKMARKS_COUNT,CREATED_AT,UPDATED_AT,IS_DELETED,REPOST_COUNT,REPOST_ORIGIN_ID,WIN_COUNT) values (66,37,'이번에 산 아우터 어때요 솔직한 평가좀','casual',195,0,1,to_timestamp('26/06/01 10:44:15.482000000','RR/MM/DD HH24:MI:SSXFF'),to_timestamp('26/06/02 17:58:03.289000000','RR/MM/DD HH24:MI:SSXFF'),0,0,null,1);
Insert into FITLOG.POSTS (ID,USER_ID,TITLE,STYLE,LIKES_COUNT,COMMENTS_COUNT,BOOKMARKS_COUNT,CREATED_AT,UPDATED_AT,IS_DELETED,REPOST_COUNT,REPOST_ORIGIN_ID,WIN_COUNT) values (69,43,'패션피플~','techwear',184,0,0,to_timestamp('26/06/01 11:27:20.835000000','RR/MM/DD HH24:MI:SSXFF'),to_timestamp('26/06/04 17:26:18.514000000','RR/MM/DD HH24:MI:SSXFF'),0,0,null,4);
Insert into FITLOG.POSTS (ID,USER_ID,TITLE,STYLE,LIKES_COUNT,COMMENTS_COUNT,BOOKMARKS_COUNT,CREATED_AT,UPDATED_AT,IS_DELETED,REPOST_COUNT,REPOST_ORIGIN_ID,WIN_COUNT) values (70,44,'시티걸~','cityboy',130,2,0,to_timestamp('26/06/01 11:30:08.983000000','RR/MM/DD HH24:MI:SSXFF'),to_timestamp('26/06/04 17:26:16.067000000','RR/MM/DD HH24:MI:SSXFF'),0,0,null,5);
Insert into FITLOG.POSTS (ID,USER_ID,TITLE,STYLE,LIKES_COUNT,COMMENTS_COUNT,BOOKMARKS_COUNT,CREATED_AT,UPDATED_AT,IS_DELETED,REPOST_COUNT,REPOST_ORIGIN_ID,WIN_COUNT) values (73,46,'카고펜츠 최고','gorpcore',116,0,0,to_timestamp('26/06/01 11:45:39.583000000','RR/MM/DD HH24:MI:SSXFF'),to_timestamp('26/06/02 18:02:52.704000000','RR/MM/DD HH24:MI:SSXFF'),0,0,null,1);
Insert into FITLOG.POSTS (ID,USER_ID,TITLE,STYLE,LIKES_COUNT,COMMENTS_COUNT,BOOKMARKS_COUNT,CREATED_AT,UPDATED_AT,IS_DELETED,REPOST_COUNT,REPOST_ORIGIN_ID,WIN_COUNT) values (78,6,'블록코어룩 하려고 이거 유니폼 사려고하는데 맨유가 근본이죠?','blokecore',155,0,0,to_timestamp('26/06/01 13:10:18.827000000','RR/MM/DD HH24:MI:SSXFF'),to_timestamp('26/06/04 15:34:36.418000000','RR/MM/DD HH24:MI:SSXFF'),0,0,null,0);
Insert into FITLOG.POSTS (ID,USER_ID,TITLE,STYLE,LIKES_COUNT,COMMENTS_COUNT,BOOKMARKS_COUNT,CREATED_AT,UPDATED_AT,IS_DELETED,REPOST_COUNT,REPOST_ORIGIN_ID,WIN_COUNT) values (80,8,'고프코어룩에 요즘 빠져서 산산기어 살지 고민중','gorpcore',158,0,0,to_timestamp('26/06/01 13:13:17.375000000','RR/MM/DD HH24:MI:SSXFF'),to_timestamp('26/06/15 11:18:18.722000000','RR/MM/DD HH24:MI:SSXFF'),0,0,null,2);
Insert into FITLOG.POSTS (ID,USER_ID,TITLE,STYLE,LIKES_COUNT,COMMENTS_COUNT,BOOKMARKS_COUNT,CREATED_AT,UPDATED_AT,IS_DELETED,REPOST_COUNT,REPOST_ORIGIN_ID,WIN_COUNT) values (83,17,'OOTD 올드머니','oldmoney',42,0,0,to_timestamp('26/06/02 12:35:34.869000000','RR/MM/DD HH24:MI:SSXFF'),to_timestamp('26/06/02 18:13:10.681000000','RR/MM/DD HH24:MI:SSXFF'),0,0,null,7);
Insert into FITLOG.POSTS (ID,USER_ID,TITLE,STYLE,LIKES_COUNT,COMMENTS_COUNT,BOOKMARKS_COUNT,CREATED_AT,UPDATED_AT,IS_DELETED,REPOST_COUNT,REPOST_ORIGIN_ID,WIN_COUNT) values (84,17,'올드머니 룩2','oldmoney',19,0,0,to_timestamp('26/06/02 12:36:00.674000000','RR/MM/DD HH24:MI:SSXFF'),to_timestamp('26/06/04 09:52:30.356000000','RR/MM/DD HH24:MI:SSXFF'),0,0,null,2);
Insert into FITLOG.POSTS (ID,USER_ID,TITLE,STYLE,LIKES_COUNT,COMMENTS_COUNT,BOOKMARKS_COUNT,CREATED_AT,UPDATED_AT,IS_DELETED,REPOST_COUNT,REPOST_ORIGIN_ID,WIN_COUNT) values (86,17,'여름이니깐 올드머니','oldmoney',18,0,0,to_timestamp('26/06/02 12:36:50.034000000','RR/MM/DD HH24:MI:SSXFF'),to_timestamp('26/06/15 11:49:55.304000000','RR/MM/DD HH24:MI:SSXFF'),0,0,null,6);
Insert into FITLOG.POSTS (ID,USER_ID,TITLE,STYLE,LIKES_COUNT,COMMENTS_COUNT,BOOKMARKS_COUNT,CREATED_AT,UPDATED_AT,IS_DELETED,REPOST_COUNT,REPOST_ORIGIN_ID,WIN_COUNT) values (87,17,'톤엔톤 올드머니','oldmoney',177,1,0,to_timestamp('26/06/02 12:37:14.419000000','RR/MM/DD HH24:MI:SSXFF'),to_timestamp('26/06/02 18:13:01.040000000','RR/MM/DD HH24:MI:SSXFF'),0,0,null,4);
Insert into FITLOG.POSTS (ID,USER_ID,TITLE,STYLE,LIKES_COUNT,COMMENTS_COUNT,BOOKMARKS_COUNT,CREATED_AT,UPDATED_AT,IS_DELETED,REPOST_COUNT,REPOST_ORIGIN_ID,WIN_COUNT) values (88,17,'모자룩 올드머니','oldmoney',31,0,0,to_timestamp('26/06/02 12:37:35.557000000','RR/MM/DD HH24:MI:SSXFF'),to_timestamp('26/06/04 09:52:20.227000000','RR/MM/DD HH24:MI:SSXFF'),0,0,null,4);
Insert into FITLOG.POSTS (ID,USER_ID,TITLE,STYLE,LIKES_COUNT,COMMENTS_COUNT,BOOKMARKS_COUNT,CREATED_AT,UPDATED_AT,IS_DELETED,REPOST_COUNT,REPOST_ORIGIN_ID,WIN_COUNT) values (89,17,'브라운만 입는거 같기도 올드머니룩','oldmoney',141,0,0,to_timestamp('26/06/02 12:38:02.696000000','RR/MM/DD HH24:MI:SSXFF'),to_timestamp('26/06/02 18:12:51.791000000','RR/MM/DD HH24:MI:SSXFF'),0,0,null,3);
Insert into FITLOG.POSTS (ID,USER_ID,TITLE,STYLE,LIKES_COUNT,COMMENTS_COUNT,BOOKMARKS_COUNT,CREATED_AT,UPDATED_AT,IS_DELETED,REPOST_COUNT,REPOST_ORIGIN_ID,WIN_COUNT) values (90,18,'가을미니멀코디입니다😎✨','minimal',54,0,0,to_timestamp('26/06/02 12:41:48.603000000','RR/MM/DD HH24:MI:SSXFF'),to_timestamp('26/06/02 18:08:25.183000000','RR/MM/DD HH24:MI:SSXFF'),0,0,null,4);
Insert into FITLOG.POSTS (ID,USER_ID,TITLE,STYLE,LIKES_COUNT,COMMENTS_COUNT,BOOKMARKS_COUNT,CREATED_AT,UPDATED_AT,IS_DELETED,REPOST_COUNT,REPOST_ORIGIN_ID,WIN_COUNT) values (91,19,'citygirl drawing 415','cityboy',160,0,0,to_timestamp('26/06/02 12:44:09.567000000','RR/MM/DD HH24:MI:SSXFF'),to_timestamp('26/06/04 14:47:14.850000000','RR/MM/DD HH24:MI:SSXFF'),0,0,null,3);
Insert into FITLOG.POSTS (ID,USER_ID,TITLE,STYLE,LIKES_COUNT,COMMENTS_COUNT,BOOKMARKS_COUNT,CREATED_AT,UPDATED_AT,IS_DELETED,REPOST_COUNT,REPOST_ORIGIN_ID,WIN_COUNT) values (92,20,'캐주얼룩','casual',235,0,0,to_timestamp('26/06/02 12:45:44.418000000','RR/MM/DD HH24:MI:SSXFF'),to_timestamp('26/06/04 17:26:19.586000000','RR/MM/DD HH24:MI:SSXFF'),0,0,null,4);
Insert into FITLOG.POSTS (ID,USER_ID,TITLE,STYLE,LIKES_COUNT,COMMENTS_COUNT,BOOKMARKS_COUNT,CREATED_AT,UPDATED_AT,IS_DELETED,REPOST_COUNT,REPOST_ORIGIN_ID,WIN_COUNT) values (94,38,'머리가 다했다','street',57,0,0,to_timestamp('26/06/02 12:48:46.167000000','RR/MM/DD HH24:MI:SSXFF'),to_timestamp('26/06/04 15:34:33.911000000','RR/MM/DD HH24:MI:SSXFF'),0,0,null,6);
Insert into FITLOG.POSTS (ID,USER_ID,TITLE,STYLE,LIKES_COUNT,COMMENTS_COUNT,BOOKMARKS_COUNT,CREATED_AT,UPDATED_AT,IS_DELETED,REPOST_COUNT,REPOST_ORIGIN_ID,WIN_COUNT) values (95,39,'널럴한 느낌의 핏과 액세서리 조합!','street',22,0,0,to_timestamp('26/06/02 12:50:54.849000000','RR/MM/DD HH24:MI:SSXFF'),to_timestamp('26/06/04 17:26:05.377000000','RR/MM/DD HH24:MI:SSXFF'),0,0,null,3);
Insert into FITLOG.POSTS (ID,USER_ID,TITLE,STYLE,LIKES_COUNT,COMMENTS_COUNT,BOOKMARKS_COUNT,CREATED_AT,UPDATED_AT,IS_DELETED,REPOST_COUNT,REPOST_ORIGIN_ID,WIN_COUNT) values (96,41,'봄코디','amekaji',96,0,0,to_timestamp('26/06/02 12:53:54.833000000','RR/MM/DD HH24:MI:SSXFF'),to_timestamp('26/06/04 14:47:12.299000000','RR/MM/DD HH24:MI:SSXFF'),0,0,null,8);
Insert into FITLOG.POSTS (ID,USER_ID,TITLE,STYLE,LIKES_COUNT,COMMENTS_COUNT,BOOKMARKS_COUNT,CREATED_AT,UPDATED_AT,IS_DELETED,REPOST_COUNT,REPOST_ORIGIN_ID,WIN_COUNT) values (99,12,'고프코어 패딩어때요','gorpcore',86,0,0,to_timestamp('26/06/02 13:02:05.575000000','RR/MM/DD HH24:MI:SSXFF'),to_timestamp('26/06/04 17:26:00.640000000','RR/MM/DD HH24:MI:SSXFF'),0,0,null,7);
Insert into FITLOG.POSTS (ID,USER_ID,TITLE,STYLE,LIKES_COUNT,COMMENTS_COUNT,BOOKMARKS_COUNT,CREATED_AT,UPDATED_AT,IS_DELETED,REPOST_COUNT,REPOST_ORIGIN_ID,WIN_COUNT) values (101,20,'시끌시끌','blokecore',125,0,0,to_timestamp('26/06/02 13:03:48.514000000','RR/MM/DD HH24:MI:SSXFF'),to_timestamp('26/06/02 17:39:44.010000000','RR/MM/DD HH24:MI:SSXFF'),0,0,null,2);
Insert into FITLOG.POSTS (ID,USER_ID,TITLE,STYLE,LIKES_COUNT,COMMENTS_COUNT,BOOKMARKS_COUNT,CREATED_AT,UPDATED_AT,IS_DELETED,REPOST_COUNT,REPOST_ORIGIN_ID,WIN_COUNT) values (121,11,'ㄱㄺㄴㅁㄹ','street',0,0,0,to_timestamp('26/06/15 11:19:15.080000000','RR/MM/DD HH24:MI:SSXFF'),to_timestamp('26/06/15 11:19:15.080000000','RR/MM/DD HH24:MI:SSXFF'),0,0,null,0);
Insert into FITLOG.POSTS (ID,USER_ID,TITLE,STYLE,LIKES_COUNT,COMMENTS_COUNT,BOOKMARKS_COUNT,CREATED_AT,UPDATED_AT,IS_DELETED,REPOST_COUNT,REPOST_ORIGIN_ID,WIN_COUNT) values (29,15,'케임브리지 코드 입문기','preppy',242,16,15,to_timestamp('26/04/18 11:07:57.000000000','RR/MM/DD HH24:MI:SSXFF'),to_timestamp('26/06/02 14:48:37.484000000','RR/MM/DD HH24:MI:SSXFF'),0,0,null,0);
Insert into FITLOG.POSTS (ID,USER_ID,TITLE,STYLE,LIKES_COUNT,COMMENTS_COUNT,BOOKMARKS_COUNT,CREATED_AT,UPDATED_AT,IS_DELETED,REPOST_COUNT,REPOST_ORIGIN_ID,WIN_COUNT) values (30,16,'COS 봄 신상 하울','minimal',216,38,31,to_timestamp('26/05/10 15:08:52.000000000','RR/MM/DD HH24:MI:SSXFF'),to_timestamp('26/06/02 14:48:37.485000000','RR/MM/DD HH24:MI:SSXFF'),0,0,null,0);
Insert into FITLOG.POSTS (ID,USER_ID,TITLE,STYLE,LIKES_COUNT,COMMENTS_COUNT,BOOKMARKS_COUNT,CREATED_AT,UPDATED_AT,IS_DELETED,REPOST_COUNT,REPOST_ORIGIN_ID,WIN_COUNT) values (31,16,'옷장 미니멀라이징 후기','minimal',127,62,48,to_timestamp('26/03/31 04:06:26.000000000','RR/MM/DD HH24:MI:SSXFF'),to_timestamp('26/06/02 14:48:37.486000000','RR/MM/DD HH24:MI:SSXFF'),0,0,null,0);
Insert into FITLOG.POSTS (ID,USER_ID,TITLE,STYLE,LIKES_COUNT,COMMENTS_COUNT,BOOKMARKS_COUNT,CREATED_AT,UPDATED_AT,IS_DELETED,REPOST_COUNT,REPOST_ORIGIN_ID,WIN_COUNT) values (32,17,'아디다스 삼바 코디법','blokecore',209,48,39,to_timestamp('26/04/10 07:37:35.000000000','RR/MM/DD HH24:MI:SSXFF'),to_timestamp('26/06/02 14:48:37.487000000','RR/MM/DD HH24:MI:SSXFF'),0,0,null,0);
Insert into FITLOG.POSTS (ID,USER_ID,TITLE,STYLE,LIKES_COUNT,COMMENTS_COUNT,BOOKMARKS_COUNT,CREATED_AT,UPDATED_AT,IS_DELETED,REPOST_COUNT,REPOST_ORIGIN_ID,WIN_COUNT) values (33,17,'레트로 축구 유니폼 컬렉션','blokecore',33,35,27,to_timestamp('26/05/19 01:57:38.000000000','RR/MM/DD HH24:MI:SSXFF'),to_timestamp('26/06/02 17:38:21.041000000','RR/MM/DD HH24:MI:SSXFF'),0,0,null,1);
Insert into FITLOG.POSTS (ID,USER_ID,TITLE,STYLE,LIKES_COUNT,COMMENTS_COUNT,BOOKMARKS_COUNT,CREATED_AT,UPDATED_AT,IS_DELETED,REPOST_COUNT,REPOST_ORIGIN_ID,WIN_COUNT) values (34,18,'레드윙 아이리시 세터 3년 착용기','workwear',121,57,45,to_timestamp('26/04/28 07:16:08.000000000','RR/MM/DD HH24:MI:SSXFF'),to_timestamp('26/06/02 14:48:37.489000000','RR/MM/DD HH24:MI:SSXFF'),0,0,null,0);
Insert into FITLOG.POSTS (ID,USER_ID,TITLE,STYLE,LIKES_COUNT,COMMENTS_COUNT,BOOKMARKS_COUNT,CREATED_AT,UPDATED_AT,IS_DELETED,REPOST_COUNT,REPOST_ORIGIN_ID,WIN_COUNT) values (35,18,'디트로이트 자켓 코디 모음','workwear',23,29,25,to_timestamp('26/04/03 01:00:45.000000000','RR/MM/DD HH24:MI:SSXFF'),to_timestamp('26/06/02 14:48:37.490000000','RR/MM/DD HH24:MI:SSXFF'),0,0,null,0);
Insert into FITLOG.POSTS (ID,USER_ID,TITLE,STYLE,LIKES_COUNT,COMMENTS_COUNT,BOOKMARKS_COUNT,CREATED_AT,UPDATED_AT,IS_DELETED,REPOST_COUNT,REPOST_ORIGIN_ID,WIN_COUNT) values (36,19,'리바이스 501 vs 517 비교','amekaji',89,36,29,to_timestamp('26/05/03 12:54:26.000000000','RR/MM/DD HH24:MI:SSXFF'),to_timestamp('26/06/02 14:48:37.491000000','RR/MM/DD HH24:MI:SSXFF'),0,0,null,0);
Insert into FITLOG.POSTS (ID,USER_ID,TITLE,STYLE,LIKES_COUNT,COMMENTS_COUNT,BOOKMARKS_COUNT,CREATED_AT,UPDATED_AT,IS_DELETED,REPOST_COUNT,REPOST_ORIGIN_ID,WIN_COUNT) values (37,19,'어비싱 데님 워시 직접 해봤어요','amekaji',204,27,21,to_timestamp('26/04/14 03:26:44.000000000','RR/MM/DD HH24:MI:SSXFF'),to_timestamp('26/06/02 14:48:37.492000000','RR/MM/DD HH24:MI:SSXFF'),0,0,null,0);
Insert into FITLOG.POSTS (ID,USER_ID,TITLE,STYLE,LIKES_COUNT,COMMENTS_COUNT,BOOKMARKS_COUNT,CREATED_AT,UPDATED_AT,IS_DELETED,REPOST_COUNT,REPOST_ORIGIN_ID,WIN_COUNT) values (38,20,'무인양품 코디 활용법','casual',108,43,34,to_timestamp('26/05/05 20:29:57.000000000','RR/MM/DD HH24:MI:SSXFF'),to_timestamp('26/06/02 14:48:37.493000000','RR/MM/DD HH24:MI:SSXFF'),0,0,null,0);
Insert into FITLOG.POSTS (ID,USER_ID,TITLE,STYLE,LIKES_COUNT,COMMENTS_COUNT,BOOKMARKS_COUNT,CREATED_AT,UPDATED_AT,IS_DELETED,REPOST_COUNT,REPOST_ORIGIN_ID,WIN_COUNT) values (39,20,'여름 린넨 코디 팁','casual',117,30,26,to_timestamp('26/05/17 07:39:59.000000000','RR/MM/DD HH24:MI:SSXFF'),to_timestamp('26/06/02 14:48:37.494000000','RR/MM/DD HH24:MI:SSXFF'),0,0,null,0);
Insert into FITLOG.POSTS (ID,USER_ID,TITLE,STYLE,LIKES_COUNT,COMMENTS_COUNT,BOOKMARKS_COUNT,CREATED_AT,UPDATED_AT,IS_DELETED,REPOST_COUNT,REPOST_ORIGIN_ID,WIN_COUNT) values (40,36,'국내 데님 브랜드 추천','amekaji',54,39,30,to_timestamp('26/05/09 11:29:30.000000000','RR/MM/DD HH24:MI:SSXFF'),to_timestamp('26/06/02 14:48:37.495000000','RR/MM/DD HH24:MI:SSXFF'),0,0,null,0);
Insert into FITLOG.POSTS (ID,USER_ID,TITLE,STYLE,LIKES_COUNT,COMMENTS_COUNT,BOOKMARKS_COUNT,CREATED_AT,UPDATED_AT,IS_DELETED,REPOST_COUNT,REPOST_ORIGIN_ID,WIN_COUNT) values (41,37,'카디건 레이어드 가을 코디','oldmoney',163,24,23,to_timestamp('26/05/06 16:30:50.000000000','RR/MM/DD HH24:MI:SSXFF'),to_timestamp('26/06/02 14:48:37.496000000','RR/MM/DD HH24:MI:SSXFF'),0,0,null,0);
Insert into FITLOG.POSTS (ID,USER_ID,TITLE,STYLE,LIKES_COUNT,COMMENTS_COUNT,BOOKMARKS_COUNT,CREATED_AT,UPDATED_AT,IS_DELETED,REPOST_COUNT,REPOST_ORIGIN_ID,WIN_COUNT) values (42,38,'조던1 하이 OG 리뷰','street',153,58,48,to_timestamp('26/04/22 05:57:06.000000000','RR/MM/DD HH24:MI:SSXFF'),to_timestamp('26/06/02 14:48:37.497000000','RR/MM/DD HH24:MI:SSXFF'),0,0,null,0);
Insert into FITLOG.POSTS (ID,USER_ID,TITLE,STYLE,LIKES_COUNT,COMMENTS_COUNT,BOOKMARKS_COUNT,CREATED_AT,UPDATED_AT,IS_DELETED,REPOST_COUNT,REPOST_ORIGIN_ID,WIN_COUNT) values (43,39,'구제 쇼핑 팁 모음','amekaji',172,75,62,to_timestamp('26/05/18 00:24:24.000000000','RR/MM/DD HH24:MI:SSXFF'),to_timestamp('26/06/02 14:48:37.499000000','RR/MM/DD HH24:MI:SSXFF'),0,0,null,0);
Insert into FITLOG.POSTS (ID,USER_ID,TITLE,STYLE,LIKES_COUNT,COMMENTS_COUNT,BOOKMARKS_COUNT,CREATED_AT,UPDATED_AT,IS_DELETED,REPOST_COUNT,REPOST_ORIGIN_ID,WIN_COUNT) values (44,40,'3레이어드 코디 도전','cityboy',24,29,24,to_timestamp('26/04/18 19:48:39.000000000','RR/MM/DD HH24:MI:SSXFF'),to_timestamp('26/06/02 14:48:37.499000000','RR/MM/DD HH24:MI:SSXFF'),0,0,null,0);
Insert into FITLOG.POSTS (ID,USER_ID,TITLE,STYLE,LIKES_COUNT,COMMENTS_COUNT,BOOKMARKS_COUNT,CREATED_AT,UPDATED_AT,IS_DELETED,REPOST_COUNT,REPOST_ORIGIN_ID,WIN_COUNT) values (45,41,'살로몬 XT-6 1년 착용기','gorpcore',183,40,32,to_timestamp('26/04/11 09:19:08.000000000','RR/MM/DD HH24:MI:SSXFF'),to_timestamp('26/06/02 14:48:37.500000000','RR/MM/DD HH24:MI:SSXFF'),0,0,null,0);
Insert into FITLOG.POSTS (ID,USER_ID,TITLE,STYLE,LIKES_COUNT,COMMENTS_COUNT,BOOKMARKS_COUNT,CREATED_AT,UPDATED_AT,IS_DELETED,REPOST_COUNT,REPOST_ORIGIN_ID,WIN_COUNT) values (46,42,'화이트 셔츠 하나로 코디하기','minimal',134,32,28,to_timestamp('26/05/15 07:40:42.000000000','RR/MM/DD HH24:MI:SSXFF'),to_timestamp('26/06/02 14:48:37.501000000','RR/MM/DD HH24:MI:SSXFF'),0,0,null,0);
Insert into FITLOG.POSTS (ID,USER_ID,TITLE,STYLE,LIKES_COUNT,COMMENTS_COUNT,BOOKMARKS_COUNT,CREATED_AT,UPDATED_AT,IS_DELETED,REPOST_COUNT,REPOST_ORIGIN_ID,WIN_COUNT) values (1,2,'레전드 트레이닝복','street',72,0,0,to_timestamp('26/05/29 11:33:03.226000000','RR/MM/DD HH24:MI:SSXFF'),to_timestamp('26/06/04 11:56:40.597000000','RR/MM/DD HH24:MI:SSXFF'),0,0,null,4);
Insert into FITLOG.POSTS (ID,USER_ID,TITLE,STYLE,LIKES_COUNT,COMMENTS_COUNT,BOOKMARKS_COUNT,CREATED_AT,UPDATED_AT,IS_DELETED,REPOST_COUNT,REPOST_ORIGIN_ID,WIN_COUNT) values (3,3,'나는뽀로로','casual',131,0,1,to_timestamp('26/05/29 12:02:07.315000000','RR/MM/DD HH24:MI:SSXFF'),to_timestamp('26/06/02 17:39:42.945000000','RR/MM/DD HH24:MI:SSXFF'),0,0,null,1);
Insert into FITLOG.POSTS (ID,USER_ID,TITLE,STYLE,LIKES_COUNT,COMMENTS_COUNT,BOOKMARKS_COUNT,CREATED_AT,UPDATED_AT,IS_DELETED,REPOST_COUNT,REPOST_ORIGIN_ID,WIN_COUNT) values (6,1,'케주얼 룩 OOTD','casual',129,1,0,to_timestamp('26/05/29 14:41:27.172000000','RR/MM/DD HH24:MI:SSXFF'),to_timestamp('26/06/04 11:56:42.469000000','RR/MM/DD HH24:MI:SSXFF'),0,0,null,1);
Insert into FITLOG.POSTS (ID,USER_ID,TITLE,STYLE,LIKES_COUNT,COMMENTS_COUNT,BOOKMARKS_COUNT,CREATED_AT,UPDATED_AT,IS_DELETED,REPOST_COUNT,REPOST_ORIGIN_ID,WIN_COUNT) values (7,1,'시티보이룩 코디','cityboy',27,1,0,to_timestamp('26/05/29 14:43:08.327000000','RR/MM/DD HH24:MI:SSXFF'),to_timestamp('26/06/15 11:18:17.172000000','RR/MM/DD HH24:MI:SSXFF'),0,0,null,3);
Insert into FITLOG.POSTS (ID,USER_ID,TITLE,STYLE,LIKES_COUNT,COMMENTS_COUNT,BOOKMARKS_COUNT,CREATED_AT,UPDATED_AT,IS_DELETED,REPOST_COUNT,REPOST_ORIGIN_ID,WIN_COUNT) values (8,5,'OOTD','street',211,0,0,to_timestamp('26/05/29 15:18:33.257000000','RR/MM/DD HH24:MI:SSXFF'),to_timestamp('26/06/04 11:56:41.422000000','RR/MM/DD HH24:MI:SSXFF'),0,0,null,6);
Insert into FITLOG.POSTS (ID,USER_ID,TITLE,STYLE,LIKES_COUNT,COMMENTS_COUNT,BOOKMARKS_COUNT,CREATED_AT,UPDATED_AT,IS_DELETED,REPOST_COUNT,REPOST_ORIGIN_ID,WIN_COUNT) values (9,5,'아메카지 ','amekaji',101,0,0,to_timestamp('26/05/29 15:59:33.578000000','RR/MM/DD HH24:MI:SSXFF'),to_timestamp('26/06/04 17:26:16.866000000','RR/MM/DD HH24:MI:SSXFF'),0,0,null,8);
Insert into FITLOG.POSTS (ID,USER_ID,TITLE,STYLE,LIKES_COUNT,COMMENTS_COUNT,BOOKMARKS_COUNT,CREATED_AT,UPDATED_AT,IS_DELETED,REPOST_COUNT,REPOST_ORIGIN_ID,WIN_COUNT) values (47,43,'서울 패션위크 관람 후기','street',128,54,45,to_timestamp('26/05/29 08:13:21.000000000','RR/MM/DD HH24:MI:SSXFF'),to_timestamp('26/06/02 14:48:37.503000000','RR/MM/DD HH24:MI:SSXFF'),0,0,null,0);
Insert into FITLOG.POSTS (ID,USER_ID,TITLE,STYLE,LIKES_COUNT,COMMENTS_COUNT,BOOKMARKS_COUNT,CREATED_AT,UPDATED_AT,IS_DELETED,REPOST_COUNT,REPOST_ORIGIN_ID,WIN_COUNT) values (48,44,'막스마라 코트 구매 후기','oldmoney',15,69,56,to_timestamp('26/05/17 10:38:55.000000000','RR/MM/DD HH24:MI:SSXFF'),to_timestamp('26/06/02 14:48:37.504000000','RR/MM/DD HH24:MI:SSXFF'),0,0,null,0);
Insert into FITLOG.POSTS (ID,USER_ID,TITLE,STYLE,LIKES_COUNT,COMMENTS_COUNT,BOOKMARKS_COUNT,CREATED_AT,UPDATED_AT,IS_DELETED,REPOST_COUNT,REPOST_ORIGIN_ID,WIN_COUNT) values (49,45,'아디다스 삼바 OG vs 가젤 비교','blokecore',156,49,40,to_timestamp('26/05/08 09:50:12.000000000','RR/MM/DD HH24:MI:SSXFF'),to_timestamp('26/06/02 14:48:37.505000000','RR/MM/DD HH24:MI:SSXFF'),0,0,null,0);
Insert into FITLOG.POSTS (ID,USER_ID,TITLE,STYLE,LIKES_COUNT,COMMENTS_COUNT,BOOKMARKS_COUNT,CREATED_AT,UPDATED_AT,IS_DELETED,REPOST_COUNT,REPOST_ORIGIN_ID,WIN_COUNT) values (50,46,'카고팬츠 브랜드별 비교','workwear',178,46,36,to_timestamp('26/03/30 22:56:32.000000000','RR/MM/DD HH24:MI:SSXFF'),to_timestamp('26/06/02 14:48:37.506000000','RR/MM/DD HH24:MI:SSXFF'),0,0,null,0);
Insert into FITLOG.POSTS (ID,USER_ID,TITLE,STYLE,LIKES_COUNT,COMMENTS_COUNT,BOOKMARKS_COUNT,CREATED_AT,UPDATED_AT,IS_DELETED,REPOST_COUNT,REPOST_ORIGIN_ID,WIN_COUNT) values (51,47,'버튼다운 셔츠 입문 가이드','preppy',146,31,26,to_timestamp('26/04/03 11:15:06.000000000','RR/MM/DD HH24:MI:SSXFF'),to_timestamp('26/06/02 14:48:37.507000000','RR/MM/DD HH24:MI:SSXFF'),0,0,null,0);
Insert into FITLOG.POSTS (ID,USER_ID,TITLE,STYLE,LIKES_COUNT,COMMENTS_COUNT,BOOKMARKS_COUNT,CREATED_AT,UPDATED_AT,IS_DELETED,REPOST_COUNT,REPOST_ORIGIN_ID,WIN_COUNT) values (52,48,'가죽 자켓 관리법 총정리','rockchic',250,63,52,to_timestamp('26/04/28 14:39:37.000000000','RR/MM/DD HH24:MI:SSXFF'),to_timestamp('26/06/02 14:48:37.509000000','RR/MM/DD HH24:MI:SSXFF'),0,0,null,0);
Insert into FITLOG.POSTS (ID,USER_ID,TITLE,STYLE,LIKES_COUNT,COMMENTS_COUNT,BOOKMARKS_COUNT,CREATED_AT,UPDATED_AT,IS_DELETED,REPOST_COUNT,REPOST_ORIGIN_ID,WIN_COUNT) values (53,49,'오버핏 제대로 입는 법','cityboy',42,82,66,to_timestamp('26/04/19 16:08:16.000000000','RR/MM/DD HH24:MI:SSXFF'),to_timestamp('26/06/02 14:48:37.510000000','RR/MM/DD HH24:MI:SSXFF'),0,0,null,0);
Insert into FITLOG.POSTS (ID,USER_ID,TITLE,STYLE,LIKES_COUNT,COMMENTS_COUNT,BOOKMARKS_COUNT,CREATED_AT,UPDATED_AT,IS_DELETED,REPOST_COUNT,REPOST_ORIGIN_ID,WIN_COUNT) values (54,50,'노스페이스 눕시 vs 700 비교','gorpcore',26,58,47,to_timestamp('26/04/28 16:21:03.000000000','RR/MM/DD HH24:MI:SSXFF'),to_timestamp('26/06/02 14:48:37.511000000','RR/MM/DD HH24:MI:SSXFF'),0,0,null,0);
Insert into FITLOG.POSTS (ID,USER_ID,TITLE,STYLE,LIKES_COUNT,COMMENTS_COUNT,BOOKMARKS_COUNT,CREATED_AT,UPDATED_AT,IS_DELETED,REPOST_COUNT,REPOST_ORIGIN_ID,WIN_COUNT) values (55,8,'나는 스트릿 걸~','street',146,0,0,to_timestamp('26/05/29 16:18:24.613000000','RR/MM/DD HH24:MI:SSXFF'),to_timestamp('26/06/15 11:49:56.074000000','RR/MM/DD HH24:MI:SSXFF'),0,0,null,10);
Insert into FITLOG.POSTS (ID,USER_ID,TITLE,STYLE,LIKES_COUNT,COMMENTS_COUNT,BOOKMARKS_COUNT,CREATED_AT,UPDATED_AT,IS_DELETED,REPOST_COUNT,REPOST_ORIGIN_ID,WIN_COUNT) values (56,10,'봄인가','casual',244,0,0,to_timestamp('26/05/29 16:20:24.471000000','RR/MM/DD HH24:MI:SSXFF'),to_timestamp('26/06/04 17:25:41.385000000','RR/MM/DD HH24:MI:SSXFF'),0,0,null,4);
Insert into FITLOG.POSTS (ID,USER_ID,TITLE,STYLE,LIKES_COUNT,COMMENTS_COUNT,BOOKMARKS_COUNT,CREATED_AT,UPDATED_AT,IS_DELETED,REPOST_COUNT,REPOST_ORIGIN_ID,WIN_COUNT) values (60,14,'OOTD','cityboy',244,0,0,to_timestamp('26/05/29 16:31:28.492000000','RR/MM/DD HH24:MI:SSXFF'),to_timestamp('26/06/04 17:25:59.952000000','RR/MM/DD HH24:MI:SSXFF'),0,0,null,6);
Insert into FITLOG.POSTS (ID,USER_ID,TITLE,STYLE,LIKES_COUNT,COMMENTS_COUNT,BOOKMARKS_COUNT,CREATED_AT,UPDATED_AT,IS_DELETED,REPOST_COUNT,REPOST_ORIGIN_ID,WIN_COUNT) values (61,7,'캐주얼 패션!~ ','casual',35,0,0,to_timestamp('26/05/29 16:33:17.152000000','RR/MM/DD HH24:MI:SSXFF'),to_timestamp('26/06/15 11:18:19.468000000','RR/MM/DD HH24:MI:SSXFF'),0,0,null,5);
Insert into FITLOG.POSTS (ID,USER_ID,TITLE,STYLE,LIKES_COUNT,COMMENTS_COUNT,BOOKMARKS_COUNT,CREATED_AT,UPDATED_AT,IS_DELETED,REPOST_COUNT,REPOST_ORIGIN_ID,WIN_COUNT) values (63,11,'편의점 가야지','casual',102,4,1,to_timestamp('26/05/29 16:38:41.529000000','RR/MM/DD HH24:MI:SSXFF'),to_timestamp('26/06/04 17:25:42.297000000','RR/MM/DD HH24:MI:SSXFF'),0,0,null,3);
Insert into FITLOG.POSTS (ID,USER_ID,TITLE,STYLE,LIKES_COUNT,COMMENTS_COUNT,BOOKMARKS_COUNT,CREATED_AT,UPDATED_AT,IS_DELETED,REPOST_COUNT,REPOST_ORIGIN_ID,WIN_COUNT) values (67,37,'이번주 착샷','minimal',160,0,0,to_timestamp('26/06/01 10:59:07.977000000','RR/MM/DD HH24:MI:SSXFF'),to_timestamp('26/06/04 14:47:16.428000000','RR/MM/DD HH24:MI:SSXFF'),0,0,null,5);
Insert into FITLOG.POSTS (ID,USER_ID,TITLE,STYLE,LIKES_COUNT,COMMENTS_COUNT,BOOKMARKS_COUNT,CREATED_AT,UPDATED_AT,IS_DELETED,REPOST_COUNT,REPOST_ORIGIN_ID,WIN_COUNT) values (68,40,'맞팔좀','street',44,0,0,to_timestamp('26/06/01 11:03:04.420000000','RR/MM/DD HH24:MI:SSXFF'),to_timestamp('26/06/04 17:26:20.569000000','RR/MM/DD HH24:MI:SSXFF'),0,0,null,2);
Insert into FITLOG.POSTS (ID,USER_ID,TITLE,STYLE,LIKES_COUNT,COMMENTS_COUNT,BOOKMARKS_COUNT,CREATED_AT,UPDATED_AT,IS_DELETED,REPOST_COUNT,REPOST_ORIGIN_ID,WIN_COUNT) values (72,45,'부부 착샷','preppy',85,0,0,to_timestamp('26/06/01 11:43:43.932000000','RR/MM/DD HH24:MI:SSXFF'),to_timestamp('26/06/15 14:48:58.497000000','RR/MM/DD HH24:MI:SSXFF'),0,0,null,7);
Insert into FITLOG.POSTS (ID,USER_ID,TITLE,STYLE,LIKES_COUNT,COMMENTS_COUNT,BOOKMARKS_COUNT,CREATED_AT,UPDATED_AT,IS_DELETED,REPOST_COUNT,REPOST_ORIGIN_ID,WIN_COUNT) values (74,47,'이번주 요약본','casual',104,0,1,to_timestamp('26/06/01 11:50:08.883000000','RR/MM/DD HH24:MI:SSXFF'),to_timestamp('26/06/04 09:52:06.012000000','RR/MM/DD HH24:MI:SSXFF'),0,0,null,4);
Insert into FITLOG.POSTS (ID,USER_ID,TITLE,STYLE,LIKES_COUNT,COMMENTS_COUNT,BOOKMARKS_COUNT,CREATED_AT,UPDATED_AT,IS_DELETED,REPOST_COUNT,REPOST_ORIGIN_ID,WIN_COUNT) values (75,48,'시티보이룩 코디','cityboy',106,1,0,to_timestamp('26/06/01 11:55:45.662000000','RR/MM/DD HH24:MI:SSXFF'),to_timestamp('26/06/02 18:12:28.608000000','RR/MM/DD HH24:MI:SSXFF'),0,0,null,3);
Insert into FITLOG.POSTS (ID,USER_ID,TITLE,STYLE,LIKES_COUNT,COMMENTS_COUNT,BOOKMARKS_COUNT,CREATED_AT,UPDATED_AT,IS_DELETED,REPOST_COUNT,REPOST_ORIGIN_ID,WIN_COUNT) values (76,50,'락시크룩','rockchic',196,0,0,to_timestamp('26/06/01 12:02:13.198000000','RR/MM/DD HH24:MI:SSXFF'),to_timestamp('26/06/04 09:52:04.381000000','RR/MM/DD HH24:MI:SSXFF'),0,0,null,2);
Insert into FITLOG.POSTS (ID,USER_ID,TITLE,STYLE,LIKES_COUNT,COMMENTS_COUNT,BOOKMARKS_COUNT,CREATED_AT,UPDATED_AT,IS_DELETED,REPOST_COUNT,REPOST_ORIGIN_ID,WIN_COUNT) values (77,11,'이바지 살까말까 고민중인데 어캐할까요 ','street',159,1,1,to_timestamp('26/06/01 13:09:24.304000000','RR/MM/DD HH24:MI:SSXFF'),to_timestamp('26/06/04 15:34:37.907000000','RR/MM/DD HH24:MI:SSXFF'),0,0,null,1);
Insert into FITLOG.POSTS (ID,USER_ID,TITLE,STYLE,LIKES_COUNT,COMMENTS_COUNT,BOOKMARKS_COUNT,CREATED_AT,UPDATED_AT,IS_DELETED,REPOST_COUNT,REPOST_ORIGIN_ID,WIN_COUNT) values (58,12,'고프코어 이쁘다니깐요 오늘 비니 샀어요 어때요?','gorpcore',15,0,0,to_timestamp('26/05/29 16:26:07.917000000','RR/MM/DD HH24:MI:SSXFF'),to_timestamp('26/06/04 17:26:07.888000000','RR/MM/DD HH24:MI:SSXFF'),0,0,null,5);
Insert into FITLOG.POSTS (ID,USER_ID,TITLE,STYLE,LIKES_COUNT,COMMENTS_COUNT,BOOKMARKS_COUNT,CREATED_AT,UPDATED_AT,IS_DELETED,REPOST_COUNT,REPOST_ORIGIN_ID,WIN_COUNT) values (59,13,'머리 잘랐는데 어때요 룩이랑 찰떡?','street',66,1,0,to_timestamp('26/05/29 16:29:03.208000000','RR/MM/DD HH24:MI:SSXFF'),to_timestamp('26/06/04 17:26:11.816000000','RR/MM/DD HH24:MI:SSXFF'),0,0,null,12);
Insert into FITLOG.POSTS (ID,USER_ID,TITLE,STYLE,LIKES_COUNT,COMMENTS_COUNT,BOOKMARKS_COUNT,CREATED_AT,UPDATED_AT,IS_DELETED,REPOST_COUNT,REPOST_ORIGIN_ID,WIN_COUNT) values (62,9,'바캉스룩 어때?','casual',102,1,0,to_timestamp('26/05/29 16:35:37.627000000','RR/MM/DD HH24:MI:SSXFF'),to_timestamp('26/06/15 11:49:56.687000000','RR/MM/DD HH24:MI:SSXFF'),0,0,null,8);
Insert into FITLOG.POSTS (ID,USER_ID,TITLE,STYLE,LIKES_COUNT,COMMENTS_COUNT,BOOKMARKS_COUNT,CREATED_AT,UPDATED_AT,IS_DELETED,REPOST_COUNT,REPOST_ORIGIN_ID,WIN_COUNT) values (64,15,'가을인가요~','minimal',143,0,0,to_timestamp('26/06/01 10:38:41.160000000','RR/MM/DD HH24:MI:SSXFF'),to_timestamp('26/06/04 11:56:38.310000000','RR/MM/DD HH24:MI:SSXFF'),0,0,null,3);
Insert into FITLOG.POSTS (ID,USER_ID,TITLE,STYLE,LIKES_COUNT,COMMENTS_COUNT,BOOKMARKS_COUNT,CREATED_AT,UPDATED_AT,IS_DELETED,REPOST_COUNT,REPOST_ORIGIN_ID,WIN_COUNT) values (71,42,'블록코어','blokecore',73,0,0,to_timestamp('26/06/01 11:39:44.466000000','RR/MM/DD HH24:MI:SSXFF'),to_timestamp('26/06/02 18:08:20.913000000','RR/MM/DD HH24:MI:SSXFF'),0,0,null,2);
Insert into FITLOG.POSTS (ID,USER_ID,TITLE,STYLE,LIKES_COUNT,COMMENTS_COUNT,BOOKMARKS_COUNT,CREATED_AT,UPDATED_AT,IS_DELETED,REPOST_COUNT,REPOST_ORIGIN_ID,WIN_COUNT) values (79,7,'마틴킴 살까 말까 ... 너무 비싼데','minimal',82,1,0,to_timestamp('26/06/01 13:12:24.142000000','RR/MM/DD HH24:MI:SSXFF'),to_timestamp('26/06/04 11:56:40.262000000','RR/MM/DD HH24:MI:SSXFF'),0,0,null,1);
Insert into FITLOG.POSTS (ID,USER_ID,TITLE,STYLE,LIKES_COUNT,COMMENTS_COUNT,BOOKMARKS_COUNT,CREATED_AT,UPDATED_AT,IS_DELETED,REPOST_COUNT,REPOST_ORIGIN_ID,WIN_COUNT) values (81,9,'이룩 그대로 입어볼까..','minimal',142,0,0,to_timestamp('26/06/01 13:13:53.781000000','RR/MM/DD HH24:MI:SSXFF'),to_timestamp('26/06/04 17:25:51.752000000','RR/MM/DD HH24:MI:SSXFF'),0,0,null,2);
Insert into FITLOG.POSTS (ID,USER_ID,TITLE,STYLE,LIKES_COUNT,COMMENTS_COUNT,BOOKMARKS_COUNT,CREATED_AT,UPDATED_AT,IS_DELETED,REPOST_COUNT,REPOST_ORIGIN_ID,WIN_COUNT) values (82,10,'노패 패딩 한물 갔나?? 지금 저점인가','street',31,0,0,to_timestamp('26/06/01 13:15:04.465000000','RR/MM/DD HH24:MI:SSXFF'),to_timestamp('26/06/15 12:05:15.399000000','RR/MM/DD HH24:MI:SSXFF'),0,0,null,5);
Insert into FITLOG.POSTS (ID,USER_ID,TITLE,STYLE,LIKES_COUNT,COMMENTS_COUNT,BOOKMARKS_COUNT,CREATED_AT,UPDATED_AT,IS_DELETED,REPOST_COUNT,REPOST_ORIGIN_ID,WIN_COUNT) values (85,17,'커플 올드머니','oldmoney',69,0,0,to_timestamp('26/06/02 12:36:28.467000000','RR/MM/DD HH24:MI:SSXFF'),to_timestamp('26/06/15 14:48:57.332000000','RR/MM/DD HH24:MI:SSXFF'),0,0,null,4);
Insert into FITLOG.POSTS (ID,USER_ID,TITLE,STYLE,LIKES_COUNT,COMMENTS_COUNT,BOOKMARKS_COUNT,CREATED_AT,UPDATED_AT,IS_DELETED,REPOST_COUNT,REPOST_ORIGIN_ID,WIN_COUNT) values (93,36,'데님룩','amekaji',138,0,0,to_timestamp('26/06/02 12:47:17.987000000','RR/MM/DD HH24:MI:SSXFF'),to_timestamp('26/06/04 17:26:23.050000000','RR/MM/DD HH24:MI:SSXFF'),0,0,null,9);
Insert into FITLOG.POSTS (ID,USER_ID,TITLE,STYLE,LIKES_COUNT,COMMENTS_COUNT,BOOKMARKS_COUNT,CREATED_AT,UPDATED_AT,IS_DELETED,REPOST_COUNT,REPOST_ORIGIN_ID,WIN_COUNT) values (97,49,'덤벨로우아님💪🏻','cityboy',81,0,0,to_timestamp('26/06/02 12:55:28.696000000','RR/MM/DD HH24:MI:SSXFF'),to_timestamp('26/06/04 17:26:03.775000000','RR/MM/DD HH24:MI:SSXFF'),0,0,null,3);
Insert into FITLOG.POSTS (ID,USER_ID,TITLE,STYLE,LIKES_COUNT,COMMENTS_COUNT,BOOKMARKS_COUNT,CREATED_AT,UPDATED_AT,IS_DELETED,REPOST_COUNT,REPOST_ORIGIN_ID,WIN_COUNT) values (98,4,'우리의 1년','casual',127,0,0,to_timestamp('26/06/02 12:58:48.944000000','RR/MM/DD HH24:MI:SSXFF'),to_timestamp('26/06/02 18:12:51.253000000','RR/MM/DD HH24:MI:SSXFF'),0,0,null,5);
Insert into FITLOG.POSTS (ID,USER_ID,TITLE,STYLE,LIKES_COUNT,COMMENTS_COUNT,BOOKMARKS_COUNT,CREATED_AT,UPDATED_AT,IS_DELETED,REPOST_COUNT,REPOST_ORIGIN_ID,WIN_COUNT) values (100,12,'스트릿 어색하네','street',201,0,1,to_timestamp('26/06/02 13:02:53.923000000','RR/MM/DD HH24:MI:SSXFF'),to_timestamp('26/06/02 18:13:10.014000000','RR/MM/DD HH24:MI:SSXFF'),0,1,null,4);
Insert into FITLOG.POSTS (ID,USER_ID,TITLE,STYLE,LIKES_COUNT,COMMENTS_COUNT,BOOKMARKS_COUNT,CREATED_AT,UPDATED_AT,IS_DELETED,REPOST_COUNT,REPOST_ORIGIN_ID,WIN_COUNT) values (102,11,'스트릿무드','street',1,0,1,to_timestamp('26/06/02 15:47:48.128000000','RR/MM/DD HH24:MI:SSXFF'),to_timestamp('26/06/04 17:25:50.160000000','RR/MM/DD HH24:MI:SSXFF'),0,1,null,2);
Insert into FITLOG.POSTS (ID,USER_ID,TITLE,STYLE,LIKES_COUNT,COMMENTS_COUNT,BOOKMARKS_COUNT,CREATED_AT,UPDATED_AT,IS_DELETED,REPOST_COUNT,REPOST_ORIGIN_ID,WIN_COUNT) values (103,1,'미니멀 남친룩','minimal',0,0,0,to_timestamp('26/06/02 15:49:13.732000000','RR/MM/DD HH24:MI:SSXFF'),to_timestamp('26/06/04 17:26:02.304000000','RR/MM/DD HH24:MI:SSXFF'),0,2,null,6);
Insert into FITLOG.POSTS (ID,USER_ID,TITLE,STYLE,LIKES_COUNT,COMMENTS_COUNT,BOOKMARKS_COUNT,CREATED_AT,UPDATED_AT,IS_DELETED,REPOST_COUNT,REPOST_ORIGIN_ID,WIN_COUNT) values (104,11,null,'street',0,0,0,to_timestamp('26/06/02 16:20:06.751000000','RR/MM/DD HH24:MI:SSXFF'),to_timestamp('26/06/02 16:45:17.901000000','RR/MM/DD HH24:MI:SSXFF'),1,0,100,0);
Insert into FITLOG.POSTS (ID,USER_ID,TITLE,STYLE,LIKES_COUNT,COMMENTS_COUNT,BOOKMARKS_COUNT,CREATED_AT,UPDATED_AT,IS_DELETED,REPOST_COUNT,REPOST_ORIGIN_ID,WIN_COUNT) values (105,11,null,'minimal',0,0,0,to_timestamp('26/06/02 16:45:22.996000000','RR/MM/DD HH24:MI:SSXFF'),to_timestamp('26/06/02 16:45:59.368000000','RR/MM/DD HH24:MI:SSXFF'),1,0,103,0);
Insert into FITLOG.POSTS (ID,USER_ID,TITLE,STYLE,LIKES_COUNT,COMMENTS_COUNT,BOOKMARKS_COUNT,CREATED_AT,UPDATED_AT,IS_DELETED,REPOST_COUNT,REPOST_ORIGIN_ID,WIN_COUNT) values (106,11,null,'minimal',0,0,0,to_timestamp('26/06/02 16:47:48.691000000','RR/MM/DD HH24:MI:SSXFF'),to_timestamp('26/06/02 16:49:08.733000000','RR/MM/DD HH24:MI:SSXFF'),1,0,103,0);
Insert into FITLOG.POSTS (ID,USER_ID,TITLE,STYLE,LIKES_COUNT,COMMENTS_COUNT,BOOKMARKS_COUNT,CREATED_AT,UPDATED_AT,IS_DELETED,REPOST_COUNT,REPOST_ORIGIN_ID,WIN_COUNT) values (107,17,null,'street',1,1,1,to_timestamp('26/06/04 10:35:42.034000000','RR/MM/DD HH24:MI:SSXFF'),to_timestamp('26/06/15 11:16:57.561000000','RR/MM/DD HH24:MI:SSXFF'),0,0,102,0);
Insert into FITLOG.POSTS (ID,USER_ID,TITLE,STYLE,LIKES_COUNT,COMMENTS_COUNT,BOOKMARKS_COUNT,CREATED_AT,UPDATED_AT,IS_DELETED,REPOST_COUNT,REPOST_ORIGIN_ID,WIN_COUNT) values (122,11,'421421','workwear',0,0,0,to_timestamp('26/06/15 11:19:31.267000000','RR/MM/DD HH24:MI:SSXFF'),to_timestamp('26/06/15 11:19:31.267000000','RR/MM/DD HH24:MI:SSXFF'),0,0,null,0);
Insert into FITLOG.POSTS (ID,USER_ID,TITLE,STYLE,LIKES_COUNT,COMMENTS_COUNT,BOOKMARKS_COUNT,CREATED_AT,UPDATED_AT,IS_DELETED,REPOST_COUNT,REPOST_ORIGIN_ID,WIN_COUNT) values (123,11,'옷','street',0,0,0,to_timestamp('26/06/15 11:50:28.962000000','RR/MM/DD HH24:MI:SSXFF'),to_timestamp('26/06/15 11:50:28.962000000','RR/MM/DD HH24:MI:SSXFF'),0,0,null,0);
Insert into FITLOG.POSTS (ID,USER_ID,TITLE,STYLE,LIKES_COUNT,COMMENTS_COUNT,BOOKMARKS_COUNT,CREATED_AT,UPDATED_AT,IS_DELETED,REPOST_COUNT,REPOST_ORIGIN_ID,WIN_COUNT) values (124,11,'스타일 가이드','street',0,0,0,to_timestamp('26/06/15 14:49:34.997000000','RR/MM/DD HH24:MI:SSXFF'),to_timestamp('26/06/15 14:49:34.997000000','RR/MM/DD HH24:MI:SSXFF'),0,0,null,0);
REM INSERTING into FITLOG.POST_IMAGES
SET DEFINE OFF;
Insert into FITLOG.POST_IMAGES (ID,POST_ID,IMAGE_URL,SORT_ORDER,CREATED_AT) values (19,64,'/uploads/3263695a-f18d-46e0-af64-8ff419251687.png',0,to_timestamp('26/06/01 10:38:41.163000000','RR/MM/DD HH24:MI:SSXFF'));
Insert into FITLOG.POST_IMAGES (ID,POST_ID,IMAGE_URL,SORT_ORDER,CREATED_AT) values (30,71,'/uploads/45c1eeeb-71c2-4ad2-a81d-694034b8e07d.png',0,to_timestamp('26/06/01 11:39:44.467000000','RR/MM/DD HH24:MI:SSXFF'));
Insert into FITLOG.POST_IMAGES (ID,POST_ID,IMAGE_URL,SORT_ORDER,CREATED_AT) values (71,104,'/uploads/85936bd0-bd87-4152-98c5-e0ba6f43136a.png',0,to_timestamp('26/06/02 16:20:06.758000000','RR/MM/DD HH24:MI:SSXFF'));
Insert into FITLOG.POST_IMAGES (ID,POST_ID,IMAGE_URL,SORT_ORDER,CREATED_AT) values (49,85,'/uploads/a2d47498-1ea8-42b6-9b12-6f11ef3bd728.png',0,to_timestamp('26/06/02 12:36:28.468000000','RR/MM/DD HH24:MI:SSXFF'));
Insert into FITLOG.POST_IMAGES (ID,POST_ID,IMAGE_URL,SORT_ORDER,CREATED_AT) values (69,102,'/uploads/2308e197-5548-4182-b9dd-fd0046b96cf8.png',0,to_timestamp('26/06/02 15:47:48.131000000','RR/MM/DD HH24:MI:SSXFF'));
Insert into FITLOG.POST_IMAGES (ID,POST_ID,IMAGE_URL,SORT_ORDER,CREATED_AT) values (84,122,'/uploads/1900f3fa-3f13-4c23-b6c1-a5ffbf43d428.png',0,to_timestamp('26/06/15 11:19:31.270000000','RR/MM/DD HH24:MI:SSXFF'));
Insert into FITLOG.POST_IMAGES (ID,POST_ID,IMAGE_URL,SORT_ORDER,CREATED_AT) values (85,122,'/uploads/d2ae1970-e1fa-4e4b-ab53-037f85013e6f.png',1,to_timestamp('26/06/15 11:19:31.270000000','RR/MM/DD HH24:MI:SSXFF'));
Insert into FITLOG.POST_IMAGES (ID,POST_ID,IMAGE_URL,SORT_ORDER,CREATED_AT) values (86,122,'/uploads/336f5f73-b4dd-4b7d-8e5b-faa0f1af70f8.png',2,to_timestamp('26/06/15 11:19:31.271000000','RR/MM/DD HH24:MI:SSXFF'));
Insert into FITLOG.POST_IMAGES (ID,POST_ID,IMAGE_URL,SORT_ORDER,CREATED_AT) values (87,122,'/uploads/b19a0ea5-62e1-4874-886f-0c9f58f80f40.png',3,to_timestamp('26/06/15 11:19:31.271000000','RR/MM/DD HH24:MI:SSXFF'));
Insert into FITLOG.POST_IMAGES (ID,POST_ID,IMAGE_URL,SORT_ORDER,CREATED_AT) values (89,124,'/uploads/fb1f7f55-b6ad-49e0-aac9-2f58a33425d2.png',0,to_timestamp('26/06/15 14:49:34.998000000','RR/MM/DD HH24:MI:SSXFF'));
Insert into FITLOG.POST_IMAGES (ID,POST_ID,IMAGE_URL,SORT_ORDER,CREATED_AT) values (2,2,'/uploads/6ed73354-1e43-4642-b338-0df401688716.png',0,to_timestamp('26/05/29 11:34:12.353000000','RR/MM/DD HH24:MI:SSXFF'));
Insert into FITLOG.POST_IMAGES (ID,POST_ID,IMAGE_URL,SORT_ORDER,CREATED_AT) values (4,4,'/uploads/b0c9293f-4b25-492a-bf27-d2cb92f36101.png',0,to_timestamp('26/05/29 12:03:15.464000000','RR/MM/DD HH24:MI:SSXFF'));
Insert into FITLOG.POST_IMAGES (ID,POST_ID,IMAGE_URL,SORT_ORDER,CREATED_AT) values (5,5,'/uploads/bb3a6bf3-3215-4634-a3e9-1a3dcb99fbdb.png',0,to_timestamp('26/05/29 12:03:40.443000000','RR/MM/DD HH24:MI:SSXFF'));
Insert into FITLOG.POST_IMAGES (ID,POST_ID,IMAGE_URL,SORT_ORDER,CREATED_AT) values (10,55,'/uploads/3a341e77-ea22-4fcb-a60a-de843571e79c.png',0,to_timestamp('26/05/29 16:18:24.615000000','RR/MM/DD HH24:MI:SSXFF'));
Insert into FITLOG.POST_IMAGES (ID,POST_ID,IMAGE_URL,SORT_ORDER,CREATED_AT) values (15,60,'/uploads/f3d768da-3284-4896-986e-a10ae1483a41.png',0,to_timestamp('26/05/29 16:31:28.493000000','RR/MM/DD HH24:MI:SSXFF'));
Insert into FITLOG.POST_IMAGES (ID,POST_ID,IMAGE_URL,SORT_ORDER,CREATED_AT) values (16,61,'/uploads/e7862988-d0d1-4fd1-afe0-60fab446acc5.png',0,to_timestamp('26/05/29 16:33:17.153000000','RR/MM/DD HH24:MI:SSXFF'));
Insert into FITLOG.POST_IMAGES (ID,POST_ID,IMAGE_URL,SORT_ORDER,CREATED_AT) values (18,63,'/uploads/e86e9d5b-68f2-4bf1-8f73-9e03acd4551a.png',0,to_timestamp('26/05/29 16:38:41.530000000','RR/MM/DD HH24:MI:SSXFF'));
Insert into FITLOG.POST_IMAGES (ID,POST_ID,IMAGE_URL,SORT_ORDER,CREATED_AT) values (20,65,'/uploads/513af408-95c1-41a0-a544-3d04a26cf7ea.png',0,to_timestamp('26/06/01 10:40:28.758000000','RR/MM/DD HH24:MI:SSXFF'));
Insert into FITLOG.POST_IMAGES (ID,POST_ID,IMAGE_URL,SORT_ORDER,CREATED_AT) values (21,66,'/uploads/3e99231c-a2ad-4100-a945-261d0ade733f.png',0,to_timestamp('26/06/01 10:44:15.484000000','RR/MM/DD HH24:MI:SSXFF'));
Insert into FITLOG.POST_IMAGES (ID,POST_ID,IMAGE_URL,SORT_ORDER,CREATED_AT) values (22,67,'/uploads/f14a19b1-16b8-4f69-a750-4bd8bde16a8a.png',0,to_timestamp('26/06/01 10:59:07.978000000','RR/MM/DD HH24:MI:SSXFF'));
Insert into FITLOG.POST_IMAGES (ID,POST_ID,IMAGE_URL,SORT_ORDER,CREATED_AT) values (23,67,'/uploads/a24693bd-7996-433f-b112-567c7721cef7.png',1,to_timestamp('26/06/01 10:59:07.979000000','RR/MM/DD HH24:MI:SSXFF'));
Insert into FITLOG.POST_IMAGES (ID,POST_ID,IMAGE_URL,SORT_ORDER,CREATED_AT) values (27,69,'/uploads/1277cc53-d6d8-439f-8378-558ac362e0ad.png',0,to_timestamp('26/06/01 11:27:20.837000000','RR/MM/DD HH24:MI:SSXFF'));
Insert into FITLOG.POST_IMAGES (ID,POST_ID,IMAGE_URL,SORT_ORDER,CREATED_AT) values (28,69,'/uploads/36c6a175-cf1a-4b46-96f9-1b72c81425a3.png',1,to_timestamp('26/06/01 11:27:20.839000000','RR/MM/DD HH24:MI:SSXFF'));
Insert into FITLOG.POST_IMAGES (ID,POST_ID,IMAGE_URL,SORT_ORDER,CREATED_AT) values (29,70,'/uploads/1de5da21-0b62-42ed-911d-8c1ed1434ac2.png',0,to_timestamp('26/06/01 11:30:08.986000000','RR/MM/DD HH24:MI:SSXFF'));
Insert into FITLOG.POST_IMAGES (ID,POST_ID,IMAGE_URL,SORT_ORDER,CREATED_AT) values (31,72,'/uploads/6475b746-bd9e-4baf-b0e1-c186983f001b.png',0,to_timestamp('26/06/01 11:43:43.934000000','RR/MM/DD HH24:MI:SSXFF'));
Insert into FITLOG.POST_IMAGES (ID,POST_ID,IMAGE_URL,SORT_ORDER,CREATED_AT) values (32,73,'/uploads/39c98099-a482-4563-b4bb-5378ddecfefe.png',0,to_timestamp('26/06/01 11:45:39.584000000','RR/MM/DD HH24:MI:SSXFF'));
Insert into FITLOG.POST_IMAGES (ID,POST_ID,IMAGE_URL,SORT_ORDER,CREATED_AT) values (33,74,'/uploads/63adf2cf-b78c-42ac-9216-7589104aff01.png',0,to_timestamp('26/06/01 11:50:08.886000000','RR/MM/DD HH24:MI:SSXFF'));
Insert into FITLOG.POST_IMAGES (ID,POST_ID,IMAGE_URL,SORT_ORDER,CREATED_AT) values (34,74,'/uploads/833f0bb9-096b-445c-92bf-1f9ddce70bb9.png',1,to_timestamp('26/06/01 11:50:08.886000000','RR/MM/DD HH24:MI:SSXFF'));
Insert into FITLOG.POST_IMAGES (ID,POST_ID,IMAGE_URL,SORT_ORDER,CREATED_AT) values (35,74,'/uploads/674dbd22-fdf6-4238-ad37-98fc66af9f15.png',2,to_timestamp('26/06/01 11:50:08.886000000','RR/MM/DD HH24:MI:SSXFF'));
Insert into FITLOG.POST_IMAGES (ID,POST_ID,IMAGE_URL,SORT_ORDER,CREATED_AT) values (40,78,'/uploads/80b64408-9e5e-497a-8719-cb015d01968a.jfif',0,to_timestamp('26/06/01 13:10:18.829000000','RR/MM/DD HH24:MI:SSXFF'));
Insert into FITLOG.POST_IMAGES (ID,POST_ID,IMAGE_URL,SORT_ORDER,CREATED_AT) values (41,79,'/uploads/fa1b25b6-1b42-46c6-a744-dfadb07f4f02.jfif',0,to_timestamp('26/06/01 13:12:24.143000000','RR/MM/DD HH24:MI:SSXFF'));
Insert into FITLOG.POST_IMAGES (ID,POST_ID,IMAGE_URL,SORT_ORDER,CREATED_AT) values (42,80,'/uploads/904f8b6e-d5c4-4462-9edc-fee6e02dd6b3.jfif',0,to_timestamp('26/06/01 13:13:17.376000000','RR/MM/DD HH24:MI:SSXFF'));
Insert into FITLOG.POST_IMAGES (ID,POST_ID,IMAGE_URL,SORT_ORDER,CREATED_AT) values (43,81,'/uploads/13a118cb-9fe6-406f-b025-40b787f9c26a.jfif',0,to_timestamp('26/06/01 13:13:53.783000000','RR/MM/DD HH24:MI:SSXFF'));
Insert into FITLOG.POST_IMAGES (ID,POST_ID,IMAGE_URL,SORT_ORDER,CREATED_AT) values (46,7,'/uploads/cf2271ee-08f3-4f9b-bf5a-1710fdc463d6.png',1,to_timestamp('26/06/01 17:38:40.497000000','RR/MM/DD HH24:MI:SSXFF'));
Insert into FITLOG.POST_IMAGES (ID,POST_ID,IMAGE_URL,SORT_ORDER,CREATED_AT) values (48,84,'/uploads/49de6c8d-bd38-423f-bc89-6dd30a143a5a.png',0,to_timestamp('26/06/02 12:36:00.676000000','RR/MM/DD HH24:MI:SSXFF'));
Insert into FITLOG.POST_IMAGES (ID,POST_ID,IMAGE_URL,SORT_ORDER,CREATED_AT) values (50,86,'/uploads/d575bdc0-afe0-416c-ab04-76eda7ebb436.png',0,to_timestamp('26/06/02 12:36:50.035000000','RR/MM/DD HH24:MI:SSXFF'));
Insert into FITLOG.POST_IMAGES (ID,POST_ID,IMAGE_URL,SORT_ORDER,CREATED_AT) values (52,88,'/uploads/903979b6-78da-4c74-98c1-57b4fa816534.png',0,to_timestamp('26/06/02 12:37:35.558000000','RR/MM/DD HH24:MI:SSXFF'));
Insert into FITLOG.POST_IMAGES (ID,POST_ID,IMAGE_URL,SORT_ORDER,CREATED_AT) values (53,89,'/uploads/62994925-cc37-4090-acc1-517dabcfb38b.png',0,to_timestamp('26/06/02 12:38:02.696000000','RR/MM/DD HH24:MI:SSXFF'));
Insert into FITLOG.POST_IMAGES (ID,POST_ID,IMAGE_URL,SORT_ORDER,CREATED_AT) values (55,91,'/uploads/d7398e63-2b1b-4626-8374-2da47539119a.png',0,to_timestamp('26/06/02 12:44:09.569000000','RR/MM/DD HH24:MI:SSXFF'));
Insert into FITLOG.POST_IMAGES (ID,POST_ID,IMAGE_URL,SORT_ORDER,CREATED_AT) values (56,92,'/uploads/58e7153d-3548-422f-8204-05762a1dd765.png',0,to_timestamp('26/06/02 12:45:44.418000000','RR/MM/DD HH24:MI:SSXFF'));
Insert into FITLOG.POST_IMAGES (ID,POST_ID,IMAGE_URL,SORT_ORDER,CREATED_AT) values (57,93,'/uploads/db58b0f9-c27d-491d-ac7a-469d3f687ae2.png',0,to_timestamp('26/06/02 12:47:17.989000000','RR/MM/DD HH24:MI:SSXFF'));
Insert into FITLOG.POST_IMAGES (ID,POST_ID,IMAGE_URL,SORT_ORDER,CREATED_AT) values (58,94,'/uploads/abf54e4d-53fc-4d31-add9-b083c55dd585.png',0,to_timestamp('26/06/02 12:48:46.168000000','RR/MM/DD HH24:MI:SSXFF'));
Insert into FITLOG.POST_IMAGES (ID,POST_ID,IMAGE_URL,SORT_ORDER,CREATED_AT) values (60,96,'/uploads/e2e12cfd-d82c-4f1e-af19-c2c666f74388.png',0,to_timestamp('26/06/02 12:53:54.835000000','RR/MM/DD HH24:MI:SSXFF'));
Insert into FITLOG.POST_IMAGES (ID,POST_ID,IMAGE_URL,SORT_ORDER,CREATED_AT) values (62,98,'/uploads/48e1d530-69f0-4db7-9fdd-6b37d79d1daa.png',0,to_timestamp('26/06/02 12:58:48.945000000','RR/MM/DD HH24:MI:SSXFF'));
Insert into FITLOG.POST_IMAGES (ID,POST_ID,IMAGE_URL,SORT_ORDER,CREATED_AT) values (63,98,'/uploads/f08f684d-26a9-4fbf-b6d9-45c0c81b9e18.png',1,to_timestamp('26/06/02 12:58:48.946000000','RR/MM/DD HH24:MI:SSXFF'));
Insert into FITLOG.POST_IMAGES (ID,POST_ID,IMAGE_URL,SORT_ORDER,CREATED_AT) values (64,98,'/uploads/90d93987-bf12-4b48-ae55-3542edbdbcd7.png',2,to_timestamp('26/06/02 12:58:48.947000000','RR/MM/DD HH24:MI:SSXFF'));
Insert into FITLOG.POST_IMAGES (ID,POST_ID,IMAGE_URL,SORT_ORDER,CREATED_AT) values (65,98,'/uploads/58bd720d-7546-4a44-a06a-4edcdeab3b4e.png',3,to_timestamp('26/06/02 12:58:48.947000000','RR/MM/DD HH24:MI:SSXFF'));
Insert into FITLOG.POST_IMAGES (ID,POST_ID,IMAGE_URL,SORT_ORDER,CREATED_AT) values (66,99,'/uploads/6a7140b1-9c7f-4293-a9c4-47f0750e0775.png',0,to_timestamp('26/06/02 13:02:05.577000000','RR/MM/DD HH24:MI:SSXFF'));
Insert into FITLOG.POST_IMAGES (ID,POST_ID,IMAGE_URL,SORT_ORDER,CREATED_AT) values (73,106,'/uploads/88e49d55-e98b-41c6-ba4c-114217465498.png',0,to_timestamp('26/06/02 16:47:48.693000000','RR/MM/DD HH24:MI:SSXFF'));
Insert into FITLOG.POST_IMAGES (ID,POST_ID,IMAGE_URL,SORT_ORDER,CREATED_AT) values (13,58,'/uploads/59a1a616-d67b-41f7-b21a-1506a18ae105.png',0,to_timestamp('26/05/29 16:26:07.919000000','RR/MM/DD HH24:MI:SSXFF'));
Insert into FITLOG.POST_IMAGES (ID,POST_ID,IMAGE_URL,SORT_ORDER,CREATED_AT) values (14,59,'/uploads/aa2867d6-bece-4ba8-9366-44cf2f95cf11.png',0,to_timestamp('26/05/29 16:29:03.209000000','RR/MM/DD HH24:MI:SSXFF'));
Insert into FITLOG.POST_IMAGES (ID,POST_ID,IMAGE_URL,SORT_ORDER,CREATED_AT) values (17,62,'/uploads/86e969b0-361a-4c1f-b2df-28940db0c426.png',0,to_timestamp('26/05/29 16:35:37.629000000','RR/MM/DD HH24:MI:SSXFF'));
Insert into FITLOG.POST_IMAGES (ID,POST_ID,IMAGE_URL,SORT_ORDER,CREATED_AT) values (24,68,'/uploads/15b944ac-2219-48cf-a35b-f86e20621a1b.png',0,to_timestamp('26/06/01 11:03:04.421000000','RR/MM/DD HH24:MI:SSXFF'));
Insert into FITLOG.POST_IMAGES (ID,POST_ID,IMAGE_URL,SORT_ORDER,CREATED_AT) values (25,68,'/uploads/da3b63e3-ab2f-41a8-83d7-ac16cd04cff4.png',1,to_timestamp('26/06/01 11:03:04.423000000','RR/MM/DD HH24:MI:SSXFF'));
Insert into FITLOG.POST_IMAGES (ID,POST_ID,IMAGE_URL,SORT_ORDER,CREATED_AT) values (26,68,'/uploads/b8ebcfbd-b06a-4be4-81b8-eef939678fa2.png',2,to_timestamp('26/06/01 11:03:04.423000000','RR/MM/DD HH24:MI:SSXFF'));
Insert into FITLOG.POST_IMAGES (ID,POST_ID,IMAGE_URL,SORT_ORDER,CREATED_AT) values (36,75,'/uploads/16dcb25d-cf70-4cf5-a236-794bf2a6680c.png',0,to_timestamp('26/06/01 11:55:45.663000000','RR/MM/DD HH24:MI:SSXFF'));
Insert into FITLOG.POST_IMAGES (ID,POST_ID,IMAGE_URL,SORT_ORDER,CREATED_AT) values (37,75,'/uploads/976655b6-8f75-4447-83ac-8ffebcea172f.png',1,to_timestamp('26/06/01 11:55:45.664000000','RR/MM/DD HH24:MI:SSXFF'));
Insert into FITLOG.POST_IMAGES (ID,POST_ID,IMAGE_URL,SORT_ORDER,CREATED_AT) values (38,76,'/uploads/c24fec84-1e9a-42b9-b542-cea1e2d8bb8c.png',0,to_timestamp('26/06/01 12:02:13.200000000','RR/MM/DD HH24:MI:SSXFF'));
Insert into FITLOG.POST_IMAGES (ID,POST_ID,IMAGE_URL,SORT_ORDER,CREATED_AT) values (39,77,'/uploads/df6f1e87-57a2-4ea7-96ab-938bb89b5ca1.jfif',0,to_timestamp('26/06/01 13:09:24.305000000','RR/MM/DD HH24:MI:SSXFF'));
Insert into FITLOG.POST_IMAGES (ID,POST_ID,IMAGE_URL,SORT_ORDER,CREATED_AT) values (44,82,'/uploads/3a99ae1d-64bb-4339-a44b-6b323b00ab39.jfif',0,to_timestamp('26/06/01 13:15:04.466000000','RR/MM/DD HH24:MI:SSXFF'));
Insert into FITLOG.POST_IMAGES (ID,POST_ID,IMAGE_URL,SORT_ORDER,CREATED_AT) values (74,107,'/uploads/2308e197-5548-4182-b9dd-fd0046b96cf8.png',0,to_timestamp('26/06/04 10:35:42.040000000','RR/MM/DD HH24:MI:SSXFF'));
Insert into FITLOG.POST_IMAGES (ID,POST_ID,IMAGE_URL,SORT_ORDER,CREATED_AT) values (1,1,'/uploads/6a231d35-ce99-4a1c-9a2d-d9d90882f280.png',0,to_timestamp('26/05/29 11:33:03.232000000','RR/MM/DD HH24:MI:SSXFF'));
Insert into FITLOG.POST_IMAGES (ID,POST_ID,IMAGE_URL,SORT_ORDER,CREATED_AT) values (3,3,'/uploads/64d28a2c-7937-4a0f-a267-565c4c6f3da5.png',0,to_timestamp('26/05/29 12:02:07.316000000','RR/MM/DD HH24:MI:SSXFF'));
Insert into FITLOG.POST_IMAGES (ID,POST_ID,IMAGE_URL,SORT_ORDER,CREATED_AT) values (6,6,'/uploads/a4d2f693-287f-4c1b-86ea-f4a13ca90277.png',0,to_timestamp('26/05/29 14:41:27.175000000','RR/MM/DD HH24:MI:SSXFF'));
Insert into FITLOG.POST_IMAGES (ID,POST_ID,IMAGE_URL,SORT_ORDER,CREATED_AT) values (7,7,'/uploads/fd9464a5-7bc0-4d60-ac17-001d074c8586.png',0,to_timestamp('26/05/29 14:43:08.328000000','RR/MM/DD HH24:MI:SSXFF'));
Insert into FITLOG.POST_IMAGES (ID,POST_ID,IMAGE_URL,SORT_ORDER,CREATED_AT) values (8,8,'/uploads/8b78e171-06cd-4828-bbb0-37dcb186529c.png',0,to_timestamp('26/05/29 15:18:33.259000000','RR/MM/DD HH24:MI:SSXFF'));
Insert into FITLOG.POST_IMAGES (ID,POST_ID,IMAGE_URL,SORT_ORDER,CREATED_AT) values (9,9,'/uploads/13b95e52-48b7-458c-8e6f-05bad56211ef.png',0,to_timestamp('26/05/29 15:59:33.579000000','RR/MM/DD HH24:MI:SSXFF'));
Insert into FITLOG.POST_IMAGES (ID,POST_ID,IMAGE_URL,SORT_ORDER,CREATED_AT) values (11,56,'/uploads/a7822e53-d60b-4121-9f15-e6252b2f7485.png',0,to_timestamp('26/05/29 16:20:24.472000000','RR/MM/DD HH24:MI:SSXFF'));
Insert into FITLOG.POST_IMAGES (ID,POST_ID,IMAGE_URL,SORT_ORDER,CREATED_AT) values (12,57,'/uploads/4428ee29-49e2-4265-94e6-3d13c409d9e5.png',0,to_timestamp('26/05/29 16:23:43.633000000','RR/MM/DD HH24:MI:SSXFF'));
Insert into FITLOG.POST_IMAGES (ID,POST_ID,IMAGE_URL,SORT_ORDER,CREATED_AT) values (61,97,'/uploads/e66e8e78-578a-4df1-a963-8ba9392d9983.png',0,to_timestamp('26/06/02 12:55:28.697000000','RR/MM/DD HH24:MI:SSXFF'));
Insert into FITLOG.POST_IMAGES (ID,POST_ID,IMAGE_URL,SORT_ORDER,CREATED_AT) values (67,100,'/uploads/85936bd0-bd87-4152-98c5-e0ba6f43136a.png',0,to_timestamp('26/06/02 13:02:53.937000000','RR/MM/DD HH24:MI:SSXFF'));
Insert into FITLOG.POST_IMAGES (ID,POST_ID,IMAGE_URL,SORT_ORDER,CREATED_AT) values (70,103,'/uploads/88e49d55-e98b-41c6-ba4c-114217465498.png',0,to_timestamp('26/06/02 15:49:13.733000000','RR/MM/DD HH24:MI:SSXFF'));
Insert into FITLOG.POST_IMAGES (ID,POST_ID,IMAGE_URL,SORT_ORDER,CREATED_AT) values (72,105,'/uploads/88e49d55-e98b-41c6-ba4c-114217465498.png',0,to_timestamp('26/06/02 16:45:23.012000000','RR/MM/DD HH24:MI:SSXFF'));
Insert into FITLOG.POST_IMAGES (ID,POST_ID,IMAGE_URL,SORT_ORDER,CREATED_AT) values (47,83,'/uploads/298adac6-5ca7-4618-a5f1-e6ed44c9f909.png',0,to_timestamp('26/06/02 12:35:34.871000000','RR/MM/DD HH24:MI:SSXFF'));
Insert into FITLOG.POST_IMAGES (ID,POST_ID,IMAGE_URL,SORT_ORDER,CREATED_AT) values (51,87,'/uploads/8d72e7b8-ec13-4938-955f-b35907df5eaf.png',0,to_timestamp('26/06/02 12:37:14.420000000','RR/MM/DD HH24:MI:SSXFF'));
Insert into FITLOG.POST_IMAGES (ID,POST_ID,IMAGE_URL,SORT_ORDER,CREATED_AT) values (54,90,'/uploads/045e58b9-f8ed-40c5-9681-a3fc02836890.png',0,to_timestamp('26/06/02 12:41:48.605000000','RR/MM/DD HH24:MI:SSXFF'));
Insert into FITLOG.POST_IMAGES (ID,POST_ID,IMAGE_URL,SORT_ORDER,CREATED_AT) values (59,95,'/uploads/4653db2d-4f89-43a8-8f1c-786080b2705a.png',0,to_timestamp('26/06/02 12:50:54.851000000','RR/MM/DD HH24:MI:SSXFF'));
Insert into FITLOG.POST_IMAGES (ID,POST_ID,IMAGE_URL,SORT_ORDER,CREATED_AT) values (68,101,'/uploads/b6e5f3fa-ad13-40be-9501-0d1970f0c29d.png',0,to_timestamp('26/06/02 13:03:48.515000000','RR/MM/DD HH24:MI:SSXFF'));
Insert into FITLOG.POST_IMAGES (ID,POST_ID,IMAGE_URL,SORT_ORDER,CREATED_AT) values (81,121,'/uploads/9f2942e9-b4a6-4930-a3d5-6f900ef60649.png',0,to_timestamp('26/06/15 11:19:15.082000000','RR/MM/DD HH24:MI:SSXFF'));
Insert into FITLOG.POST_IMAGES (ID,POST_ID,IMAGE_URL,SORT_ORDER,CREATED_AT) values (82,121,'/uploads/8870a961-12ed-4f48-832b-b9b4f3fd9981.png',1,to_timestamp('26/06/15 11:19:15.083000000','RR/MM/DD HH24:MI:SSXFF'));
Insert into FITLOG.POST_IMAGES (ID,POST_ID,IMAGE_URL,SORT_ORDER,CREATED_AT) values (83,121,'/uploads/7068342b-2ed1-4d5d-9168-2a3b821f7ef4.png',2,to_timestamp('26/06/15 11:19:15.083000000','RR/MM/DD HH24:MI:SSXFF'));
Insert into FITLOG.POST_IMAGES (ID,POST_ID,IMAGE_URL,SORT_ORDER,CREATED_AT) values (88,123,'/uploads/cb4f063f-e5f2-4bdb-b4cd-a32105702898.png',0,to_timestamp('26/06/15 11:50:28.964000000','RR/MM/DD HH24:MI:SSXFF'));
REM INSERTING into FITLOG.POST_ITEMS
SET DEFINE OFF;
Insert into FITLOG.POST_ITEMS (ID,POST_ID,BRAND_NAME,ITEM_NAME,CATEGORY,PURCHASE_URL,PRICE,CURRENCY,SIZE_PURCHASED,FIT_REVIEW,RATING,CREATED_AT) values (211,80,'파타고니아','로우 스니커즈','shoes',null,230000,'KRW',null,'true',null,to_timestamp('26/06/02 14:48:37.533000000','RR/MM/DD HH24:MI:SSXFF'));
Insert into FITLOG.POST_ITEMS (ID,POST_ID,BRAND_NAME,ITEM_NAME,CATEGORY,PURCHASE_URL,PRICE,CURRENCY,SIZE_PURCHASED,FIT_REVIEW,RATING,CREATED_AT) values (212,80,'온러닝','러닝화','shoes',null,190000,'KRW',null,'small',null,to_timestamp('26/06/02 14:48:37.533000000','RR/MM/DD HH24:MI:SSXFF'));
Insert into FITLOG.POST_ITEMS (ID,POST_ID,BRAND_NAME,ITEM_NAME,CATEGORY,PURCHASE_URL,PRICE,CURRENCY,SIZE_PURCHASED,FIT_REVIEW,RATING,CREATED_AT) values (213,80,'뉴발란스','스트레이트 진','bottom',null,260000,'KRW',null,'large',null,to_timestamp('26/06/02 14:48:37.533000000','RR/MM/DD HH24:MI:SSXFF'));
Insert into FITLOG.POST_ITEMS (ID,POST_ID,BRAND_NAME,ITEM_NAME,CATEGORY,PURCHASE_URL,PRICE,CURRENCY,SIZE_PURCHASED,FIT_REVIEW,RATING,CREATED_AT) values (214,80,'메종마르지엘라','웨이스트 파우치','bag',null,210000,'KRW',null,'large',null,to_timestamp('26/06/02 14:48:37.534000000','RR/MM/DD HH24:MI:SSXFF'));
Insert into FITLOG.POST_ITEMS (ID,POST_ID,BRAND_NAME,ITEM_NAME,CATEGORY,PURCHASE_URL,PRICE,CURRENCY,SIZE_PURCHASED,FIT_REVIEW,RATING,CREATED_AT) values (215,81,'푸마','크루넥 니트','top',null,210000,'KRW',null,'large',null,to_timestamp('26/06/02 14:48:37.534000000','RR/MM/DD HH24:MI:SSXFF'));
Insert into FITLOG.POST_ITEMS (ID,POST_ID,BRAND_NAME,ITEM_NAME,CATEGORY,PURCHASE_URL,PRICE,CURRENCY,SIZE_PURCHASED,FIT_REVIEW,RATING,CREATED_AT) values (216,81,'반스','버킷백','bag',null,280000,'KRW',null,'large',null,to_timestamp('26/06/02 14:48:37.534000000','RR/MM/DD HH24:MI:SSXFF'));
Insert into FITLOG.POST_ITEMS (ID,POST_ID,BRAND_NAME,ITEM_NAME,CATEGORY,PURCHASE_URL,PRICE,CURRENCY,SIZE_PURCHASED,FIT_REVIEW,RATING,CREATED_AT) values (217,82,'파타고니아','후리스 집업','outer',null,190000,'KRW',null,'large',null,to_timestamp('26/06/02 14:48:37.535000000','RR/MM/DD HH24:MI:SSXFF'));
Insert into FITLOG.POST_ITEMS (ID,POST_ID,BRAND_NAME,ITEM_NAME,CATEGORY,PURCHASE_URL,PRICE,CURRENCY,SIZE_PURCHASED,FIT_REVIEW,RATING,CREATED_AT) values (218,82,'뉴발란스','카고 트라우저','bottom',null,290000,'KRW',null,'true',null,to_timestamp('26/06/02 14:48:37.535000000','RR/MM/DD HH24:MI:SSXFF'));
Insert into FITLOG.POST_ITEMS (ID,POST_ID,BRAND_NAME,ITEM_NAME,CATEGORY,PURCHASE_URL,PRICE,CURRENCY,SIZE_PURCHASED,FIT_REVIEW,RATING,CREATED_AT) values (219,83,'드파운드','세미오버 셔츠','top',null,90000,'KRW',null,'small',null,to_timestamp('26/06/02 14:48:37.536000000','RR/MM/DD HH24:MI:SSXFF'));
Insert into FITLOG.POST_ITEMS (ID,POST_ID,BRAND_NAME,ITEM_NAME,CATEGORY,PURCHASE_URL,PRICE,CURRENCY,SIZE_PURCHASED,FIT_REVIEW,RATING,CREATED_AT) values (220,83,'뉴발란스','슬림 슬랙스','bottom',null,230000,'KRW',null,'large',null,to_timestamp('26/06/02 14:48:37.536000000','RR/MM/DD HH24:MI:SSXFF'));
Insert into FITLOG.POST_ITEMS (ID,POST_ID,BRAND_NAME,ITEM_NAME,CATEGORY,PURCHASE_URL,PRICE,CURRENCY,SIZE_PURCHASED,FIT_REVIEW,RATING,CREATED_AT) values (221,83,'노이지아','터틀넥 스웨터','top',null,30000,'KRW',null,'large',null,to_timestamp('26/06/02 14:48:37.536000000','RR/MM/DD HH24:MI:SSXFF'));
Insert into FITLOG.POST_ITEMS (ID,POST_ID,BRAND_NAME,ITEM_NAME,CATEGORY,PURCHASE_URL,PRICE,CURRENCY,SIZE_PURCHASED,FIT_REVIEW,RATING,CREATED_AT) values (222,84,'마르디메크르디','볼캡','acc',null,260000,'KRW',null,'true',null,to_timestamp('26/06/02 14:48:37.537000000','RR/MM/DD HH24:MI:SSXFF'));
Insert into FITLOG.POST_ITEMS (ID,POST_ID,BRAND_NAME,ITEM_NAME,CATEGORY,PURCHASE_URL,PRICE,CURRENCY,SIZE_PURCHASED,FIT_REVIEW,RATING,CREATED_AT) values (223,85,'살로몬','트렌치코트','outer',null,220000,'KRW',null,'small',null,to_timestamp('26/06/02 14:48:37.538000000','RR/MM/DD HH24:MI:SSXFF'));
Insert into FITLOG.POST_ITEMS (ID,POST_ID,BRAND_NAME,ITEM_NAME,CATEGORY,PURCHASE_URL,PRICE,CURRENCY,SIZE_PURCHASED,FIT_REVIEW,RATING,CREATED_AT) values (224,85,'반스','터틀넥 스웨터','top',null,120000,'KRW',null,'large',null,to_timestamp('26/06/02 14:48:37.538000000','RR/MM/DD HH24:MI:SSXFF'));
Insert into FITLOG.POST_ITEMS (ID,POST_ID,BRAND_NAME,ITEM_NAME,CATEGORY,PURCHASE_URL,PRICE,CURRENCY,SIZE_PURCHASED,FIT_REVIEW,RATING,CREATED_AT) values (225,86,'아디다스','롱 울코트','outer',null,200000,'KRW',null,'true',null,to_timestamp('26/06/02 14:48:37.539000000','RR/MM/DD HH24:MI:SSXFF'));
Insert into FITLOG.POST_ITEMS (ID,POST_ID,BRAND_NAME,ITEM_NAME,CATEGORY,PURCHASE_URL,PRICE,CURRENCY,SIZE_PURCHASED,FIT_REVIEW,RATING,CREATED_AT) values (226,86,'온러닝','롱 울코트','outer',null,100000,'KRW',null,'true',null,to_timestamp('26/06/02 14:48:37.539000000','RR/MM/DD HH24:MI:SSXFF'));
Insert into FITLOG.POST_ITEMS (ID,POST_ID,BRAND_NAME,ITEM_NAME,CATEGORY,PURCHASE_URL,PRICE,CURRENCY,SIZE_PURCHASED,FIT_REVIEW,RATING,CREATED_AT) values (227,86,'메종마르지엘라','후리스 집업','outer',null,30000,'KRW',null,'large',null,to_timestamp('26/06/02 14:48:37.539000000','RR/MM/DD HH24:MI:SSXFF'));
Insert into FITLOG.POST_ITEMS (ID,POST_ID,BRAND_NAME,ITEM_NAME,CATEGORY,PURCHASE_URL,PRICE,CURRENCY,SIZE_PURCHASED,FIT_REVIEW,RATING,CREATED_AT) values (228,86,'드파운드','하이탑 스니커즈','shoes',null,20000,'KRW',null,'true',null,to_timestamp('26/06/02 14:48:37.540000000','RR/MM/DD HH24:MI:SSXFF'));
Insert into FITLOG.POST_ITEMS (ID,POST_ID,BRAND_NAME,ITEM_NAME,CATEGORY,PURCHASE_URL,PRICE,CURRENCY,SIZE_PURCHASED,FIT_REVIEW,RATING,CREATED_AT) values (229,87,'오프화이트','버킷백','bag',null,200000,'KRW',null,'small',null,to_timestamp('26/06/02 14:48:37.541000000','RR/MM/DD HH24:MI:SSXFF'));
Insert into FITLOG.POST_ITEMS (ID,POST_ID,BRAND_NAME,ITEM_NAME,CATEGORY,PURCHASE_URL,PRICE,CURRENCY,SIZE_PURCHASED,FIT_REVIEW,RATING,CREATED_AT) values (230,88,'호카','로우 스니커즈','shoes',null,240000,'KRW',null,'true',null,to_timestamp('26/06/02 14:48:37.542000000','RR/MM/DD HH24:MI:SSXFF'));
Insert into FITLOG.POST_ITEMS (ID,POST_ID,BRAND_NAME,ITEM_NAME,CATEGORY,PURCHASE_URL,PRICE,CURRENCY,SIZE_PURCHASED,FIT_REVIEW,RATING,CREATED_AT) values (231,88,'나이키','사이드 고어 부츠','shoes',null,30000,'KRW',null,'large',null,to_timestamp('26/06/02 14:48:37.542000000','RR/MM/DD HH24:MI:SSXFF'));
Insert into FITLOG.POST_ITEMS (ID,POST_ID,BRAND_NAME,ITEM_NAME,CATEGORY,PURCHASE_URL,PRICE,CURRENCY,SIZE_PURCHASED,FIT_REVIEW,RATING,CREATED_AT) values (232,88,'반스','아노락 바람막이','outer',null,70000,'KRW',null,'large',null,to_timestamp('26/06/02 14:48:37.542000000','RR/MM/DD HH24:MI:SSXFF'));
Insert into FITLOG.POST_ITEMS (ID,POST_ID,BRAND_NAME,ITEM_NAME,CATEGORY,PURCHASE_URL,PRICE,CURRENCY,SIZE_PURCHASED,FIT_REVIEW,RATING,CREATED_AT) values (233,89,'무신사스탠다드','울 스카프','acc',null,110000,'KRW',null,'large',null,to_timestamp('26/06/02 14:48:37.543000000','RR/MM/DD HH24:MI:SSXFF'));
Insert into FITLOG.POST_ITEMS (ID,POST_ID,BRAND_NAME,ITEM_NAME,CATEGORY,PURCHASE_URL,PRICE,CURRENCY,SIZE_PURCHASED,FIT_REVIEW,RATING,CREATED_AT) values (234,89,'살로몬','메신저백','bag',null,130000,'KRW',null,'large',null,to_timestamp('26/06/02 14:48:37.543000000','RR/MM/DD HH24:MI:SSXFF'));
Insert into FITLOG.POST_ITEMS (ID,POST_ID,BRAND_NAME,ITEM_NAME,CATEGORY,PURCHASE_URL,PRICE,CURRENCY,SIZE_PURCHASED,FIT_REVIEW,RATING,CREATED_AT) values (235,89,'무신사스탠다드','웨이스트 파우치','bag',null,20000,'KRW',null,'small',null,to_timestamp('26/06/02 14:48:37.543000000','RR/MM/DD HH24:MI:SSXFF'));
Insert into FITLOG.POST_ITEMS (ID,POST_ID,BRAND_NAME,ITEM_NAME,CATEGORY,PURCHASE_URL,PRICE,CURRENCY,SIZE_PURCHASED,FIT_REVIEW,RATING,CREATED_AT) values (236,89,'아미','웨이스트 파우치','bag',null,110000,'KRW',null,'large',null,to_timestamp('26/06/02 14:48:37.544000000','RR/MM/DD HH24:MI:SSXFF'));
Insert into FITLOG.POST_ITEMS (ID,POST_ID,BRAND_NAME,ITEM_NAME,CATEGORY,PURCHASE_URL,PRICE,CURRENCY,SIZE_PURCHASED,FIT_REVIEW,RATING,CREATED_AT) values (237,90,'마르디메크르디','첼시 부츠','shoes',null,90000,'KRW',null,'large',null,to_timestamp('26/06/02 14:48:37.544000000','RR/MM/DD HH24:MI:SSXFF'));
Insert into FITLOG.POST_ITEMS (ID,POST_ID,BRAND_NAME,ITEM_NAME,CATEGORY,PURCHASE_URL,PRICE,CURRENCY,SIZE_PURCHASED,FIT_REVIEW,RATING,CREATED_AT) values (238,90,'뉴발란스','와이드 데님 팬츠','bottom',null,230000,'KRW',null,'small',null,to_timestamp('26/06/02 14:48:37.544000000','RR/MM/DD HH24:MI:SSXFF'));
Insert into FITLOG.POST_ITEMS (ID,POST_ID,BRAND_NAME,ITEM_NAME,CATEGORY,PURCHASE_URL,PRICE,CURRENCY,SIZE_PURCHASED,FIT_REVIEW,RATING,CREATED_AT) values (239,90,'아크네스튜디오스','트레이닝 조거','bottom',null,100000,'KRW',null,'small',null,to_timestamp('26/06/02 14:48:37.545000000','RR/MM/DD HH24:MI:SSXFF'));
Insert into FITLOG.POST_ITEMS (ID,POST_ID,BRAND_NAME,ITEM_NAME,CATEGORY,PURCHASE_URL,PRICE,CURRENCY,SIZE_PURCHASED,FIT_REVIEW,RATING,CREATED_AT) values (240,91,'무신사스탠다드','트롤리 캐리어','bag',null,30000,'KRW',null,'large',null,to_timestamp('26/06/02 14:48:37.545000000','RR/MM/DD HH24:MI:SSXFF'));
Insert into FITLOG.POST_ITEMS (ID,POST_ID,BRAND_NAME,ITEM_NAME,CATEGORY,PURCHASE_URL,PRICE,CURRENCY,SIZE_PURCHASED,FIT_REVIEW,RATING,CREATED_AT) values (241,91,'아크테릭스','울 스카프','acc',null,290000,'KRW',null,'true',null,to_timestamp('26/06/02 14:48:37.545000000','RR/MM/DD HH24:MI:SSXFF'));
Insert into FITLOG.POST_ITEMS (ID,POST_ID,BRAND_NAME,ITEM_NAME,CATEGORY,PURCHASE_URL,PRICE,CURRENCY,SIZE_PURCHASED,FIT_REVIEW,RATING,CREATED_AT) values (242,91,'컨버스','캔버스 토트백','bag',null,90000,'KRW',null,'true',null,to_timestamp('26/06/02 14:48:37.546000000','RR/MM/DD HH24:MI:SSXFF'));
Insert into FITLOG.POST_ITEMS (ID,POST_ID,BRAND_NAME,ITEM_NAME,CATEGORY,PURCHASE_URL,PRICE,CURRENCY,SIZE_PURCHASED,FIT_REVIEW,RATING,CREATED_AT) values (243,91,'리복','사이드 고어 부츠','shoes',null,20000,'KRW',null,'true',null,to_timestamp('26/06/02 14:48:37.546000000','RR/MM/DD HH24:MI:SSXFF'));
Insert into FITLOG.POST_ITEMS (ID,POST_ID,BRAND_NAME,ITEM_NAME,CATEGORY,PURCHASE_URL,PRICE,CURRENCY,SIZE_PURCHASED,FIT_REVIEW,RATING,CREATED_AT) values (244,92,'노이지아','울 스카프','acc',null,130000,'KRW',null,'small',null,to_timestamp('26/06/02 14:48:37.547000000','RR/MM/DD HH24:MI:SSXFF'));
Insert into FITLOG.POST_ITEMS (ID,POST_ID,BRAND_NAME,ITEM_NAME,CATEGORY,PURCHASE_URL,PRICE,CURRENCY,SIZE_PURCHASED,FIT_REVIEW,RATING,CREATED_AT) values (245,92,'아식스','구스다운 패딩','outer',null,90000,'KRW',null,'true',null,to_timestamp('26/06/02 14:48:37.547000000','RR/MM/DD HH24:MI:SSXFF'));
Insert into FITLOG.POST_ITEMS (ID,POST_ID,BRAND_NAME,ITEM_NAME,CATEGORY,PURCHASE_URL,PRICE,CURRENCY,SIZE_PURCHASED,FIT_REVIEW,RATING,CREATED_AT) values (246,93,'아디다스','클러치백','bag',null,220000,'KRW',null,'true',null,to_timestamp('26/06/02 14:48:37.547000000','RR/MM/DD HH24:MI:SSXFF'));
Insert into FITLOG.POST_ITEMS (ID,POST_ID,BRAND_NAME,ITEM_NAME,CATEGORY,PURCHASE_URL,PRICE,CURRENCY,SIZE_PURCHASED,FIT_REVIEW,RATING,CREATED_AT) values (247,94,'컨버스','트렌치코트','outer',null,300000,'KRW',null,'true',null,to_timestamp('26/06/02 14:48:37.548000000','RR/MM/DD HH24:MI:SSXFF'));
Insert into FITLOG.POST_ITEMS (ID,POST_ID,BRAND_NAME,ITEM_NAME,CATEGORY,PURCHASE_URL,PRICE,CURRENCY,SIZE_PURCHASED,FIT_REVIEW,RATING,CREATED_AT) values (248,94,'아식스','선글라스','acc',null,60000,'KRW',null,'large',null,to_timestamp('26/06/02 14:48:37.548000000','RR/MM/DD HH24:MI:SSXFF'));
Insert into FITLOG.POST_ITEMS (ID,POST_ID,BRAND_NAME,ITEM_NAME,CATEGORY,PURCHASE_URL,PRICE,CURRENCY,SIZE_PURCHASED,FIT_REVIEW,RATING,CREATED_AT) values (249,94,'마르디메크르디','로퍼','shoes',null,50000,'KRW',null,'large',null,to_timestamp('26/06/02 14:48:37.548000000','RR/MM/DD HH24:MI:SSXFF'));
Insert into FITLOG.POST_ITEMS (ID,POST_ID,BRAND_NAME,ITEM_NAME,CATEGORY,PURCHASE_URL,PRICE,CURRENCY,SIZE_PURCHASED,FIT_REVIEW,RATING,CREATED_AT) values (250,95,'아식스','메신저백','bag',null,280000,'KRW',null,'small',null,to_timestamp('26/06/02 14:48:37.548000000','RR/MM/DD HH24:MI:SSXFF'));
Insert into FITLOG.POST_ITEMS (ID,POST_ID,BRAND_NAME,ITEM_NAME,CATEGORY,PURCHASE_URL,PRICE,CURRENCY,SIZE_PURCHASED,FIT_REVIEW,RATING,CREATED_AT) values (251,95,'호카','메신저백','bag',null,180000,'KRW',null,'true',null,to_timestamp('26/06/02 14:48:37.548000000','RR/MM/DD HH24:MI:SSXFF'));
Insert into FITLOG.POST_ITEMS (ID,POST_ID,BRAND_NAME,ITEM_NAME,CATEGORY,PURCHASE_URL,PRICE,CURRENCY,SIZE_PURCHASED,FIT_REVIEW,RATING,CREATED_AT) values (252,96,'컨버스','숏 데님','bottom',null,40000,'KRW',null,'true',null,to_timestamp('26/06/02 14:48:37.549000000','RR/MM/DD HH24:MI:SSXFF'));
Insert into FITLOG.POST_ITEMS (ID,POST_ID,BRAND_NAME,ITEM_NAME,CATEGORY,PURCHASE_URL,PRICE,CURRENCY,SIZE_PURCHASED,FIT_REVIEW,RATING,CREATED_AT) values (253,96,'온러닝','샌들','shoes',null,290000,'KRW',null,'large',null,to_timestamp('26/06/02 14:48:37.549000000','RR/MM/DD HH24:MI:SSXFF'));
Insert into FITLOG.POST_ITEMS (ID,POST_ID,BRAND_NAME,ITEM_NAME,CATEGORY,PURCHASE_URL,PRICE,CURRENCY,SIZE_PURCHASED,FIT_REVIEW,RATING,CREATED_AT) values (254,96,'꼼데가르송','헨리넥 티','top',null,190000,'KRW',null,'small',null,to_timestamp('26/06/02 14:48:37.549000000','RR/MM/DD HH24:MI:SSXFF'));
Insert into FITLOG.POST_ITEMS (ID,POST_ID,BRAND_NAME,ITEM_NAME,CATEGORY,PURCHASE_URL,PRICE,CURRENCY,SIZE_PURCHASED,FIT_REVIEW,RATING,CREATED_AT) values (255,97,'아크네스튜디오스','비니','acc',null,290000,'KRW',null,'true',null,to_timestamp('26/06/02 14:48:37.550000000','RR/MM/DD HH24:MI:SSXFF'));
Insert into FITLOG.POST_ITEMS (ID,POST_ID,BRAND_NAME,ITEM_NAME,CATEGORY,PURCHASE_URL,PRICE,CURRENCY,SIZE_PURCHASED,FIT_REVIEW,RATING,CREATED_AT) values (256,98,'푸마','아노락 바람막이','outer',null,270000,'KRW',null,'true',null,to_timestamp('26/06/02 14:48:37.551000000','RR/MM/DD HH24:MI:SSXFF'));
Insert into FITLOG.POST_ITEMS (ID,POST_ID,BRAND_NAME,ITEM_NAME,CATEGORY,PURCHASE_URL,PRICE,CURRENCY,SIZE_PURCHASED,FIT_REVIEW,RATING,CREATED_AT) values (257,98,'호카','하이탑 스니커즈','shoes',null,180000,'KRW',null,'true',null,to_timestamp('26/06/02 14:48:37.551000000','RR/MM/DD HH24:MI:SSXFF'));
Insert into FITLOG.POST_ITEMS (ID,POST_ID,BRAND_NAME,ITEM_NAME,CATEGORY,PURCHASE_URL,PRICE,CURRENCY,SIZE_PURCHASED,FIT_REVIEW,RATING,CREATED_AT) values (258,98,'파타고니아','나일론 백팩','bag',null,190000,'KRW',null,'small',null,to_timestamp('26/06/02 14:48:37.551000000','RR/MM/DD HH24:MI:SSXFF'));
Insert into FITLOG.POST_ITEMS (ID,POST_ID,BRAND_NAME,ITEM_NAME,CATEGORY,PURCHASE_URL,PRICE,CURRENCY,SIZE_PURCHASED,FIT_REVIEW,RATING,CREATED_AT) values (259,99,'무신사스탠다드','울 블레이저','outer',null,180000,'KRW',null,'true',null,to_timestamp('26/06/02 14:48:37.552000000','RR/MM/DD HH24:MI:SSXFF'));
Insert into FITLOG.POST_ITEMS (ID,POST_ID,BRAND_NAME,ITEM_NAME,CATEGORY,PURCHASE_URL,PRICE,CURRENCY,SIZE_PURCHASED,FIT_REVIEW,RATING,CREATED_AT) values (260,100,'아디다스','트롤리 캐리어','bag',null,90000,'KRW',null,'large',null,to_timestamp('26/06/02 14:48:37.552000000','RR/MM/DD HH24:MI:SSXFF'));
Insert into FITLOG.POST_ITEMS (ID,POST_ID,BRAND_NAME,ITEM_NAME,CATEGORY,PURCHASE_URL,PRICE,CURRENCY,SIZE_PURCHASED,FIT_REVIEW,RATING,CREATED_AT) values (261,100,'아식스','볼캡','acc',null,110000,'KRW',null,'large',null,to_timestamp('26/06/02 14:48:37.553000000','RR/MM/DD HH24:MI:SSXFF'));
Insert into FITLOG.POST_ITEMS (ID,POST_ID,BRAND_NAME,ITEM_NAME,CATEGORY,PURCHASE_URL,PRICE,CURRENCY,SIZE_PURCHASED,FIT_REVIEW,RATING,CREATED_AT) values (262,100,'드파운드','숏 데님','bottom',null,160000,'KRW',null,'true',null,to_timestamp('26/06/02 14:48:37.553000000','RR/MM/DD HH24:MI:SSXFF'));
Insert into FITLOG.POST_ITEMS (ID,POST_ID,BRAND_NAME,ITEM_NAME,CATEGORY,PURCHASE_URL,PRICE,CURRENCY,SIZE_PURCHASED,FIT_REVIEW,RATING,CREATED_AT) values (263,101,'뉴발란스','롱 울코트','outer',null,170000,'KRW',null,'large',null,to_timestamp('26/06/02 14:48:37.554000000','RR/MM/DD HH24:MI:SSXFF'));
Insert into FITLOG.POST_ITEMS (ID,POST_ID,BRAND_NAME,ITEM_NAME,CATEGORY,PURCHASE_URL,PRICE,CURRENCY,SIZE_PURCHASED,FIT_REVIEW,RATING,CREATED_AT) values (264,101,'꼼데가르송','피그먼트 후드티','top',null,230000,'KRW',null,'small',null,to_timestamp('26/06/02 14:48:37.554000000','RR/MM/DD HH24:MI:SSXFF'));
Insert into FITLOG.POST_ITEMS (ID,POST_ID,BRAND_NAME,ITEM_NAME,CATEGORY,PURCHASE_URL,PRICE,CURRENCY,SIZE_PURCHASED,FIT_REVIEW,RATING,CREATED_AT) values (21,1,'아크아크','트롤리 캐리어','bag',null,270000,'KRW',null,'true',null,to_timestamp('26/06/02 14:48:37.445000000','RR/MM/DD HH24:MI:SSXFF'));
Insert into FITLOG.POST_ITEMS (ID,POST_ID,BRAND_NAME,ITEM_NAME,CATEGORY,PURCHASE_URL,PRICE,CURRENCY,SIZE_PURCHASED,FIT_REVIEW,RATING,CREATED_AT) values (22,1,'아크네스튜디오스','슬립온','shoes',null,260000,'KRW',null,'small',null,to_timestamp('26/06/02 14:48:37.446000000','RR/MM/DD HH24:MI:SSXFF'));
Insert into FITLOG.POST_ITEMS (ID,POST_ID,BRAND_NAME,ITEM_NAME,CATEGORY,PURCHASE_URL,PRICE,CURRENCY,SIZE_PURCHASED,FIT_REVIEW,RATING,CREATED_AT) values (23,1,'아식스','카고 트라우저','bottom',null,40000,'KRW',null,'true',null,to_timestamp('26/06/02 14:48:37.447000000','RR/MM/DD HH24:MI:SSXFF'));
Insert into FITLOG.POST_ITEMS (ID,POST_ID,BRAND_NAME,ITEM_NAME,CATEGORY,PURCHASE_URL,PRICE,CURRENCY,SIZE_PURCHASED,FIT_REVIEW,RATING,CREATED_AT) values (24,2,'푸마','레더 라이더 재킷','outer',null,270000,'KRW',null,'true',null,to_timestamp('26/06/02 14:48:37.451000000','RR/MM/DD HH24:MI:SSXFF'));
Insert into FITLOG.POST_ITEMS (ID,POST_ID,BRAND_NAME,ITEM_NAME,CATEGORY,PURCHASE_URL,PRICE,CURRENCY,SIZE_PURCHASED,FIT_REVIEW,RATING,CREATED_AT) values (25,3,'아크아크','트레이닝 조거','bottom',null,140000,'KRW',null,'small',null,to_timestamp('26/06/02 14:48:37.452000000','RR/MM/DD HH24:MI:SSXFF'));
Insert into FITLOG.POST_ITEMS (ID,POST_ID,BRAND_NAME,ITEM_NAME,CATEGORY,PURCHASE_URL,PRICE,CURRENCY,SIZE_PURCHASED,FIT_REVIEW,RATING,CREATED_AT) values (26,3,'아크네스튜디오스','코듀로이 팬츠','bottom',null,210000,'KRW',null,'true',null,to_timestamp('26/06/02 14:48:37.453000000','RR/MM/DD HH24:MI:SSXFF'));
Insert into FITLOG.POST_ITEMS (ID,POST_ID,BRAND_NAME,ITEM_NAME,CATEGORY,PURCHASE_URL,PRICE,CURRENCY,SIZE_PURCHASED,FIT_REVIEW,RATING,CREATED_AT) values (27,4,'노스페이스','트레이닝 조거','bottom',null,90000,'KRW',null,'large',null,to_timestamp('26/06/02 14:48:37.454000000','RR/MM/DD HH24:MI:SSXFF'));
Insert into FITLOG.POST_ITEMS (ID,POST_ID,BRAND_NAME,ITEM_NAME,CATEGORY,PURCHASE_URL,PRICE,CURRENCY,SIZE_PURCHASED,FIT_REVIEW,RATING,CREATED_AT) values (28,5,'살로몬','메신저백','bag',null,210000,'KRW',null,'true',null,to_timestamp('26/06/02 14:48:37.455000000','RR/MM/DD HH24:MI:SSXFF'));
Insert into FITLOG.POST_ITEMS (ID,POST_ID,BRAND_NAME,ITEM_NAME,CATEGORY,PURCHASE_URL,PRICE,CURRENCY,SIZE_PURCHASED,FIT_REVIEW,RATING,CREATED_AT) values (29,5,'오프화이트','메신저백','bag',null,240000,'KRW',null,'large',null,to_timestamp('26/06/02 14:48:37.455000000','RR/MM/DD HH24:MI:SSXFF'));
Insert into FITLOG.POST_ITEMS (ID,POST_ID,BRAND_NAME,ITEM_NAME,CATEGORY,PURCHASE_URL,PRICE,CURRENCY,SIZE_PURCHASED,FIT_REVIEW,RATING,CREATED_AT) values (30,6,'아디다스','버킷햇','acc',null,100000,'KRW',null,'small',null,to_timestamp('26/06/02 14:48:37.456000000','RR/MM/DD HH24:MI:SSXFF'));
Insert into FITLOG.POST_ITEMS (ID,POST_ID,BRAND_NAME,ITEM_NAME,CATEGORY,PURCHASE_URL,PRICE,CURRENCY,SIZE_PURCHASED,FIT_REVIEW,RATING,CREATED_AT) values (31,6,'아디다스','레더 라이더 재킷','outer',null,100000,'KRW',null,'large',null,to_timestamp('26/06/02 14:48:37.456000000','RR/MM/DD HH24:MI:SSXFF'));
Insert into FITLOG.POST_ITEMS (ID,POST_ID,BRAND_NAME,ITEM_NAME,CATEGORY,PURCHASE_URL,PRICE,CURRENCY,SIZE_PURCHASED,FIT_REVIEW,RATING,CREATED_AT) values (32,6,'무신사스탠다드','후리스 집업','outer',null,130000,'KRW',null,'true',null,to_timestamp('26/06/02 14:48:37.457000000','RR/MM/DD HH24:MI:SSXFF'));
Insert into FITLOG.POST_ITEMS (ID,POST_ID,BRAND_NAME,ITEM_NAME,CATEGORY,PURCHASE_URL,PRICE,CURRENCY,SIZE_PURCHASED,FIT_REVIEW,RATING,CREATED_AT) values (33,7,'마르디메크르디','볼캡','acc',null,220000,'KRW',null,'small',null,to_timestamp('26/06/02 14:48:37.458000000','RR/MM/DD HH24:MI:SSXFF'));
Insert into FITLOG.POST_ITEMS (ID,POST_ID,BRAND_NAME,ITEM_NAME,CATEGORY,PURCHASE_URL,PRICE,CURRENCY,SIZE_PURCHASED,FIT_REVIEW,RATING,CREATED_AT) values (34,7,'반스','카고 트라우저','bottom',null,60000,'KRW',null,'small',null,to_timestamp('26/06/02 14:48:37.458000000','RR/MM/DD HH24:MI:SSXFF'));
Insert into FITLOG.POST_ITEMS (ID,POST_ID,BRAND_NAME,ITEM_NAME,CATEGORY,PURCHASE_URL,PRICE,CURRENCY,SIZE_PURCHASED,FIT_REVIEW,RATING,CREATED_AT) values (35,7,'아디다스','사이드 고어 부츠','shoes',null,60000,'KRW',null,'true',null,to_timestamp('26/06/02 14:48:37.458000000','RR/MM/DD HH24:MI:SSXFF'));
Insert into FITLOG.POST_ITEMS (ID,POST_ID,BRAND_NAME,ITEM_NAME,CATEGORY,PURCHASE_URL,PRICE,CURRENCY,SIZE_PURCHASED,FIT_REVIEW,RATING,CREATED_AT) values (36,8,'아식스','크루넥 니트','top',null,80000,'KRW',null,'small',null,to_timestamp('26/06/02 14:48:37.459000000','RR/MM/DD HH24:MI:SSXFF'));
Insert into FITLOG.POST_ITEMS (ID,POST_ID,BRAND_NAME,ITEM_NAME,CATEGORY,PURCHASE_URL,PRICE,CURRENCY,SIZE_PURCHASED,FIT_REVIEW,RATING,CREATED_AT) values (37,9,'노이지아','버킷햇','acc',null,290000,'KRW',null,'true',null,to_timestamp('26/06/02 14:48:37.460000000','RR/MM/DD HH24:MI:SSXFF'));
Insert into FITLOG.POST_ITEMS (ID,POST_ID,BRAND_NAME,ITEM_NAME,CATEGORY,PURCHASE_URL,PRICE,CURRENCY,SIZE_PURCHASED,FIT_REVIEW,RATING,CREATED_AT) values (38,9,'오프화이트','스트레이트 진','bottom',null,130000,'KRW',null,'large',null,to_timestamp('26/06/02 14:48:37.460000000','RR/MM/DD HH24:MI:SSXFF'));
Insert into FITLOG.POST_ITEMS (ID,POST_ID,BRAND_NAME,ITEM_NAME,CATEGORY,PURCHASE_URL,PRICE,CURRENCY,SIZE_PURCHASED,FIT_REVIEW,RATING,CREATED_AT) values (39,10,'아크네스튜디오스','샌들','shoes',null,70000,'KRW',null,'large',null,to_timestamp('26/06/02 14:48:37.461000000','RR/MM/DD HH24:MI:SSXFF'));
Insert into FITLOG.POST_ITEMS (ID,POST_ID,BRAND_NAME,ITEM_NAME,CATEGORY,PURCHASE_URL,PRICE,CURRENCY,SIZE_PURCHASED,FIT_REVIEW,RATING,CREATED_AT) values (40,10,'드파운드','코치 재킷','outer',null,300000,'KRW',null,'true',null,to_timestamp('26/06/02 14:48:37.461000000','RR/MM/DD HH24:MI:SSXFF'));
Insert into FITLOG.POST_ITEMS (ID,POST_ID,BRAND_NAME,ITEM_NAME,CATEGORY,PURCHASE_URL,PRICE,CURRENCY,SIZE_PURCHASED,FIT_REVIEW,RATING,CREATED_AT) values (41,10,'아크네스튜디오스','하이탑 스니커즈','shoes',null,100000,'KRW',null,'large',null,to_timestamp('26/06/02 14:48:37.462000000','RR/MM/DD HH24:MI:SSXFF'));
Insert into FITLOG.POST_ITEMS (ID,POST_ID,BRAND_NAME,ITEM_NAME,CATEGORY,PURCHASE_URL,PRICE,CURRENCY,SIZE_PURCHASED,FIT_REVIEW,RATING,CREATED_AT) values (42,10,'오프화이트','버킷백','bag',null,130000,'KRW',null,'small',null,to_timestamp('26/06/02 14:48:37.462000000','RR/MM/DD HH24:MI:SSXFF'));
Insert into FITLOG.POST_ITEMS (ID,POST_ID,BRAND_NAME,ITEM_NAME,CATEGORY,PURCHASE_URL,PRICE,CURRENCY,SIZE_PURCHASED,FIT_REVIEW,RATING,CREATED_AT) values (43,11,'마르디메크르디','비니','acc',null,260000,'KRW',null,'small',null,to_timestamp('26/06/02 14:48:37.463000000','RR/MM/DD HH24:MI:SSXFF'));
Insert into FITLOG.POST_ITEMS (ID,POST_ID,BRAND_NAME,ITEM_NAME,CATEGORY,PURCHASE_URL,PRICE,CURRENCY,SIZE_PURCHASED,FIT_REVIEW,RATING,CREATED_AT) values (44,11,'스투시','레더 라이더 재킷','outer',null,150000,'KRW',null,'large',null,to_timestamp('26/06/02 14:48:37.463000000','RR/MM/DD HH24:MI:SSXFF'));
Insert into FITLOG.POST_ITEMS (ID,POST_ID,BRAND_NAME,ITEM_NAME,CATEGORY,PURCHASE_URL,PRICE,CURRENCY,SIZE_PURCHASED,FIT_REVIEW,RATING,CREATED_AT) values (45,11,'살로몬','트레이닝 조거','bottom',null,70000,'KRW',null,'small',null,to_timestamp('26/06/02 14:48:37.463000000','RR/MM/DD HH24:MI:SSXFF'));
Insert into FITLOG.POST_ITEMS (ID,POST_ID,BRAND_NAME,ITEM_NAME,CATEGORY,PURCHASE_URL,PRICE,CURRENCY,SIZE_PURCHASED,FIT_REVIEW,RATING,CREATED_AT) values (46,12,'살로몬','카고 트라우저','bottom',null,210000,'KRW',null,'small',null,to_timestamp('26/06/02 14:48:37.464000000','RR/MM/DD HH24:MI:SSXFF'));
Insert into FITLOG.POST_ITEMS (ID,POST_ID,BRAND_NAME,ITEM_NAME,CATEGORY,PURCHASE_URL,PRICE,CURRENCY,SIZE_PURCHASED,FIT_REVIEW,RATING,CREATED_AT) values (47,12,'드파운드','레더 벨트','acc',null,170000,'KRW',null,'true',null,to_timestamp('26/06/02 14:48:37.464000000','RR/MM/DD HH24:MI:SSXFF'));
Insert into FITLOG.POST_ITEMS (ID,POST_ID,BRAND_NAME,ITEM_NAME,CATEGORY,PURCHASE_URL,PRICE,CURRENCY,SIZE_PURCHASED,FIT_REVIEW,RATING,CREATED_AT) values (48,12,'컨버스','롱 울코트','outer',null,100000,'KRW',null,'true',null,to_timestamp('26/06/02 14:48:37.464000000','RR/MM/DD HH24:MI:SSXFF'));
Insert into FITLOG.POST_ITEMS (ID,POST_ID,BRAND_NAME,ITEM_NAME,CATEGORY,PURCHASE_URL,PRICE,CURRENCY,SIZE_PURCHASED,FIT_REVIEW,RATING,CREATED_AT) values (49,12,'뉴발란스','기본 로고 티','top',null,260000,'KRW',null,'true',null,to_timestamp('26/06/02 14:48:37.464000000','RR/MM/DD HH24:MI:SSXFF'));
Insert into FITLOG.POST_ITEMS (ID,POST_ID,BRAND_NAME,ITEM_NAME,CATEGORY,PURCHASE_URL,PRICE,CURRENCY,SIZE_PURCHASED,FIT_REVIEW,RATING,CREATED_AT) values (50,13,'파타고니아','사이드 고어 부츠','shoes',null,170000,'KRW',null,'small',null,to_timestamp('26/06/02 14:48:37.465000000','RR/MM/DD HH24:MI:SSXFF'));
Insert into FITLOG.POST_ITEMS (ID,POST_ID,BRAND_NAME,ITEM_NAME,CATEGORY,PURCHASE_URL,PRICE,CURRENCY,SIZE_PURCHASED,FIT_REVIEW,RATING,CREATED_AT) values (51,14,'노스페이스','코치 재킷','outer',null,170000,'KRW',null,'small',null,to_timestamp('26/06/02 14:48:37.466000000','RR/MM/DD HH24:MI:SSXFF'));
Insert into FITLOG.POST_ITEMS (ID,POST_ID,BRAND_NAME,ITEM_NAME,CATEGORY,PURCHASE_URL,PRICE,CURRENCY,SIZE_PURCHASED,FIT_REVIEW,RATING,CREATED_AT) values (52,15,'살로몬','헨리넥 티','top',null,80000,'KRW',null,'large',null,to_timestamp('26/06/02 14:48:37.466000000','RR/MM/DD HH24:MI:SSXFF'));
Insert into FITLOG.POST_ITEMS (ID,POST_ID,BRAND_NAME,ITEM_NAME,CATEGORY,PURCHASE_URL,PRICE,CURRENCY,SIZE_PURCHASED,FIT_REVIEW,RATING,CREATED_AT) values (53,15,'노이지아','볼캡','acc',null,160000,'KRW',null,'large',null,to_timestamp('26/06/02 14:48:37.466000000','RR/MM/DD HH24:MI:SSXFF'));
Insert into FITLOG.POST_ITEMS (ID,POST_ID,BRAND_NAME,ITEM_NAME,CATEGORY,PURCHASE_URL,PRICE,CURRENCY,SIZE_PURCHASED,FIT_REVIEW,RATING,CREATED_AT) values (54,15,'아크테릭스','후리스 집업','outer',null,230000,'KRW',null,'true',null,to_timestamp('26/06/02 14:48:37.467000000','RR/MM/DD HH24:MI:SSXFF'));
Insert into FITLOG.POST_ITEMS (ID,POST_ID,BRAND_NAME,ITEM_NAME,CATEGORY,PURCHASE_URL,PRICE,CURRENCY,SIZE_PURCHASED,FIT_REVIEW,RATING,CREATED_AT) values (55,16,'마르디메크르디','버킷백','bag',null,80000,'KRW',null,'large',null,to_timestamp('26/06/02 14:48:37.467000000','RR/MM/DD HH24:MI:SSXFF'));
Insert into FITLOG.POST_ITEMS (ID,POST_ID,BRAND_NAME,ITEM_NAME,CATEGORY,PURCHASE_URL,PRICE,CURRENCY,SIZE_PURCHASED,FIT_REVIEW,RATING,CREATED_AT) values (56,16,'스투시','슬림 슬랙스','bottom',null,250000,'KRW',null,'large',null,to_timestamp('26/06/02 14:48:37.468000000','RR/MM/DD HH24:MI:SSXFF'));
Insert into FITLOG.POST_ITEMS (ID,POST_ID,BRAND_NAME,ITEM_NAME,CATEGORY,PURCHASE_URL,PRICE,CURRENCY,SIZE_PURCHASED,FIT_REVIEW,RATING,CREATED_AT) values (57,16,'아미','첼시 부츠','shoes',null,240000,'KRW',null,'true',null,to_timestamp('26/06/02 14:48:37.468000000','RR/MM/DD HH24:MI:SSXFF'));
Insert into FITLOG.POST_ITEMS (ID,POST_ID,BRAND_NAME,ITEM_NAME,CATEGORY,PURCHASE_URL,PRICE,CURRENCY,SIZE_PURCHASED,FIT_REVIEW,RATING,CREATED_AT) values (58,16,'뉴발란스','미니 숄더백','bag',null,180000,'KRW',null,'small',null,to_timestamp('26/06/02 14:48:37.469000000','RR/MM/DD HH24:MI:SSXFF'));
Insert into FITLOG.POST_ITEMS (ID,POST_ID,BRAND_NAME,ITEM_NAME,CATEGORY,PURCHASE_URL,PRICE,CURRENCY,SIZE_PURCHASED,FIT_REVIEW,RATING,CREATED_AT) values (59,17,'컨버스','링 체인 목걸이','acc',null,30000,'KRW',null,'small',null,to_timestamp('26/06/02 14:48:37.469000000','RR/MM/DD HH24:MI:SSXFF'));
Insert into FITLOG.POST_ITEMS (ID,POST_ID,BRAND_NAME,ITEM_NAME,CATEGORY,PURCHASE_URL,PRICE,CURRENCY,SIZE_PURCHASED,FIT_REVIEW,RATING,CREATED_AT) values (60,17,'온러닝','클러치백','bag',null,180000,'KRW',null,'large',null,to_timestamp('26/06/02 14:48:37.469000000','RR/MM/DD HH24:MI:SSXFF'));
Insert into FITLOG.POST_ITEMS (ID,POST_ID,BRAND_NAME,ITEM_NAME,CATEGORY,PURCHASE_URL,PRICE,CURRENCY,SIZE_PURCHASED,FIT_REVIEW,RATING,CREATED_AT) values (61,18,'나이키','오버핏 반팔 티셔츠','top',null,60000,'KRW',null,'small',null,to_timestamp('26/06/02 14:48:37.470000000','RR/MM/DD HH24:MI:SSXFF'));
Insert into FITLOG.POST_ITEMS (ID,POST_ID,BRAND_NAME,ITEM_NAME,CATEGORY,PURCHASE_URL,PRICE,CURRENCY,SIZE_PURCHASED,FIT_REVIEW,RATING,CREATED_AT) values (62,18,'메종마르지엘라','사이드 고어 부츠','shoes',null,240000,'KRW',null,'true',null,to_timestamp('26/06/02 14:48:37.471000000','RR/MM/DD HH24:MI:SSXFF'));
Insert into FITLOG.POST_ITEMS (ID,POST_ID,BRAND_NAME,ITEM_NAME,CATEGORY,PURCHASE_URL,PRICE,CURRENCY,SIZE_PURCHASED,FIT_REVIEW,RATING,CREATED_AT) values (63,18,'마르디메크르디','울 스카프','acc',null,150000,'KRW',null,'true',null,to_timestamp('26/06/02 14:48:37.471000000','RR/MM/DD HH24:MI:SSXFF'));
Insert into FITLOG.POST_ITEMS (ID,POST_ID,BRAND_NAME,ITEM_NAME,CATEGORY,PURCHASE_URL,PRICE,CURRENCY,SIZE_PURCHASED,FIT_REVIEW,RATING,CREATED_AT) values (64,18,'호카','버킷백','bag',null,190000,'KRW',null,'large',null,to_timestamp('26/06/02 14:48:37.471000000','RR/MM/DD HH24:MI:SSXFF'));
Insert into FITLOG.POST_ITEMS (ID,POST_ID,BRAND_NAME,ITEM_NAME,CATEGORY,PURCHASE_URL,PRICE,CURRENCY,SIZE_PURCHASED,FIT_REVIEW,RATING,CREATED_AT) values (65,19,'오프화이트','에어맥스','shoes',null,170000,'KRW',null,'small',null,to_timestamp('26/06/02 14:48:37.472000000','RR/MM/DD HH24:MI:SSXFF'));
Insert into FITLOG.POST_ITEMS (ID,POST_ID,BRAND_NAME,ITEM_NAME,CATEGORY,PURCHASE_URL,PRICE,CURRENCY,SIZE_PURCHASED,FIT_REVIEW,RATING,CREATED_AT) values (66,20,'컨버스','나일론 백팩','bag',null,280000,'KRW',null,'small',null,to_timestamp('26/06/02 14:48:37.473000000','RR/MM/DD HH24:MI:SSXFF'));
Insert into FITLOG.POST_ITEMS (ID,POST_ID,BRAND_NAME,ITEM_NAME,CATEGORY,PURCHASE_URL,PRICE,CURRENCY,SIZE_PURCHASED,FIT_REVIEW,RATING,CREATED_AT) values (67,20,'나이키','미니 숄더백','bag',null,60000,'KRW',null,'large',null,to_timestamp('26/06/02 14:48:37.473000000','RR/MM/DD HH24:MI:SSXFF'));
Insert into FITLOG.POST_ITEMS (ID,POST_ID,BRAND_NAME,ITEM_NAME,CATEGORY,PURCHASE_URL,PRICE,CURRENCY,SIZE_PURCHASED,FIT_REVIEW,RATING,CREATED_AT) values (68,20,'컨버스','코듀로이 팬츠','bottom',null,70000,'KRW',null,'large',null,to_timestamp('26/06/02 14:48:37.473000000','RR/MM/DD HH24:MI:SSXFF'));
Insert into FITLOG.POST_ITEMS (ID,POST_ID,BRAND_NAME,ITEM_NAME,CATEGORY,PURCHASE_URL,PRICE,CURRENCY,SIZE_PURCHASED,FIT_REVIEW,RATING,CREATED_AT) values (69,21,'마르디메크르디','슬림 슬랙스','bottom',null,140000,'KRW',null,'large',null,to_timestamp('26/06/02 14:48:37.474000000','RR/MM/DD HH24:MI:SSXFF'));
Insert into FITLOG.POST_ITEMS (ID,POST_ID,BRAND_NAME,ITEM_NAME,CATEGORY,PURCHASE_URL,PRICE,CURRENCY,SIZE_PURCHASED,FIT_REVIEW,RATING,CREATED_AT) values (70,22,'아크네스튜디오스','슬림 슬랙스','bottom',null,280000,'KRW',null,'small',null,to_timestamp('26/06/02 14:48:37.474000000','RR/MM/DD HH24:MI:SSXFF'));
Insert into FITLOG.POST_ITEMS (ID,POST_ID,BRAND_NAME,ITEM_NAME,CATEGORY,PURCHASE_URL,PRICE,CURRENCY,SIZE_PURCHASED,FIT_REVIEW,RATING,CREATED_AT) values (71,23,'살로몬','트롤리 캐리어','bag',null,190000,'KRW',null,'large',null,to_timestamp('26/06/02 14:48:37.476000000','RR/MM/DD HH24:MI:SSXFF'));
Insert into FITLOG.POST_ITEMS (ID,POST_ID,BRAND_NAME,ITEM_NAME,CATEGORY,PURCHASE_URL,PRICE,CURRENCY,SIZE_PURCHASED,FIT_REVIEW,RATING,CREATED_AT) values (72,23,'파타고니아','린넨 반팔','top',null,130000,'KRW',null,'small',null,to_timestamp('26/06/02 14:48:37.476000000','RR/MM/DD HH24:MI:SSXFF'));
Insert into FITLOG.POST_ITEMS (ID,POST_ID,BRAND_NAME,ITEM_NAME,CATEGORY,PURCHASE_URL,PRICE,CURRENCY,SIZE_PURCHASED,FIT_REVIEW,RATING,CREATED_AT) values (73,23,'온러닝','트롤리 캐리어','bag',null,230000,'KRW',null,'large',null,to_timestamp('26/06/02 14:48:37.476000000','RR/MM/DD HH24:MI:SSXFF'));
Insert into FITLOG.POST_ITEMS (ID,POST_ID,BRAND_NAME,ITEM_NAME,CATEGORY,PURCHASE_URL,PRICE,CURRENCY,SIZE_PURCHASED,FIT_REVIEW,RATING,CREATED_AT) values (74,24,'노이지아','미니 숄더백','bag',null,300000,'KRW',null,'true',null,to_timestamp('26/06/02 14:48:37.477000000','RR/MM/DD HH24:MI:SSXFF'));
Insert into FITLOG.POST_ITEMS (ID,POST_ID,BRAND_NAME,ITEM_NAME,CATEGORY,PURCHASE_URL,PRICE,CURRENCY,SIZE_PURCHASED,FIT_REVIEW,RATING,CREATED_AT) values (75,24,'아미','트렌치코트','outer',null,140000,'KRW',null,'true',null,to_timestamp('26/06/02 14:48:37.477000000','RR/MM/DD HH24:MI:SSXFF'));
Insert into FITLOG.POST_ITEMS (ID,POST_ID,BRAND_NAME,ITEM_NAME,CATEGORY,PURCHASE_URL,PRICE,CURRENCY,SIZE_PURCHASED,FIT_REVIEW,RATING,CREATED_AT) values (76,24,'아디다스','울 블레이저','outer',null,70000,'KRW',null,'small',null,to_timestamp('26/06/02 14:48:37.477000000','RR/MM/DD HH24:MI:SSXFF'));
Insert into FITLOG.POST_ITEMS (ID,POST_ID,BRAND_NAME,ITEM_NAME,CATEGORY,PURCHASE_URL,PRICE,CURRENCY,SIZE_PURCHASED,FIT_REVIEW,RATING,CREATED_AT) values (77,24,'리복','웨이스트 파우치','bag',null,130000,'KRW',null,'true',null,to_timestamp('26/06/02 14:48:37.478000000','RR/MM/DD HH24:MI:SSXFF'));
Insert into FITLOG.POST_ITEMS (ID,POST_ID,BRAND_NAME,ITEM_NAME,CATEGORY,PURCHASE_URL,PRICE,CURRENCY,SIZE_PURCHASED,FIT_REVIEW,RATING,CREATED_AT) values (78,25,'아크아크','오버핏 반팔 티셔츠','top',null,230000,'KRW',null,'small',null,to_timestamp('26/06/02 14:48:37.478000000','RR/MM/DD HH24:MI:SSXFF'));
Insert into FITLOG.POST_ITEMS (ID,POST_ID,BRAND_NAME,ITEM_NAME,CATEGORY,PURCHASE_URL,PRICE,CURRENCY,SIZE_PURCHASED,FIT_REVIEW,RATING,CREATED_AT) values (79,25,'파타고니아','롱 울코트','outer',null,110000,'KRW',null,'true',null,to_timestamp('26/06/02 14:48:37.478000000','RR/MM/DD HH24:MI:SSXFF'));
Insert into FITLOG.POST_ITEMS (ID,POST_ID,BRAND_NAME,ITEM_NAME,CATEGORY,PURCHASE_URL,PRICE,CURRENCY,SIZE_PURCHASED,FIT_REVIEW,RATING,CREATED_AT) values (80,25,'아크테릭스','하이탑 스니커즈','shoes',null,90000,'KRW',null,'true',null,to_timestamp('26/06/02 14:48:37.478000000','RR/MM/DD HH24:MI:SSXFF'));
Insert into FITLOG.POST_ITEMS (ID,POST_ID,BRAND_NAME,ITEM_NAME,CATEGORY,PURCHASE_URL,PRICE,CURRENCY,SIZE_PURCHASED,FIT_REVIEW,RATING,CREATED_AT) values (81,25,'아크네스튜디오스','린넨 와이드 팬츠','bottom',null,270000,'KRW',null,'large',null,to_timestamp('26/06/02 14:48:37.479000000','RR/MM/DD HH24:MI:SSXFF'));
Insert into FITLOG.POST_ITEMS (ID,POST_ID,BRAND_NAME,ITEM_NAME,CATEGORY,PURCHASE_URL,PRICE,CURRENCY,SIZE_PURCHASED,FIT_REVIEW,RATING,CREATED_AT) values (82,26,'살로몬','스트레이트 진','bottom',null,60000,'KRW',null,'large',null,to_timestamp('26/06/02 14:48:37.479000000','RR/MM/DD HH24:MI:SSXFF'));
Insert into FITLOG.POST_ITEMS (ID,POST_ID,BRAND_NAME,ITEM_NAME,CATEGORY,PURCHASE_URL,PRICE,CURRENCY,SIZE_PURCHASED,FIT_REVIEW,RATING,CREATED_AT) values (83,26,'컨버스','레더 라이더 재킷','outer',null,130000,'KRW',null,'true',null,to_timestamp('26/06/02 14:48:37.480000000','RR/MM/DD HH24:MI:SSXFF'));
Insert into FITLOG.POST_ITEMS (ID,POST_ID,BRAND_NAME,ITEM_NAME,CATEGORY,PURCHASE_URL,PRICE,CURRENCY,SIZE_PURCHASED,FIT_REVIEW,RATING,CREATED_AT) values (84,26,'노이지아','슬리브 양말','acc',null,280000,'KRW',null,'small',null,to_timestamp('26/06/02 14:48:37.480000000','RR/MM/DD HH24:MI:SSXFF'));
Insert into FITLOG.POST_ITEMS (ID,POST_ID,BRAND_NAME,ITEM_NAME,CATEGORY,PURCHASE_URL,PRICE,CURRENCY,SIZE_PURCHASED,FIT_REVIEW,RATING,CREATED_AT) values (85,27,'뉴발란스','코치 재킷','outer',null,150000,'KRW',null,'large',null,to_timestamp('26/06/02 14:48:37.480000000','RR/MM/DD HH24:MI:SSXFF'));
Insert into FITLOG.POST_ITEMS (ID,POST_ID,BRAND_NAME,ITEM_NAME,CATEGORY,PURCHASE_URL,PRICE,CURRENCY,SIZE_PURCHASED,FIT_REVIEW,RATING,CREATED_AT) values (86,27,'아크테릭스','비니','acc',null,20000,'KRW',null,'small',null,to_timestamp('26/06/02 14:48:37.481000000','RR/MM/DD HH24:MI:SSXFF'));
Insert into FITLOG.POST_ITEMS (ID,POST_ID,BRAND_NAME,ITEM_NAME,CATEGORY,PURCHASE_URL,PRICE,CURRENCY,SIZE_PURCHASED,FIT_REVIEW,RATING,CREATED_AT) values (87,27,'호카','크루넥 니트','top',null,170000,'KRW',null,'large',null,to_timestamp('26/06/02 14:48:37.481000000','RR/MM/DD HH24:MI:SSXFF'));
Insert into FITLOG.POST_ITEMS (ID,POST_ID,BRAND_NAME,ITEM_NAME,CATEGORY,PURCHASE_URL,PRICE,CURRENCY,SIZE_PURCHASED,FIT_REVIEW,RATING,CREATED_AT) values (88,28,'꼼데가르송','세미오버 셔츠','top',null,20000,'KRW',null,'large',null,to_timestamp('26/06/02 14:48:37.482000000','RR/MM/DD HH24:MI:SSXFF'));
Insert into FITLOG.POST_ITEMS (ID,POST_ID,BRAND_NAME,ITEM_NAME,CATEGORY,PURCHASE_URL,PRICE,CURRENCY,SIZE_PURCHASED,FIT_REVIEW,RATING,CREATED_AT) values (89,28,'반스','오버핏 반팔 티셔츠','top',null,110000,'KRW',null,'large',null,to_timestamp('26/06/02 14:48:37.482000000','RR/MM/DD HH24:MI:SSXFF'));
Insert into FITLOG.POST_ITEMS (ID,POST_ID,BRAND_NAME,ITEM_NAME,CATEGORY,PURCHASE_URL,PRICE,CURRENCY,SIZE_PURCHASED,FIT_REVIEW,RATING,CREATED_AT) values (90,28,'아디다스','클러치백','bag',null,40000,'KRW',null,'true',null,to_timestamp('26/06/02 14:48:37.483000000','RR/MM/DD HH24:MI:SSXFF'));
Insert into FITLOG.POST_ITEMS (ID,POST_ID,BRAND_NAME,ITEM_NAME,CATEGORY,PURCHASE_URL,PRICE,CURRENCY,SIZE_PURCHASED,FIT_REVIEW,RATING,CREATED_AT) values (91,29,'아디다스','기본 로고 티','top',null,280000,'KRW',null,'small',null,to_timestamp('26/06/02 14:48:37.483000000','RR/MM/DD HH24:MI:SSXFF'));
Insert into FITLOG.POST_ITEMS (ID,POST_ID,BRAND_NAME,ITEM_NAME,CATEGORY,PURCHASE_URL,PRICE,CURRENCY,SIZE_PURCHASED,FIT_REVIEW,RATING,CREATED_AT) values (92,29,'호카','린넨 와이드 팬츠','bottom',null,170000,'KRW',null,'true',null,to_timestamp('26/06/02 14:48:37.483000000','RR/MM/DD HH24:MI:SSXFF'));
Insert into FITLOG.POST_ITEMS (ID,POST_ID,BRAND_NAME,ITEM_NAME,CATEGORY,PURCHASE_URL,PRICE,CURRENCY,SIZE_PURCHASED,FIT_REVIEW,RATING,CREATED_AT) values (93,29,'반스','웨이스트 파우치','bag',null,90000,'KRW',null,'small',null,to_timestamp('26/06/02 14:48:37.484000000','RR/MM/DD HH24:MI:SSXFF'));
Insert into FITLOG.POST_ITEMS (ID,POST_ID,BRAND_NAME,ITEM_NAME,CATEGORY,PURCHASE_URL,PRICE,CURRENCY,SIZE_PURCHASED,FIT_REVIEW,RATING,CREATED_AT) values (94,29,'아미','트레이닝 조거','bottom',null,140000,'KRW',null,'small',null,to_timestamp('26/06/02 14:48:37.484000000','RR/MM/DD HH24:MI:SSXFF'));
Insert into FITLOG.POST_ITEMS (ID,POST_ID,BRAND_NAME,ITEM_NAME,CATEGORY,PURCHASE_URL,PRICE,CURRENCY,SIZE_PURCHASED,FIT_REVIEW,RATING,CREATED_AT) values (95,30,'컨버스','구스다운 패딩','outer',null,140000,'KRW',null,'small',null,to_timestamp('26/06/02 14:48:37.485000000','RR/MM/DD HH24:MI:SSXFF'));
Insert into FITLOG.POST_ITEMS (ID,POST_ID,BRAND_NAME,ITEM_NAME,CATEGORY,PURCHASE_URL,PRICE,CURRENCY,SIZE_PURCHASED,FIT_REVIEW,RATING,CREATED_AT) values (96,31,'컨버스','피그먼트 후드티','top',null,20000,'KRW',null,'small',null,to_timestamp('26/06/02 14:48:37.485000000','RR/MM/DD HH24:MI:SSXFF'));
Insert into FITLOG.POST_ITEMS (ID,POST_ID,BRAND_NAME,ITEM_NAME,CATEGORY,PURCHASE_URL,PRICE,CURRENCY,SIZE_PURCHASED,FIT_REVIEW,RATING,CREATED_AT) values (97,32,'노스페이스','숏 데님','bottom',null,170000,'KRW',null,'large',null,to_timestamp('26/06/02 14:48:37.486000000','RR/MM/DD HH24:MI:SSXFF'));
Insert into FITLOG.POST_ITEMS (ID,POST_ID,BRAND_NAME,ITEM_NAME,CATEGORY,PURCHASE_URL,PRICE,CURRENCY,SIZE_PURCHASED,FIT_REVIEW,RATING,CREATED_AT) values (98,33,'아식스','숏 데님','bottom',null,100000,'KRW',null,'small',null,to_timestamp('26/06/02 14:48:37.487000000','RR/MM/DD HH24:MI:SSXFF'));
Insert into FITLOG.POST_ITEMS (ID,POST_ID,BRAND_NAME,ITEM_NAME,CATEGORY,PURCHASE_URL,PRICE,CURRENCY,SIZE_PURCHASED,FIT_REVIEW,RATING,CREATED_AT) values (99,34,'아디다스','슬리브 양말','acc',null,170000,'KRW',null,'small',null,to_timestamp('26/06/02 14:48:37.488000000','RR/MM/DD HH24:MI:SSXFF'));
Insert into FITLOG.POST_ITEMS (ID,POST_ID,BRAND_NAME,ITEM_NAME,CATEGORY,PURCHASE_URL,PRICE,CURRENCY,SIZE_PURCHASED,FIT_REVIEW,RATING,CREATED_AT) values (100,34,'마르디메크르디','볼캡','acc',null,300000,'KRW',null,'large',null,to_timestamp('26/06/02 14:48:37.488000000','RR/MM/DD HH24:MI:SSXFF'));
Insert into FITLOG.POST_ITEMS (ID,POST_ID,BRAND_NAME,ITEM_NAME,CATEGORY,PURCHASE_URL,PRICE,CURRENCY,SIZE_PURCHASED,FIT_REVIEW,RATING,CREATED_AT) values (101,34,'오프화이트','와이드 데님 팬츠','bottom',null,210000,'KRW',null,'small',null,to_timestamp('26/06/02 14:48:37.488000000','RR/MM/DD HH24:MI:SSXFF'));
Insert into FITLOG.POST_ITEMS (ID,POST_ID,BRAND_NAME,ITEM_NAME,CATEGORY,PURCHASE_URL,PRICE,CURRENCY,SIZE_PURCHASED,FIT_REVIEW,RATING,CREATED_AT) values (102,35,'반스','선글라스','acc',null,60000,'KRW',null,'true',null,to_timestamp('26/06/02 14:48:37.489000000','RR/MM/DD HH24:MI:SSXFF'));
Insert into FITLOG.POST_ITEMS (ID,POST_ID,BRAND_NAME,ITEM_NAME,CATEGORY,PURCHASE_URL,PRICE,CURRENCY,SIZE_PURCHASED,FIT_REVIEW,RATING,CREATED_AT) values (103,35,'아미','캔버스 토트백','bag',null,190000,'KRW',null,'true',null,to_timestamp('26/06/02 14:48:37.489000000','RR/MM/DD HH24:MI:SSXFF'));
Insert into FITLOG.POST_ITEMS (ID,POST_ID,BRAND_NAME,ITEM_NAME,CATEGORY,PURCHASE_URL,PRICE,CURRENCY,SIZE_PURCHASED,FIT_REVIEW,RATING,CREATED_AT) values (104,36,'컨버스','미니 숄더백','bag',null,160000,'KRW',null,'true',null,to_timestamp('26/06/02 14:48:37.490000000','RR/MM/DD HH24:MI:SSXFF'));
Insert into FITLOG.POST_ITEMS (ID,POST_ID,BRAND_NAME,ITEM_NAME,CATEGORY,PURCHASE_URL,PRICE,CURRENCY,SIZE_PURCHASED,FIT_REVIEW,RATING,CREATED_AT) values (105,37,'푸마','스트라이프 롱슬리브','top',null,50000,'KRW',null,'small',null,to_timestamp('26/06/02 14:48:37.491000000','RR/MM/DD HH24:MI:SSXFF'));
Insert into FITLOG.POST_ITEMS (ID,POST_ID,BRAND_NAME,ITEM_NAME,CATEGORY,PURCHASE_URL,PRICE,CURRENCY,SIZE_PURCHASED,FIT_REVIEW,RATING,CREATED_AT) values (106,38,'아크테릭스','첼시 부츠','shoes',null,220000,'KRW',null,'small',null,to_timestamp('26/06/02 14:48:37.492000000','RR/MM/DD HH24:MI:SSXFF'));
Insert into FITLOG.POST_ITEMS (ID,POST_ID,BRAND_NAME,ITEM_NAME,CATEGORY,PURCHASE_URL,PRICE,CURRENCY,SIZE_PURCHASED,FIT_REVIEW,RATING,CREATED_AT) values (107,38,'아디다스','와이드 데님 팬츠','bottom',null,260000,'KRW',null,'large',null,to_timestamp('26/06/02 14:48:37.492000000','RR/MM/DD HH24:MI:SSXFF'));
Insert into FITLOG.POST_ITEMS (ID,POST_ID,BRAND_NAME,ITEM_NAME,CATEGORY,PURCHASE_URL,PRICE,CURRENCY,SIZE_PURCHASED,FIT_REVIEW,RATING,CREATED_AT) values (108,38,'메종마르지엘라','미니 숄더백','bag',null,230000,'KRW',null,'small',null,to_timestamp('26/06/02 14:48:37.492000000','RR/MM/DD HH24:MI:SSXFF'));
Insert into FITLOG.POST_ITEMS (ID,POST_ID,BRAND_NAME,ITEM_NAME,CATEGORY,PURCHASE_URL,PRICE,CURRENCY,SIZE_PURCHASED,FIT_REVIEW,RATING,CREATED_AT) values (109,38,'스투시','기본 로고 티','top',null,30000,'KRW',null,'true',null,to_timestamp('26/06/02 14:48:37.493000000','RR/MM/DD HH24:MI:SSXFF'));
Insert into FITLOG.POST_ITEMS (ID,POST_ID,BRAND_NAME,ITEM_NAME,CATEGORY,PURCHASE_URL,PRICE,CURRENCY,SIZE_PURCHASED,FIT_REVIEW,RATING,CREATED_AT) values (110,39,'스투시','크루넥 니트','top',null,20000,'KRW',null,'small',null,to_timestamp('26/06/02 14:48:37.493000000','RR/MM/DD HH24:MI:SSXFF'));
Insert into FITLOG.POST_ITEMS (ID,POST_ID,BRAND_NAME,ITEM_NAME,CATEGORY,PURCHASE_URL,PRICE,CURRENCY,SIZE_PURCHASED,FIT_REVIEW,RATING,CREATED_AT) values (111,39,'오프화이트','레더 벨트','acc',null,160000,'KRW',null,'small',null,to_timestamp('26/06/02 14:48:37.493000000','RR/MM/DD HH24:MI:SSXFF'));
Insert into FITLOG.POST_ITEMS (ID,POST_ID,BRAND_NAME,ITEM_NAME,CATEGORY,PURCHASE_URL,PRICE,CURRENCY,SIZE_PURCHASED,FIT_REVIEW,RATING,CREATED_AT) values (112,39,'컨버스','하이탑 스니커즈','shoes',null,100000,'KRW',null,'true',null,to_timestamp('26/06/02 14:48:37.493000000','RR/MM/DD HH24:MI:SSXFF'));
Insert into FITLOG.POST_ITEMS (ID,POST_ID,BRAND_NAME,ITEM_NAME,CATEGORY,PURCHASE_URL,PRICE,CURRENCY,SIZE_PURCHASED,FIT_REVIEW,RATING,CREATED_AT) values (113,40,'아식스','스트레이트 진','bottom',null,230000,'KRW',null,'small',null,to_timestamp('26/06/02 14:48:37.494000000','RR/MM/DD HH24:MI:SSXFF'));
Insert into FITLOG.POST_ITEMS (ID,POST_ID,BRAND_NAME,ITEM_NAME,CATEGORY,PURCHASE_URL,PRICE,CURRENCY,SIZE_PURCHASED,FIT_REVIEW,RATING,CREATED_AT) values (114,40,'메종마르지엘라','레더 라이더 재킷','outer',null,90000,'KRW',null,'true',null,to_timestamp('26/06/02 14:48:37.495000000','RR/MM/DD HH24:MI:SSXFF'));
Insert into FITLOG.POST_ITEMS (ID,POST_ID,BRAND_NAME,ITEM_NAME,CATEGORY,PURCHASE_URL,PRICE,CURRENCY,SIZE_PURCHASED,FIT_REVIEW,RATING,CREATED_AT) values (115,41,'파타고니아','린넨 반팔','top',null,210000,'KRW',null,'small',null,to_timestamp('26/06/02 14:48:37.495000000','RR/MM/DD HH24:MI:SSXFF'));
Insert into FITLOG.POST_ITEMS (ID,POST_ID,BRAND_NAME,ITEM_NAME,CATEGORY,PURCHASE_URL,PRICE,CURRENCY,SIZE_PURCHASED,FIT_REVIEW,RATING,CREATED_AT) values (116,41,'노이지아','사이드 고어 부츠','shoes',null,270000,'KRW',null,'small',null,to_timestamp('26/06/02 14:48:37.496000000','RR/MM/DD HH24:MI:SSXFF'));
Insert into FITLOG.POST_ITEMS (ID,POST_ID,BRAND_NAME,ITEM_NAME,CATEGORY,PURCHASE_URL,PRICE,CURRENCY,SIZE_PURCHASED,FIT_REVIEW,RATING,CREATED_AT) values (117,42,'리복','슬림 슬랙스','bottom',null,200000,'KRW',null,'large',null,to_timestamp('26/06/02 14:48:37.496000000','RR/MM/DD HH24:MI:SSXFF'));
Insert into FITLOG.POST_ITEMS (ID,POST_ID,BRAND_NAME,ITEM_NAME,CATEGORY,PURCHASE_URL,PRICE,CURRENCY,SIZE_PURCHASED,FIT_REVIEW,RATING,CREATED_AT) values (118,42,'아미','코듀로이 팬츠','bottom',null,240000,'KRW',null,'small',null,to_timestamp('26/06/02 14:48:37.496000000','RR/MM/DD HH24:MI:SSXFF'));
Insert into FITLOG.POST_ITEMS (ID,POST_ID,BRAND_NAME,ITEM_NAME,CATEGORY,PURCHASE_URL,PRICE,CURRENCY,SIZE_PURCHASED,FIT_REVIEW,RATING,CREATED_AT) values (119,42,'마르디메크르디','선글라스','acc',null,100000,'KRW',null,'small',null,to_timestamp('26/06/02 14:48:37.497000000','RR/MM/DD HH24:MI:SSXFF'));
Insert into FITLOG.POST_ITEMS (ID,POST_ID,BRAND_NAME,ITEM_NAME,CATEGORY,PURCHASE_URL,PRICE,CURRENCY,SIZE_PURCHASED,FIT_REVIEW,RATING,CREATED_AT) values (120,42,'아크테릭스','웨이스트 파우치','bag',null,70000,'KRW',null,'true',null,to_timestamp('26/06/02 14:48:37.497000000','RR/MM/DD HH24:MI:SSXFF'));
Insert into FITLOG.POST_ITEMS (ID,POST_ID,BRAND_NAME,ITEM_NAME,CATEGORY,PURCHASE_URL,PRICE,CURRENCY,SIZE_PURCHASED,FIT_REVIEW,RATING,CREATED_AT) values (121,43,'노이지아','클러치백','bag',null,110000,'KRW',null,'true',null,to_timestamp('26/06/02 14:48:37.497000000','RR/MM/DD HH24:MI:SSXFF'));
Insert into FITLOG.POST_ITEMS (ID,POST_ID,BRAND_NAME,ITEM_NAME,CATEGORY,PURCHASE_URL,PRICE,CURRENCY,SIZE_PURCHASED,FIT_REVIEW,RATING,CREATED_AT) values (122,43,'반스','크루넥 니트','top',null,210000,'KRW',null,'large',null,to_timestamp('26/06/02 14:48:37.498000000','RR/MM/DD HH24:MI:SSXFF'));
Insert into FITLOG.POST_ITEMS (ID,POST_ID,BRAND_NAME,ITEM_NAME,CATEGORY,PURCHASE_URL,PRICE,CURRENCY,SIZE_PURCHASED,FIT_REVIEW,RATING,CREATED_AT) values (123,43,'메종마르지엘라','링 체인 목걸이','acc',null,20000,'KRW',null,'large',null,to_timestamp('26/06/02 14:48:37.498000000','RR/MM/DD HH24:MI:SSXFF'));
Insert into FITLOG.POST_ITEMS (ID,POST_ID,BRAND_NAME,ITEM_NAME,CATEGORY,PURCHASE_URL,PRICE,CURRENCY,SIZE_PURCHASED,FIT_REVIEW,RATING,CREATED_AT) values (124,43,'노이지아','린넨 와이드 팬츠','bottom',null,210000,'KRW',null,'true',null,to_timestamp('26/06/02 14:48:37.498000000','RR/MM/DD HH24:MI:SSXFF'));
Insert into FITLOG.POST_ITEMS (ID,POST_ID,BRAND_NAME,ITEM_NAME,CATEGORY,PURCHASE_URL,PRICE,CURRENCY,SIZE_PURCHASED,FIT_REVIEW,RATING,CREATED_AT) values (125,44,'파타고니아','트레이닝 조거','bottom',null,20000,'KRW',null,'true',null,to_timestamp('26/06/02 14:48:37.499000000','RR/MM/DD HH24:MI:SSXFF'));
Insert into FITLOG.POST_ITEMS (ID,POST_ID,BRAND_NAME,ITEM_NAME,CATEGORY,PURCHASE_URL,PRICE,CURRENCY,SIZE_PURCHASED,FIT_REVIEW,RATING,CREATED_AT) values (126,45,'컨버스','샌들','shoes',null,230000,'KRW',null,'true',null,to_timestamp('26/06/02 14:48:37.499000000','RR/MM/DD HH24:MI:SSXFF'));
Insert into FITLOG.POST_ITEMS (ID,POST_ID,BRAND_NAME,ITEM_NAME,CATEGORY,PURCHASE_URL,PRICE,CURRENCY,SIZE_PURCHASED,FIT_REVIEW,RATING,CREATED_AT) values (127,45,'오프화이트','울 블레이저','outer',null,100000,'KRW',null,'small',null,to_timestamp('26/06/02 14:48:37.500000000','RR/MM/DD HH24:MI:SSXFF'));
Insert into FITLOG.POST_ITEMS (ID,POST_ID,BRAND_NAME,ITEM_NAME,CATEGORY,PURCHASE_URL,PRICE,CURRENCY,SIZE_PURCHASED,FIT_REVIEW,RATING,CREATED_AT) values (128,45,'메종마르지엘라','스트라이프 롱슬리브','top',null,140000,'KRW',null,'true',null,to_timestamp('26/06/02 14:48:37.500000000','RR/MM/DD HH24:MI:SSXFF'));
Insert into FITLOG.POST_ITEMS (ID,POST_ID,BRAND_NAME,ITEM_NAME,CATEGORY,PURCHASE_URL,PRICE,CURRENCY,SIZE_PURCHASED,FIT_REVIEW,RATING,CREATED_AT) values (129,45,'드파운드','숏 데님','bottom',null,90000,'KRW',null,'small',null,to_timestamp('26/06/02 14:48:37.500000000','RR/MM/DD HH24:MI:SSXFF'));
Insert into FITLOG.POST_ITEMS (ID,POST_ID,BRAND_NAME,ITEM_NAME,CATEGORY,PURCHASE_URL,PRICE,CURRENCY,SIZE_PURCHASED,FIT_REVIEW,RATING,CREATED_AT) values (130,46,'노이지아','롱 울코트','outer',null,210000,'KRW',null,'true',null,to_timestamp('26/06/02 14:48:37.500000000','RR/MM/DD HH24:MI:SSXFF'));
Insert into FITLOG.POST_ITEMS (ID,POST_ID,BRAND_NAME,ITEM_NAME,CATEGORY,PURCHASE_URL,PRICE,CURRENCY,SIZE_PURCHASED,FIT_REVIEW,RATING,CREATED_AT) values (131,46,'스투시','코듀로이 팬츠','bottom',null,240000,'KRW',null,'small',null,to_timestamp('26/06/02 14:48:37.501000000','RR/MM/DD HH24:MI:SSXFF'));
Insert into FITLOG.POST_ITEMS (ID,POST_ID,BRAND_NAME,ITEM_NAME,CATEGORY,PURCHASE_URL,PRICE,CURRENCY,SIZE_PURCHASED,FIT_REVIEW,RATING,CREATED_AT) values (132,47,'드파운드','버킷햇','acc',null,150000,'KRW',null,'true',null,to_timestamp('26/06/02 14:48:37.501000000','RR/MM/DD HH24:MI:SSXFF'));
Insert into FITLOG.POST_ITEMS (ID,POST_ID,BRAND_NAME,ITEM_NAME,CATEGORY,PURCHASE_URL,PRICE,CURRENCY,SIZE_PURCHASED,FIT_REVIEW,RATING,CREATED_AT) values (133,47,'아크테릭스','코치 재킷','outer',null,250000,'KRW',null,'true',null,to_timestamp('26/06/02 14:48:37.502000000','RR/MM/DD HH24:MI:SSXFF'));
Insert into FITLOG.POST_ITEMS (ID,POST_ID,BRAND_NAME,ITEM_NAME,CATEGORY,PURCHASE_URL,PRICE,CURRENCY,SIZE_PURCHASED,FIT_REVIEW,RATING,CREATED_AT) values (134,47,'메종마르지엘라','린넨 와이드 팬츠','bottom',null,30000,'KRW',null,'small',null,to_timestamp('26/06/02 14:48:37.502000000','RR/MM/DD HH24:MI:SSXFF'));
Insert into FITLOG.POST_ITEMS (ID,POST_ID,BRAND_NAME,ITEM_NAME,CATEGORY,PURCHASE_URL,PRICE,CURRENCY,SIZE_PURCHASED,FIT_REVIEW,RATING,CREATED_AT) values (135,47,'아디다스','터틀넥 스웨터','top',null,220000,'KRW',null,'large',null,to_timestamp('26/06/02 14:48:37.502000000','RR/MM/DD HH24:MI:SSXFF'));
Insert into FITLOG.POST_ITEMS (ID,POST_ID,BRAND_NAME,ITEM_NAME,CATEGORY,PURCHASE_URL,PRICE,CURRENCY,SIZE_PURCHASED,FIT_REVIEW,RATING,CREATED_AT) values (136,48,'나이키','웨이스트 파우치','bag',null,140000,'KRW',null,'large',null,to_timestamp('26/06/02 14:48:37.503000000','RR/MM/DD HH24:MI:SSXFF'));
Insert into FITLOG.POST_ITEMS (ID,POST_ID,BRAND_NAME,ITEM_NAME,CATEGORY,PURCHASE_URL,PRICE,CURRENCY,SIZE_PURCHASED,FIT_REVIEW,RATING,CREATED_AT) values (137,48,'오프화이트','슬리브 양말','acc',null,270000,'KRW',null,'small',null,to_timestamp('26/06/02 14:48:37.503000000','RR/MM/DD HH24:MI:SSXFF'));
Insert into FITLOG.POST_ITEMS (ID,POST_ID,BRAND_NAME,ITEM_NAME,CATEGORY,PURCHASE_URL,PRICE,CURRENCY,SIZE_PURCHASED,FIT_REVIEW,RATING,CREATED_AT) values (138,49,'뉴발란스','세미오버 셔츠','top',null,100000,'KRW',null,'small',null,to_timestamp('26/06/02 14:48:37.504000000','RR/MM/DD HH24:MI:SSXFF'));
Insert into FITLOG.POST_ITEMS (ID,POST_ID,BRAND_NAME,ITEM_NAME,CATEGORY,PURCHASE_URL,PRICE,CURRENCY,SIZE_PURCHASED,FIT_REVIEW,RATING,CREATED_AT) values (139,49,'아식스','린넨 반팔','top',null,170000,'KRW',null,'large',null,to_timestamp('26/06/02 14:48:37.504000000','RR/MM/DD HH24:MI:SSXFF'));
Insert into FITLOG.POST_ITEMS (ID,POST_ID,BRAND_NAME,ITEM_NAME,CATEGORY,PURCHASE_URL,PRICE,CURRENCY,SIZE_PURCHASED,FIT_REVIEW,RATING,CREATED_AT) values (140,49,'컨버스','피그먼트 후드티','top',null,220000,'KRW',null,'large',null,to_timestamp('26/06/02 14:48:37.505000000','RR/MM/DD HH24:MI:SSXFF'));
Insert into FITLOG.POST_ITEMS (ID,POST_ID,BRAND_NAME,ITEM_NAME,CATEGORY,PURCHASE_URL,PRICE,CURRENCY,SIZE_PURCHASED,FIT_REVIEW,RATING,CREATED_AT) values (141,50,'살로몬','선글라스','acc',null,280000,'KRW',null,'large',null,to_timestamp('26/06/02 14:48:37.505000000','RR/MM/DD HH24:MI:SSXFF'));
Insert into FITLOG.POST_ITEMS (ID,POST_ID,BRAND_NAME,ITEM_NAME,CATEGORY,PURCHASE_URL,PRICE,CURRENCY,SIZE_PURCHASED,FIT_REVIEW,RATING,CREATED_AT) values (142,51,'메종마르지엘라','버킷백','bag',null,190000,'KRW',null,'true',null,to_timestamp('26/06/02 14:48:37.506000000','RR/MM/DD HH24:MI:SSXFF'));
Insert into FITLOG.POST_ITEMS (ID,POST_ID,BRAND_NAME,ITEM_NAME,CATEGORY,PURCHASE_URL,PRICE,CURRENCY,SIZE_PURCHASED,FIT_REVIEW,RATING,CREATED_AT) values (143,51,'메종마르지엘라','오버핏 반팔 티셔츠','top',null,70000,'KRW',null,'small',null,to_timestamp('26/06/02 14:48:37.506000000','RR/MM/DD HH24:MI:SSXFF'));
Insert into FITLOG.POST_ITEMS (ID,POST_ID,BRAND_NAME,ITEM_NAME,CATEGORY,PURCHASE_URL,PRICE,CURRENCY,SIZE_PURCHASED,FIT_REVIEW,RATING,CREATED_AT) values (144,51,'노스페이스','미니 숄더백','bag',null,290000,'KRW',null,'large',null,to_timestamp('26/06/02 14:48:37.506000000','RR/MM/DD HH24:MI:SSXFF'));
Insert into FITLOG.POST_ITEMS (ID,POST_ID,BRAND_NAME,ITEM_NAME,CATEGORY,PURCHASE_URL,PRICE,CURRENCY,SIZE_PURCHASED,FIT_REVIEW,RATING,CREATED_AT) values (145,51,'반스','메신저백','bag',null,130000,'KRW',null,'small',null,to_timestamp('26/06/02 14:48:37.507000000','RR/MM/DD HH24:MI:SSXFF'));
Insert into FITLOG.POST_ITEMS (ID,POST_ID,BRAND_NAME,ITEM_NAME,CATEGORY,PURCHASE_URL,PRICE,CURRENCY,SIZE_PURCHASED,FIT_REVIEW,RATING,CREATED_AT) values (146,52,'리복','세미오버 셔츠','top',null,130000,'KRW',null,'large',null,to_timestamp('26/06/02 14:48:37.508000000','RR/MM/DD HH24:MI:SSXFF'));
Insert into FITLOG.POST_ITEMS (ID,POST_ID,BRAND_NAME,ITEM_NAME,CATEGORY,PURCHASE_URL,PRICE,CURRENCY,SIZE_PURCHASED,FIT_REVIEW,RATING,CREATED_AT) values (147,52,'호카','트레이닝 조거','bottom',null,300000,'KRW',null,'true',null,to_timestamp('26/06/02 14:48:37.508000000','RR/MM/DD HH24:MI:SSXFF'));
Insert into FITLOG.POST_ITEMS (ID,POST_ID,BRAND_NAME,ITEM_NAME,CATEGORY,PURCHASE_URL,PRICE,CURRENCY,SIZE_PURCHASED,FIT_REVIEW,RATING,CREATED_AT) values (148,52,'스투시','기본 로고 티','top',null,80000,'KRW',null,'small',null,to_timestamp('26/06/02 14:48:37.508000000','RR/MM/DD HH24:MI:SSXFF'));
Insert into FITLOG.POST_ITEMS (ID,POST_ID,BRAND_NAME,ITEM_NAME,CATEGORY,PURCHASE_URL,PRICE,CURRENCY,SIZE_PURCHASED,FIT_REVIEW,RATING,CREATED_AT) values (149,52,'온러닝','아노락 바람막이','outer',null,170000,'KRW',null,'true',null,to_timestamp('26/06/02 14:48:37.509000000','RR/MM/DD HH24:MI:SSXFF'));
Insert into FITLOG.POST_ITEMS (ID,POST_ID,BRAND_NAME,ITEM_NAME,CATEGORY,PURCHASE_URL,PRICE,CURRENCY,SIZE_PURCHASED,FIT_REVIEW,RATING,CREATED_AT) values (150,53,'나이키','린넨 와이드 팬츠','bottom',null,60000,'KRW',null,'true',null,to_timestamp('26/06/02 14:48:37.509000000','RR/MM/DD HH24:MI:SSXFF'));
Insert into FITLOG.POST_ITEMS (ID,POST_ID,BRAND_NAME,ITEM_NAME,CATEGORY,PURCHASE_URL,PRICE,CURRENCY,SIZE_PURCHASED,FIT_REVIEW,RATING,CREATED_AT) values (151,53,'호카','버킷햇','acc',null,40000,'KRW',null,'large',null,to_timestamp('26/06/02 14:48:37.509000000','RR/MM/DD HH24:MI:SSXFF'));
Insert into FITLOG.POST_ITEMS (ID,POST_ID,BRAND_NAME,ITEM_NAME,CATEGORY,PURCHASE_URL,PRICE,CURRENCY,SIZE_PURCHASED,FIT_REVIEW,RATING,CREATED_AT) values (152,53,'아식스','울 블레이저','outer',null,160000,'KRW',null,'large',null,to_timestamp('26/06/02 14:48:37.510000000','RR/MM/DD HH24:MI:SSXFF'));
Insert into FITLOG.POST_ITEMS (ID,POST_ID,BRAND_NAME,ITEM_NAME,CATEGORY,PURCHASE_URL,PRICE,CURRENCY,SIZE_PURCHASED,FIT_REVIEW,RATING,CREATED_AT) values (153,54,'반스','웨이스트 파우치','bag',null,90000,'KRW',null,'small',null,to_timestamp('26/06/02 14:48:37.510000000','RR/MM/DD HH24:MI:SSXFF'));
Insert into FITLOG.POST_ITEMS (ID,POST_ID,BRAND_NAME,ITEM_NAME,CATEGORY,PURCHASE_URL,PRICE,CURRENCY,SIZE_PURCHASED,FIT_REVIEW,RATING,CREATED_AT) values (154,54,'메종마르지엘라','스트레이트 진','bottom',null,240000,'KRW',null,'small',null,to_timestamp('26/06/02 14:48:37.510000000','RR/MM/DD HH24:MI:SSXFF'));
Insert into FITLOG.POST_ITEMS (ID,POST_ID,BRAND_NAME,ITEM_NAME,CATEGORY,PURCHASE_URL,PRICE,CURRENCY,SIZE_PURCHASED,FIT_REVIEW,RATING,CREATED_AT) values (155,54,'아미','롱 울코트','outer',null,270000,'KRW',null,'large',null,to_timestamp('26/06/02 14:48:37.511000000','RR/MM/DD HH24:MI:SSXFF'));
Insert into FITLOG.POST_ITEMS (ID,POST_ID,BRAND_NAME,ITEM_NAME,CATEGORY,PURCHASE_URL,PRICE,CURRENCY,SIZE_PURCHASED,FIT_REVIEW,RATING,CREATED_AT) values (156,55,'아크네스튜디오스','기본 로고 티','top',null,30000,'KRW',null,'small',null,to_timestamp('26/06/02 14:48:37.511000000','RR/MM/DD HH24:MI:SSXFF'));
Insert into FITLOG.POST_ITEMS (ID,POST_ID,BRAND_NAME,ITEM_NAME,CATEGORY,PURCHASE_URL,PRICE,CURRENCY,SIZE_PURCHASED,FIT_REVIEW,RATING,CREATED_AT) values (157,56,'푸마','사이드 고어 부츠','shoes',null,120000,'KRW',null,'small',null,to_timestamp('26/06/02 14:48:37.512000000','RR/MM/DD HH24:MI:SSXFF'));
Insert into FITLOG.POST_ITEMS (ID,POST_ID,BRAND_NAME,ITEM_NAME,CATEGORY,PURCHASE_URL,PRICE,CURRENCY,SIZE_PURCHASED,FIT_REVIEW,RATING,CREATED_AT) values (158,56,'무신사스탠다드','레더 벨트','acc',null,30000,'KRW',null,'large',null,to_timestamp('26/06/02 14:48:37.512000000','RR/MM/DD HH24:MI:SSXFF'));
Insert into FITLOG.POST_ITEMS (ID,POST_ID,BRAND_NAME,ITEM_NAME,CATEGORY,PURCHASE_URL,PRICE,CURRENCY,SIZE_PURCHASED,FIT_REVIEW,RATING,CREATED_AT) values (159,56,'아크테릭스','러닝화','shoes',null,130000,'KRW',null,'small',null,to_timestamp('26/06/02 14:48:37.512000000','RR/MM/DD HH24:MI:SSXFF'));
Insert into FITLOG.POST_ITEMS (ID,POST_ID,BRAND_NAME,ITEM_NAME,CATEGORY,PURCHASE_URL,PRICE,CURRENCY,SIZE_PURCHASED,FIT_REVIEW,RATING,CREATED_AT) values (160,56,'반스','세미오버 셔츠','top',null,190000,'KRW',null,'small',null,to_timestamp('26/06/02 14:48:37.512000000','RR/MM/DD HH24:MI:SSXFF'));
Insert into FITLOG.POST_ITEMS (ID,POST_ID,BRAND_NAME,ITEM_NAME,CATEGORY,PURCHASE_URL,PRICE,CURRENCY,SIZE_PURCHASED,FIT_REVIEW,RATING,CREATED_AT) values (161,57,'메종마르지엘라','선글라스','acc',null,230000,'KRW',null,'large',null,to_timestamp('26/06/02 14:48:37.513000000','RR/MM/DD HH24:MI:SSXFF'));
Insert into FITLOG.POST_ITEMS (ID,POST_ID,BRAND_NAME,ITEM_NAME,CATEGORY,PURCHASE_URL,PRICE,CURRENCY,SIZE_PURCHASED,FIT_REVIEW,RATING,CREATED_AT) values (162,57,'마르디메크르디','샌들','shoes',null,70000,'KRW',null,'large',null,to_timestamp('26/06/02 14:48:37.513000000','RR/MM/DD HH24:MI:SSXFF'));
Insert into FITLOG.POST_ITEMS (ID,POST_ID,BRAND_NAME,ITEM_NAME,CATEGORY,PURCHASE_URL,PRICE,CURRENCY,SIZE_PURCHASED,FIT_REVIEW,RATING,CREATED_AT) values (163,57,'온러닝','울 스카프','acc',null,290000,'KRW',null,'large',null,to_timestamp('26/06/02 14:48:37.514000000','RR/MM/DD HH24:MI:SSXFF'));
Insert into FITLOG.POST_ITEMS (ID,POST_ID,BRAND_NAME,ITEM_NAME,CATEGORY,PURCHASE_URL,PRICE,CURRENCY,SIZE_PURCHASED,FIT_REVIEW,RATING,CREATED_AT) values (164,58,'파타고니아','캔버스 토트백','bag',null,30000,'KRW',null,'true',null,to_timestamp('26/06/02 14:48:37.514000000','RR/MM/DD HH24:MI:SSXFF'));
Insert into FITLOG.POST_ITEMS (ID,POST_ID,BRAND_NAME,ITEM_NAME,CATEGORY,PURCHASE_URL,PRICE,CURRENCY,SIZE_PURCHASED,FIT_REVIEW,RATING,CREATED_AT) values (165,58,'리복','링 체인 목걸이','acc',null,130000,'KRW',null,'large',null,to_timestamp('26/06/02 14:48:37.514000000','RR/MM/DD HH24:MI:SSXFF'));
Insert into FITLOG.POST_ITEMS (ID,POST_ID,BRAND_NAME,ITEM_NAME,CATEGORY,PURCHASE_URL,PRICE,CURRENCY,SIZE_PURCHASED,FIT_REVIEW,RATING,CREATED_AT) values (166,59,'컨버스','후리스 집업','outer',null,150000,'KRW',null,'true',null,to_timestamp('26/06/02 14:48:37.515000000','RR/MM/DD HH24:MI:SSXFF'));
Insert into FITLOG.POST_ITEMS (ID,POST_ID,BRAND_NAME,ITEM_NAME,CATEGORY,PURCHASE_URL,PRICE,CURRENCY,SIZE_PURCHASED,FIT_REVIEW,RATING,CREATED_AT) values (167,59,'마르디메크르디','버킷백','bag',null,260000,'KRW',null,'large',null,to_timestamp('26/06/02 14:48:37.515000000','RR/MM/DD HH24:MI:SSXFF'));
Insert into FITLOG.POST_ITEMS (ID,POST_ID,BRAND_NAME,ITEM_NAME,CATEGORY,PURCHASE_URL,PRICE,CURRENCY,SIZE_PURCHASED,FIT_REVIEW,RATING,CREATED_AT) values (168,60,'아크아크','세미오버 셔츠','top',null,150000,'KRW',null,'small',null,to_timestamp('26/06/02 14:48:37.515000000','RR/MM/DD HH24:MI:SSXFF'));
Insert into FITLOG.POST_ITEMS (ID,POST_ID,BRAND_NAME,ITEM_NAME,CATEGORY,PURCHASE_URL,PRICE,CURRENCY,SIZE_PURCHASED,FIT_REVIEW,RATING,CREATED_AT) values (169,60,'컨버스','샌들','shoes',null,200000,'KRW',null,'large',null,to_timestamp('26/06/02 14:48:37.515000000','RR/MM/DD HH24:MI:SSXFF'));
Insert into FITLOG.POST_ITEMS (ID,POST_ID,BRAND_NAME,ITEM_NAME,CATEGORY,PURCHASE_URL,PRICE,CURRENCY,SIZE_PURCHASED,FIT_REVIEW,RATING,CREATED_AT) values (170,60,'파타고니아','레더 벨트','acc',null,240000,'KRW',null,'true',null,to_timestamp('26/06/02 14:48:37.516000000','RR/MM/DD HH24:MI:SSXFF'));
Insert into FITLOG.POST_ITEMS (ID,POST_ID,BRAND_NAME,ITEM_NAME,CATEGORY,PURCHASE_URL,PRICE,CURRENCY,SIZE_PURCHASED,FIT_REVIEW,RATING,CREATED_AT) values (171,61,'호카','레더 라이더 재킷','outer',null,150000,'KRW',null,'small',null,to_timestamp('26/06/02 14:48:37.516000000','RR/MM/DD HH24:MI:SSXFF'));
Insert into FITLOG.POST_ITEMS (ID,POST_ID,BRAND_NAME,ITEM_NAME,CATEGORY,PURCHASE_URL,PRICE,CURRENCY,SIZE_PURCHASED,FIT_REVIEW,RATING,CREATED_AT) values (172,62,'호카','린넨 반팔','top',null,290000,'KRW',null,'large',null,to_timestamp('26/06/02 14:48:37.517000000','RR/MM/DD HH24:MI:SSXFF'));
Insert into FITLOG.POST_ITEMS (ID,POST_ID,BRAND_NAME,ITEM_NAME,CATEGORY,PURCHASE_URL,PRICE,CURRENCY,SIZE_PURCHASED,FIT_REVIEW,RATING,CREATED_AT) values (173,62,'아크아크','볼캡','acc',null,200000,'KRW',null,'small',null,to_timestamp('26/06/02 14:48:37.517000000','RR/MM/DD HH24:MI:SSXFF'));
Insert into FITLOG.POST_ITEMS (ID,POST_ID,BRAND_NAME,ITEM_NAME,CATEGORY,PURCHASE_URL,PRICE,CURRENCY,SIZE_PURCHASED,FIT_REVIEW,RATING,CREATED_AT) values (174,62,'메종마르지엘라','클러치백','bag',null,270000,'KRW',null,'small',null,to_timestamp('26/06/02 14:48:37.517000000','RR/MM/DD HH24:MI:SSXFF'));
Insert into FITLOG.POST_ITEMS (ID,POST_ID,BRAND_NAME,ITEM_NAME,CATEGORY,PURCHASE_URL,PRICE,CURRENCY,SIZE_PURCHASED,FIT_REVIEW,RATING,CREATED_AT) values (175,62,'나이키','슬림 슬랙스','bottom',null,290000,'KRW',null,'large',null,to_timestamp('26/06/02 14:48:37.518000000','RR/MM/DD HH24:MI:SSXFF'));
Insert into FITLOG.POST_ITEMS (ID,POST_ID,BRAND_NAME,ITEM_NAME,CATEGORY,PURCHASE_URL,PRICE,CURRENCY,SIZE_PURCHASED,FIT_REVIEW,RATING,CREATED_AT) values (176,63,'나이키','비니','acc',null,80000,'KRW',null,'large',null,to_timestamp('26/06/02 14:48:37.518000000','RR/MM/DD HH24:MI:SSXFF'));
Insert into FITLOG.POST_ITEMS (ID,POST_ID,BRAND_NAME,ITEM_NAME,CATEGORY,PURCHASE_URL,PRICE,CURRENCY,SIZE_PURCHASED,FIT_REVIEW,RATING,CREATED_AT) values (177,63,'노스페이스','버킷백','bag',null,230000,'KRW',null,'small',null,to_timestamp('26/06/02 14:48:37.519000000','RR/MM/DD HH24:MI:SSXFF'));
Insert into FITLOG.POST_ITEMS (ID,POST_ID,BRAND_NAME,ITEM_NAME,CATEGORY,PURCHASE_URL,PRICE,CURRENCY,SIZE_PURCHASED,FIT_REVIEW,RATING,CREATED_AT) values (178,64,'푸마','에어맥스','shoes',null,60000,'KRW',null,'small',null,to_timestamp('26/06/02 14:48:37.519000000','RR/MM/DD HH24:MI:SSXFF'));
Insert into FITLOG.POST_ITEMS (ID,POST_ID,BRAND_NAME,ITEM_NAME,CATEGORY,PURCHASE_URL,PRICE,CURRENCY,SIZE_PURCHASED,FIT_REVIEW,RATING,CREATED_AT) values (179,64,'반스','사이드 고어 부츠','shoes',null,170000,'KRW',null,'large',null,to_timestamp('26/06/02 14:48:37.519000000','RR/MM/DD HH24:MI:SSXFF'));
Insert into FITLOG.POST_ITEMS (ID,POST_ID,BRAND_NAME,ITEM_NAME,CATEGORY,PURCHASE_URL,PRICE,CURRENCY,SIZE_PURCHASED,FIT_REVIEW,RATING,CREATED_AT) values (180,64,'컨버스','롱 울코트','outer',null,170000,'KRW',null,'large',null,to_timestamp('26/06/02 14:48:37.520000000','RR/MM/DD HH24:MI:SSXFF'));
Insert into FITLOG.POST_ITEMS (ID,POST_ID,BRAND_NAME,ITEM_NAME,CATEGORY,PURCHASE_URL,PRICE,CURRENCY,SIZE_PURCHASED,FIT_REVIEW,RATING,CREATED_AT) values (181,64,'아미','카고 트라우저','bottom',null,130000,'KRW',null,'small',null,to_timestamp('26/06/02 14:48:37.520000000','RR/MM/DD HH24:MI:SSXFF'));
Insert into FITLOG.POST_ITEMS (ID,POST_ID,BRAND_NAME,ITEM_NAME,CATEGORY,PURCHASE_URL,PRICE,CURRENCY,SIZE_PURCHASED,FIT_REVIEW,RATING,CREATED_AT) values (182,65,'푸마','레더 벨트','acc',null,230000,'KRW',null,'large',null,to_timestamp('26/06/02 14:48:37.521000000','RR/MM/DD HH24:MI:SSXFF'));
Insert into FITLOG.POST_ITEMS (ID,POST_ID,BRAND_NAME,ITEM_NAME,CATEGORY,PURCHASE_URL,PRICE,CURRENCY,SIZE_PURCHASED,FIT_REVIEW,RATING,CREATED_AT) values (183,65,'노이지아','첼시 부츠','shoes',null,30000,'KRW',null,'true',null,to_timestamp('26/06/02 14:48:37.521000000','RR/MM/DD HH24:MI:SSXFF'));
Insert into FITLOG.POST_ITEMS (ID,POST_ID,BRAND_NAME,ITEM_NAME,CATEGORY,PURCHASE_URL,PRICE,CURRENCY,SIZE_PURCHASED,FIT_REVIEW,RATING,CREATED_AT) values (184,65,'호카','울 스카프','acc',null,50000,'KRW',null,'small',null,to_timestamp('26/06/02 14:48:37.521000000','RR/MM/DD HH24:MI:SSXFF'));
Insert into FITLOG.POST_ITEMS (ID,POST_ID,BRAND_NAME,ITEM_NAME,CATEGORY,PURCHASE_URL,PRICE,CURRENCY,SIZE_PURCHASED,FIT_REVIEW,RATING,CREATED_AT) values (185,66,'오프화이트','기본 로고 티','top',null,230000,'KRW',null,'large',null,to_timestamp('26/06/02 14:48:37.522000000','RR/MM/DD HH24:MI:SSXFF'));
Insert into FITLOG.POST_ITEMS (ID,POST_ID,BRAND_NAME,ITEM_NAME,CATEGORY,PURCHASE_URL,PRICE,CURRENCY,SIZE_PURCHASED,FIT_REVIEW,RATING,CREATED_AT) values (186,66,'무신사스탠다드','아노락 바람막이','outer',null,190000,'KRW',null,'small',null,to_timestamp('26/06/02 14:48:37.522000000','RR/MM/DD HH24:MI:SSXFF'));
Insert into FITLOG.POST_ITEMS (ID,POST_ID,BRAND_NAME,ITEM_NAME,CATEGORY,PURCHASE_URL,PRICE,CURRENCY,SIZE_PURCHASED,FIT_REVIEW,RATING,CREATED_AT) values (187,67,'아크아크','트롤리 캐리어','bag',null,270000,'KRW',null,'small',null,to_timestamp('26/06/02 14:48:37.523000000','RR/MM/DD HH24:MI:SSXFF'));
Insert into FITLOG.POST_ITEMS (ID,POST_ID,BRAND_NAME,ITEM_NAME,CATEGORY,PURCHASE_URL,PRICE,CURRENCY,SIZE_PURCHASED,FIT_REVIEW,RATING,CREATED_AT) values (188,68,'스투시','버킷햇','acc',null,110000,'KRW',null,'true',null,to_timestamp('26/06/02 14:48:37.523000000','RR/MM/DD HH24:MI:SSXFF'));
Insert into FITLOG.POST_ITEMS (ID,POST_ID,BRAND_NAME,ITEM_NAME,CATEGORY,PURCHASE_URL,PRICE,CURRENCY,SIZE_PURCHASED,FIT_REVIEW,RATING,CREATED_AT) values (189,69,'리복','버킷햇','acc',null,240000,'KRW',null,'small',null,to_timestamp('26/06/02 14:48:37.524000000','RR/MM/DD HH24:MI:SSXFF'));
Insert into FITLOG.POST_ITEMS (ID,POST_ID,BRAND_NAME,ITEM_NAME,CATEGORY,PURCHASE_URL,PRICE,CURRENCY,SIZE_PURCHASED,FIT_REVIEW,RATING,CREATED_AT) values (190,69,'꼼데가르송','선글라스','acc',null,170000,'KRW',null,'small',null,to_timestamp('26/06/02 14:48:37.524000000','RR/MM/DD HH24:MI:SSXFF'));
Insert into FITLOG.POST_ITEMS (ID,POST_ID,BRAND_NAME,ITEM_NAME,CATEGORY,PURCHASE_URL,PRICE,CURRENCY,SIZE_PURCHASED,FIT_REVIEW,RATING,CREATED_AT) values (191,69,'노이지아','버킷백','bag',null,80000,'KRW',null,'small',null,to_timestamp('26/06/02 14:48:37.524000000','RR/MM/DD HH24:MI:SSXFF'));
Insert into FITLOG.POST_ITEMS (ID,POST_ID,BRAND_NAME,ITEM_NAME,CATEGORY,PURCHASE_URL,PRICE,CURRENCY,SIZE_PURCHASED,FIT_REVIEW,RATING,CREATED_AT) values (192,70,'노스페이스','헨리넥 티','top',null,20000,'KRW',null,'small',null,to_timestamp('26/06/02 14:48:37.525000000','RR/MM/DD HH24:MI:SSXFF'));
Insert into FITLOG.POST_ITEMS (ID,POST_ID,BRAND_NAME,ITEM_NAME,CATEGORY,PURCHASE_URL,PRICE,CURRENCY,SIZE_PURCHASED,FIT_REVIEW,RATING,CREATED_AT) values (193,71,'메종마르지엘라','피그먼트 후드티','top',null,250000,'KRW',null,'true',null,to_timestamp('26/06/02 14:48:37.525000000','RR/MM/DD HH24:MI:SSXFF'));
Insert into FITLOG.POST_ITEMS (ID,POST_ID,BRAND_NAME,ITEM_NAME,CATEGORY,PURCHASE_URL,PRICE,CURRENCY,SIZE_PURCHASED,FIT_REVIEW,RATING,CREATED_AT) values (194,71,'리복','하이탑 스니커즈','shoes',null,70000,'KRW',null,'large',null,to_timestamp('26/06/02 14:48:37.526000000','RR/MM/DD HH24:MI:SSXFF'));
Insert into FITLOG.POST_ITEMS (ID,POST_ID,BRAND_NAME,ITEM_NAME,CATEGORY,PURCHASE_URL,PRICE,CURRENCY,SIZE_PURCHASED,FIT_REVIEW,RATING,CREATED_AT) values (195,72,'푸마','헨리넥 티','top',null,100000,'KRW',null,'small',null,to_timestamp('26/06/02 14:48:37.527000000','RR/MM/DD HH24:MI:SSXFF'));
Insert into FITLOG.POST_ITEMS (ID,POST_ID,BRAND_NAME,ITEM_NAME,CATEGORY,PURCHASE_URL,PRICE,CURRENCY,SIZE_PURCHASED,FIT_REVIEW,RATING,CREATED_AT) values (196,72,'나이키','트레이닝 조거','bottom',null,300000,'KRW',null,'large',null,to_timestamp('26/06/02 14:48:37.527000000','RR/MM/DD HH24:MI:SSXFF'));
Insert into FITLOG.POST_ITEMS (ID,POST_ID,BRAND_NAME,ITEM_NAME,CATEGORY,PURCHASE_URL,PRICE,CURRENCY,SIZE_PURCHASED,FIT_REVIEW,RATING,CREATED_AT) values (197,72,'파타고니아','캔버스 토트백','bag',null,180000,'KRW',null,'small',null,to_timestamp('26/06/02 14:48:37.527000000','RR/MM/DD HH24:MI:SSXFF'));
Insert into FITLOG.POST_ITEMS (ID,POST_ID,BRAND_NAME,ITEM_NAME,CATEGORY,PURCHASE_URL,PRICE,CURRENCY,SIZE_PURCHASED,FIT_REVIEW,RATING,CREATED_AT) values (198,73,'아식스','러닝화','shoes',null,140000,'KRW',null,'small',null,to_timestamp('26/06/02 14:48:37.528000000','RR/MM/DD HH24:MI:SSXFF'));
Insert into FITLOG.POST_ITEMS (ID,POST_ID,BRAND_NAME,ITEM_NAME,CATEGORY,PURCHASE_URL,PRICE,CURRENCY,SIZE_PURCHASED,FIT_REVIEW,RATING,CREATED_AT) values (199,73,'오프화이트','헨리넥 티','top',null,260000,'KRW',null,'small',null,to_timestamp('26/06/02 14:48:37.528000000','RR/MM/DD HH24:MI:SSXFF'));
Insert into FITLOG.POST_ITEMS (ID,POST_ID,BRAND_NAME,ITEM_NAME,CATEGORY,PURCHASE_URL,PRICE,CURRENCY,SIZE_PURCHASED,FIT_REVIEW,RATING,CREATED_AT) values (200,73,'메종마르지엘라','웨이스트 파우치','bag',null,190000,'KRW',null,'true',null,to_timestamp('26/06/02 14:48:37.528000000','RR/MM/DD HH24:MI:SSXFF'));
Insert into FITLOG.POST_ITEMS (ID,POST_ID,BRAND_NAME,ITEM_NAME,CATEGORY,PURCHASE_URL,PRICE,CURRENCY,SIZE_PURCHASED,FIT_REVIEW,RATING,CREATED_AT) values (201,73,'컨버스','트렌치코트','outer',null,210000,'KRW',null,'true',null,to_timestamp('26/06/02 14:48:37.528000000','RR/MM/DD HH24:MI:SSXFF'));
Insert into FITLOG.POST_ITEMS (ID,POST_ID,BRAND_NAME,ITEM_NAME,CATEGORY,PURCHASE_URL,PRICE,CURRENCY,SIZE_PURCHASED,FIT_REVIEW,RATING,CREATED_AT) values (202,74,'아크테릭스','아노락 바람막이','outer',null,40000,'KRW',null,'large',null,to_timestamp('26/06/02 14:48:37.530000000','RR/MM/DD HH24:MI:SSXFF'));
Insert into FITLOG.POST_ITEMS (ID,POST_ID,BRAND_NAME,ITEM_NAME,CATEGORY,PURCHASE_URL,PRICE,CURRENCY,SIZE_PURCHASED,FIT_REVIEW,RATING,CREATED_AT) values (203,74,'무신사스탠다드','러닝화','shoes',null,20000,'KRW',null,'small',null,to_timestamp('26/06/02 14:48:37.530000000','RR/MM/DD HH24:MI:SSXFF'));
Insert into FITLOG.POST_ITEMS (ID,POST_ID,BRAND_NAME,ITEM_NAME,CATEGORY,PURCHASE_URL,PRICE,CURRENCY,SIZE_PURCHASED,FIT_REVIEW,RATING,CREATED_AT) values (204,74,'뉴발란스','피그먼트 후드티','top',null,160000,'KRW',null,'small',null,to_timestamp('26/06/02 14:48:37.530000000','RR/MM/DD HH24:MI:SSXFF'));
Insert into FITLOG.POST_ITEMS (ID,POST_ID,BRAND_NAME,ITEM_NAME,CATEGORY,PURCHASE_URL,PRICE,CURRENCY,SIZE_PURCHASED,FIT_REVIEW,RATING,CREATED_AT) values (205,75,'컨버스','첼시 부츠','shoes',null,250000,'KRW',null,'large',null,to_timestamp('26/06/02 14:48:37.530000000','RR/MM/DD HH24:MI:SSXFF'));
Insert into FITLOG.POST_ITEMS (ID,POST_ID,BRAND_NAME,ITEM_NAME,CATEGORY,PURCHASE_URL,PRICE,CURRENCY,SIZE_PURCHASED,FIT_REVIEW,RATING,CREATED_AT) values (206,76,'스투시','오버핏 반팔 티셔츠','top',null,230000,'KRW',null,'true',null,to_timestamp('26/06/02 14:48:37.531000000','RR/MM/DD HH24:MI:SSXFF'));
Insert into FITLOG.POST_ITEMS (ID,POST_ID,BRAND_NAME,ITEM_NAME,CATEGORY,PURCHASE_URL,PRICE,CURRENCY,SIZE_PURCHASED,FIT_REVIEW,RATING,CREATED_AT) values (207,76,'아디다스','러닝화','shoes',null,70000,'KRW',null,'true',null,to_timestamp('26/06/02 14:48:37.531000000','RR/MM/DD HH24:MI:SSXFF'));
Insert into FITLOG.POST_ITEMS (ID,POST_ID,BRAND_NAME,ITEM_NAME,CATEGORY,PURCHASE_URL,PRICE,CURRENCY,SIZE_PURCHASED,FIT_REVIEW,RATING,CREATED_AT) values (208,77,'온러닝','카고 트라우저','bottom',null,280000,'KRW',null,'small',null,to_timestamp('26/06/02 14:48:37.531000000','RR/MM/DD HH24:MI:SSXFF'));
Insert into FITLOG.POST_ITEMS (ID,POST_ID,BRAND_NAME,ITEM_NAME,CATEGORY,PURCHASE_URL,PRICE,CURRENCY,SIZE_PURCHASED,FIT_REVIEW,RATING,CREATED_AT) values (209,78,'드파운드','터틀넥 스웨터','top',null,260000,'KRW',null,'small',null,to_timestamp('26/06/02 14:48:37.532000000','RR/MM/DD HH24:MI:SSXFF'));
Insert into FITLOG.POST_ITEMS (ID,POST_ID,BRAND_NAME,ITEM_NAME,CATEGORY,PURCHASE_URL,PRICE,CURRENCY,SIZE_PURCHASED,FIT_REVIEW,RATING,CREATED_AT) values (210,79,'꼼데가르송','첼시 부츠','shoes',null,250000,'KRW',null,'large',null,to_timestamp('26/06/02 14:48:37.532000000','RR/MM/DD HH24:MI:SSXFF'));
REM INSERTING into FITLOG.POST_TAGS
SET DEFINE OFF;
Insert into FITLOG.POST_TAGS (ID,POST_ID,USER_ID,CREATED_AT) values (1,122,1,to_timestamp('26/06/15 11:19:31.298000000','RR/MM/DD HH24:MI:SSXFF'));
Insert into FITLOG.POST_TAGS (ID,POST_ID,USER_ID,CREATED_AT) values (3,124,1,to_timestamp('26/06/15 14:49:35.001000000','RR/MM/DD HH24:MI:SSXFF'));
Insert into FITLOG.POST_TAGS (ID,POST_ID,USER_ID,CREATED_AT) values (2,123,1,to_timestamp('26/06/15 11:50:28.965000000','RR/MM/DD HH24:MI:SSXFF'));
REM INSERTING into FITLOG.STORIES
SET DEFINE OFF;
Insert into FITLOG.STORIES (ID,USER_ID,IMAGE_URL,CREATED_AT,EXPIRES_AT) values (10,13,'/uploads/3f943eab-73f9-4642-9d75-9ade3095dc2f.png',to_timestamp('26/06/04 11:53:48.085000000','RR/MM/DD HH24:MI:SSXFF'),to_timestamp('26/06/05 11:53:48.085000000','RR/MM/DD HH24:MI:SSXFF'));
Insert into FITLOG.STORIES (ID,USER_ID,IMAGE_URL,CREATED_AT,EXPIRES_AT) values (21,11,'/uploads/72f028ff-302f-4297-8274-65dc5b0786b3.png',to_timestamp('26/06/15 09:41:21.665000000','RR/MM/DD HH24:MI:SSXFF'),to_timestamp('26/06/16 09:41:21.665000000','RR/MM/DD HH24:MI:SSXFF'));
Insert into FITLOG.STORIES (ID,USER_ID,IMAGE_URL,CREATED_AT,EXPIRES_AT) values (22,12,'/uploads/af624090-0d66-4357-b146-12ad92db41f2.png',to_timestamp('26/06/15 09:41:38.298000000','RR/MM/DD HH24:MI:SSXFF'),to_timestamp('26/06/16 09:41:38.298000000','RR/MM/DD HH24:MI:SSXFF'));
Insert into FITLOG.STORIES (ID,USER_ID,IMAGE_URL,CREATED_AT,EXPIRES_AT) values (23,15,'/uploads/fa733373-a039-41bb-9c75-8a9a06900062.png',to_timestamp('26/06/15 09:41:47.041000000','RR/MM/DD HH24:MI:SSXFF'),to_timestamp('26/06/16 09:41:47.041000000','RR/MM/DD HH24:MI:SSXFF'));
Insert into FITLOG.STORIES (ID,USER_ID,IMAGE_URL,CREATED_AT,EXPIRES_AT) values (25,13,'/uploads/0f5e5fff-31c9-4c19-9c3d-a0fca6381d90.png',to_timestamp('26/06/15 09:42:12.147000000','RR/MM/DD HH24:MI:SSXFF'),to_timestamp('26/06/16 09:42:12.147000000','RR/MM/DD HH24:MI:SSXFF'));
Insert into FITLOG.STORIES (ID,USER_ID,IMAGE_URL,CREATED_AT,EXPIRES_AT) values (27,14,'/uploads/b7748a53-05ff-4611-b15e-bb116993c27f.png',to_timestamp('26/06/15 09:59:44.819000000','RR/MM/DD HH24:MI:SSXFF'),to_timestamp('26/06/16 09:59:44.819000000','RR/MM/DD HH24:MI:SSXFF'));
Insert into FITLOG.STORIES (ID,USER_ID,IMAGE_URL,CREATED_AT,EXPIRES_AT) values (28,45,'/uploads/56ee7845-4522-4116-9710-ad750b18c74e.png',to_timestamp('26/06/15 10:00:10.707000000','RR/MM/DD HH24:MI:SSXFF'),to_timestamp('26/06/16 10:00:10.707000000','RR/MM/DD HH24:MI:SSXFF'));
Insert into FITLOG.STORIES (ID,USER_ID,IMAGE_URL,CREATED_AT,EXPIRES_AT) values (7,1,'/uploads/80415425-e74d-4f8a-84d6-9eaef6b2239f.png',to_timestamp('26/06/02 16:02:21.469000000','RR/MM/DD HH24:MI:SSXFF'),to_timestamp('26/06/03 16:02:21.469000000','RR/MM/DD HH24:MI:SSXFF'));
Insert into FITLOG.STORIES (ID,USER_ID,IMAGE_URL,CREATED_AT,EXPIRES_AT) values (1,11,'/uploads/4ad9506c-421e-430d-8838-5c1cac228ef0.png',to_timestamp('26/05/29 16:56:06.717000000','RR/MM/DD HH24:MI:SSXFF'),to_timestamp('26/05/30 16:56:06.717000000','RR/MM/DD HH24:MI:SSXFF'));
Insert into FITLOG.STORIES (ID,USER_ID,IMAGE_URL,CREATED_AT,EXPIRES_AT) values (2,1,'/uploads/5abdebce-0564-4fc6-8614-a01ad5cdd71f.png',to_timestamp('26/05/29 16:56:50.662000000','RR/MM/DD HH24:MI:SSXFF'),to_timestamp('26/05/30 16:56:50.662000000','RR/MM/DD HH24:MI:SSXFF'));
Insert into FITLOG.STORIES (ID,USER_ID,IMAGE_URL,CREATED_AT,EXPIRES_AT) values (4,6,'/uploads/db0ce1e8-dbe8-4051-ab5b-ef4a07e90b43.png',to_timestamp('26/05/29 17:00:11.666000000','RR/MM/DD HH24:MI:SSXFF'),to_timestamp('26/05/30 17:00:11.666000000','RR/MM/DD HH24:MI:SSXFF'));
Insert into FITLOG.STORIES (ID,USER_ID,IMAGE_URL,CREATED_AT,EXPIRES_AT) values (8,11,'/uploads/3465f1a1-698c-4136-9ac6-b3b8b2725841.png',to_timestamp('26/06/02 16:43:37.136000000','RR/MM/DD HH24:MI:SSXFF'),to_timestamp('26/06/03 16:43:37.136000000','RR/MM/DD HH24:MI:SSXFF'));
Insert into FITLOG.STORIES (ID,USER_ID,IMAGE_URL,CREATED_AT,EXPIRES_AT) values (3,12,'/uploads/aefa66ae-be6a-4847-b784-d6156851ba92.png',to_timestamp('26/05/29 16:57:05.325000000','RR/MM/DD HH24:MI:SSXFF'),to_timestamp('26/05/30 16:57:05.325000000','RR/MM/DD HH24:MI:SSXFF'));
Insert into FITLOG.STORIES (ID,USER_ID,IMAGE_URL,CREATED_AT,EXPIRES_AT) values (5,14,'/uploads/d541c1f0-048e-4887-b912-3b0c8229ec44.png',to_timestamp('26/06/01 15:21:31.608000000','RR/MM/DD HH24:MI:SSXFF'),to_timestamp('26/06/02 15:21:31.608000000','RR/MM/DD HH24:MI:SSXFF'));
Insert into FITLOG.STORIES (ID,USER_ID,IMAGE_URL,CREATED_AT,EXPIRES_AT) values (6,17,'/uploads/54c90fe9-322e-4389-9a69-adfb2feee36b.png',to_timestamp('26/06/02 12:38:10.718000000','RR/MM/DD HH24:MI:SSXFF'),to_timestamp('26/06/03 12:38:10.718000000','RR/MM/DD HH24:MI:SSXFF'));
Insert into FITLOG.STORIES (ID,USER_ID,IMAGE_URL,CREATED_AT,EXPIRES_AT) values (9,17,'/uploads/4234ba58-ea30-48f7-ba8d-0bc9c288e10d.png',to_timestamp('26/06/04 11:53:26.557000000','RR/MM/DD HH24:MI:SSXFF'),to_timestamp('26/06/05 11:53:26.557000000','RR/MM/DD HH24:MI:SSXFF'));
Insert into FITLOG.STORIES (ID,USER_ID,IMAGE_URL,CREATED_AT,EXPIRES_AT) values (24,18,'/uploads/96833b38-d24a-4d8c-b4c7-b2ae7080e34d.png',to_timestamp('26/06/15 09:41:56.552000000','RR/MM/DD HH24:MI:SSXFF'),to_timestamp('26/06/16 09:41:56.552000000','RR/MM/DD HH24:MI:SSXFF'));
Insert into FITLOG.STORIES (ID,USER_ID,IMAGE_URL,CREATED_AT,EXPIRES_AT) values (26,1,'/uploads/7cac767b-8146-430a-bf3e-aa51cd43530e.png',to_timestamp('26/06/15 09:48:03.930000000','RR/MM/DD HH24:MI:SSXFF'),to_timestamp('26/06/16 09:48:03.930000000','RR/MM/DD HH24:MI:SSXFF'));
REM INSERTING into FITLOG.STORY_TAGS
SET DEFINE OFF;
Insert into FITLOG.STORY_TAGS (ID,STORY_ID,USER_ID,CREATED_AT) values (1,8,1,to_timestamp('26/06/02 16:43:37.166000000','RR/MM/DD HH24:MI:SSXFF'));
REM INSERTING into FITLOG.STORY_VIEWS
SET DEFINE OFF;
Insert into FITLOG.STORY_VIEWS (ID,STORY_ID,USER_ID,CREATED_AT) values (10,7,11,to_timestamp('26/06/02 16:19:41.053000000','RR/MM/DD HH24:MI:SSXFF'));
Insert into FITLOG.STORY_VIEWS (ID,STORY_ID,USER_ID,CREATED_AT) values (11,9,13,to_timestamp('26/06/04 11:53:54.490000000','RR/MM/DD HH24:MI:SSXFF'));
Insert into FITLOG.STORY_VIEWS (ID,STORY_ID,USER_ID,CREATED_AT) values (21,28,11,to_timestamp('26/06/15 10:00:56.614000000','RR/MM/DD HH24:MI:SSXFF'));
Insert into FITLOG.STORY_VIEWS (ID,STORY_ID,USER_ID,CREATED_AT) values (22,27,11,to_timestamp('26/06/15 10:01:01.742000000','RR/MM/DD HH24:MI:SSXFF'));
Insert into FITLOG.STORY_VIEWS (ID,STORY_ID,USER_ID,CREATED_AT) values (24,25,11,to_timestamp('26/06/15 14:48:26.010000000','RR/MM/DD HH24:MI:SSXFF'));
Insert into FITLOG.STORY_VIEWS (ID,STORY_ID,USER_ID,CREATED_AT) values (25,22,11,to_timestamp('26/06/15 14:48:29.072000000','RR/MM/DD HH24:MI:SSXFF'));
Insert into FITLOG.STORY_VIEWS (ID,STORY_ID,USER_ID,CREATED_AT) values (1,2,11,to_timestamp('26/05/29 16:57:16.647000000','RR/MM/DD HH24:MI:SSXFF'));
Insert into FITLOG.STORY_VIEWS (ID,STORY_ID,USER_ID,CREATED_AT) values (5,5,11,to_timestamp('26/06/01 15:37:46.669000000','RR/MM/DD HH24:MI:SSXFF'));
Insert into FITLOG.STORY_VIEWS (ID,STORY_ID,USER_ID,CREATED_AT) values (23,26,11,to_timestamp('26/06/15 11:49:20.350000000','RR/MM/DD HH24:MI:SSXFF'));
Insert into FITLOG.STORY_VIEWS (ID,STORY_ID,USER_ID,CREATED_AT) values (4,3,11,to_timestamp('26/05/29 17:43:20.460000000','RR/MM/DD HH24:MI:SSXFF'));
Insert into FITLOG.STORY_VIEWS (ID,STORY_ID,USER_ID,CREATED_AT) values (6,5,1,to_timestamp('26/06/01 15:44:40.638000000','RR/MM/DD HH24:MI:SSXFF'));
Insert into FITLOG.STORY_VIEWS (ID,STORY_ID,USER_ID,CREATED_AT) values (2,1,6,to_timestamp('26/05/29 17:00:01.965000000','RR/MM/DD HH24:MI:SSXFF'));
Insert into FITLOG.STORY_VIEWS (ID,STORY_ID,USER_ID,CREATED_AT) values (8,6,11,to_timestamp('26/06/02 14:32:56.005000000','RR/MM/DD HH24:MI:SSXFF'));
Insert into FITLOG.STORY_VIEWS (ID,STORY_ID,USER_ID,CREATED_AT) values (9,6,13,to_timestamp('26/06/02 15:02:52.713000000','RR/MM/DD HH24:MI:SSXFF'));
Insert into FITLOG.STORY_VIEWS (ID,STORY_ID,USER_ID,CREATED_AT) values (3,4,11,to_timestamp('26/05/29 17:13:56.033000000','RR/MM/DD HH24:MI:SSXFF'));
Insert into FITLOG.STORY_VIEWS (ID,STORY_ID,USER_ID,CREATED_AT) values (7,5,17,to_timestamp('26/06/02 12:38:12.683000000','RR/MM/DD HH24:MI:SSXFF'));
REM INSERTING into FITLOG.STYLES
SET DEFINE OFF;
Insert into FITLOG.STYLES (ID,VALUE,LABEL,ICON,DESCRIPTION,SORT_ORDER,IS_ACTIVE,COLOR) values (1,'techwear','테크웨어','⚙️','고기능성 · 미래적',1,1,'#4FC3F7');
Insert into FITLOG.STYLES (ID,VALUE,LABEL,ICON,DESCRIPTION,SORT_ORDER,IS_ACTIVE,COLOR) values (2,'amekaji','아메카지','🎌','미국감성 · 빈티지',2,1,'#FFB74D');
Insert into FITLOG.STYLES (ID,VALUE,LABEL,ICON,DESCRIPTION,SORT_ORDER,IS_ACTIVE,COLOR) values (3,'casual','캐주얼','☁️','편안함 · 데일리',3,1,'#81C784');
Insert into FITLOG.STYLES (ID,VALUE,LABEL,ICON,DESCRIPTION,SORT_ORDER,IS_ACTIVE,COLOR) values (4,'street','스트릿','🏙️','힙합 · 어반',4,1,'#F06292');
Insert into FITLOG.STYLES (ID,VALUE,LABEL,ICON,DESCRIPTION,SORT_ORDER,IS_ACTIVE,COLOR) values (5,'workwear','워크웨어','🔧','카고 · 유틸리티',5,1,'#CE93D8');
Insert into FITLOG.STYLES (ID,VALUE,LABEL,ICON,DESCRIPTION,SORT_ORDER,IS_ACTIVE,COLOR) values (6,'oldmoney','올드머니','🎩','클래식 · 럭셔리',6,1,'#E8C96D');
Insert into FITLOG.STYLES (ID,VALUE,LABEL,ICON,DESCRIPTION,SORT_ORDER,IS_ACTIVE,COLOR) values (7,'gorpcore','고프코어','🏔️','아웃도어 · 내추럴',7,1,'#A5D6A7');
Insert into FITLOG.STYLES (ID,VALUE,LABEL,ICON,DESCRIPTION,SORT_ORDER,IS_ACTIVE,COLOR) values (8,'blokecore','블록코어','⚽','스포츠 유니폼 · 힙',8,1,'#EF9A9A');
Insert into FITLOG.STYLES (ID,VALUE,LABEL,ICON,DESCRIPTION,SORT_ORDER,IS_ACTIVE,COLOR) values (9,'cityboy','시티보이','🛹','오버사이즈 · 도시적',9,1,'#90CAF9');
Insert into FITLOG.STYLES (ID,VALUE,LABEL,ICON,DESCRIPTION,SORT_ORDER,IS_ACTIVE,COLOR) values (10,'preppy','프레피','📚','아이비리그 · 단정',10,1,'#F48FB1');
Insert into FITLOG.STYLES (ID,VALUE,LABEL,ICON,DESCRIPTION,SORT_ORDER,IS_ACTIVE,COLOR) values (11,'rockchic','락시크','🎸','가죽 · 메탈 · 반항',11,1,'#B39DDB');
Insert into FITLOG.STYLES (ID,VALUE,LABEL,ICON,DESCRIPTION,SORT_ORDER,IS_ACTIVE,COLOR) values (12,'minimal','미니멀','◻️','심플 · 모던',12,1,'#CFD8DC');
REM INSERTING into FITLOG.USERS
SET DEFINE OFF;
Insert into FITLOG.USERS (ID,USERNAME,EMAIL,PASSWORD_HASH,PROFILE_IMAGE,HEIGHT,WEIGHT,PREFERRED_STYLE,STYLE_1,STYLE_2,IS_ONLINE,LAST_SEEN_AT,REFRESH_TOKEN,SOCIAL_PROVIDER,SOCIAL_ID,CREATED_AT,UPDATED_AT,IS_ACTIVE,STYLE_ARCHETYPE,STYLE_ARCHETYPE_DESC,TOTAL_WINS) values (6,'무신사형','5@naver.com','$2b$10$FCciWRw2eMXX74rpyTWMTeD00nTX2agtR6.JnZSlBx7eS6vKIpv3q','/uploads/6c0f3cae-c906-43e1-b3be-063cd899f2e4.png',170,70,'minimal','cityboy','blokecore',0,to_timestamp('26/05/29 17:00:20.581000000','RR/MM/DD HH24:MI:SSXFF'),null,null,null,to_timestamp('26/05/29 16:01:42.377000000','RR/MM/DD HH24:MI:SSXFF'),to_timestamp('26/06/04 17:26:21.811000000','RR/MM/DD HH24:MI:SSXFF'),1,null,null,3);
Insert into FITLOG.USERS (ID,USERNAME,EMAIL,PASSWORD_HASH,PROFILE_IMAGE,HEIGHT,WEIGHT,PREFERRED_STYLE,STYLE_1,STYLE_2,IS_ONLINE,LAST_SEEN_AT,REFRESH_TOKEN,SOCIAL_PROVIDER,SOCIAL_ID,CREATED_AT,UPDATED_AT,IS_ACTIVE,STYLE_ARCHETYPE,STYLE_ARCHETYPE_DESC,TOTAL_WINS) values (7,'코디언니','6@naver.com','$2b$10$FCciWRw2eMXX74rpyTWMTeD00nTX2agtR6.JnZSlBx7eS6vKIpv3q','/uploads/ed312ae8-7db0-4989-9095-449150bbf81b.png',150,36,'cityboy','minimal','street',0,to_timestamp('26/05/29 16:33:25.184000000','RR/MM/DD HH24:MI:SSXFF'),null,null,null,to_timestamp('26/05/29 16:01:42.381000000','RR/MM/DD HH24:MI:SSXFF'),to_timestamp('26/06/15 11:18:19.469000000','RR/MM/DD HH24:MI:SSXFF'),1,null,null,6);
Insert into FITLOG.USERS (ID,USERNAME,EMAIL,PASSWORD_HASH,PROFILE_IMAGE,HEIGHT,WEIGHT,PREFERRED_STYLE,STYLE_1,STYLE_2,IS_ONLINE,LAST_SEEN_AT,REFRESH_TOKEN,SOCIAL_PROVIDER,SOCIAL_ID,CREATED_AT,UPDATED_AT,IS_ACTIVE,STYLE_ARCHETYPE,STYLE_ARCHETYPE_DESC,TOTAL_WINS) values (8,'꾸미는 언니야','7@naver.com','$2b$10$FCciWRw2eMXX74rpyTWMTeD00nTX2agtR6.JnZSlBx7eS6vKIpv3q','/uploads/a5aefedb-44d8-48f5-9b01-84b0408c5c0a.png',160,42,'casual','preppy','minimal',0,to_timestamp('26/06/04 09:53:21.896000000','RR/MM/DD HH24:MI:SSXFF'),null,null,null,to_timestamp('26/05/29 16:01:42.384000000','RR/MM/DD HH24:MI:SSXFF'),to_timestamp('26/06/15 11:49:56.075000000','RR/MM/DD HH24:MI:SSXFF'),1,'GORPCORE EXPLORER','자신만의 gorpcore 감성을 바탕으로 패션의 지평을 넓혀가는 탐험가',12);
Insert into FITLOG.USERS (ID,USERNAME,EMAIL,PASSWORD_HASH,PROFILE_IMAGE,HEIGHT,WEIGHT,PREFERRED_STYLE,STYLE_1,STYLE_2,IS_ONLINE,LAST_SEEN_AT,REFRESH_TOKEN,SOCIAL_PROVIDER,SOCIAL_ID,CREATED_AT,UPDATED_AT,IS_ACTIVE,STYLE_ARCHETYPE,STYLE_ARCHETYPE_DESC,TOTAL_WINS) values (9,'빈티지걸','8@naver.com','$2b$10$FCciWRw2eMXX74rpyTWMTeD00nTX2agtR6.JnZSlBx7eS6vKIpv3q','/uploads/146d051e-902d-43d2-bafb-2246cfa22ec2.png',null,null,'street','preppy','rockchic',0,to_timestamp('26/05/29 16:49:14.241000000','RR/MM/DD HH24:MI:SSXFF'),null,null,null,to_timestamp('26/05/29 16:01:42.389000000','RR/MM/DD HH24:MI:SSXFF'),to_timestamp('26/06/15 11:49:56.691000000','RR/MM/DD HH24:MI:SSXFF'),1,null,null,10);
Insert into FITLOG.USERS (ID,USERNAME,EMAIL,PASSWORD_HASH,PROFILE_IMAGE,HEIGHT,WEIGHT,PREFERRED_STYLE,STYLE_1,STYLE_2,IS_ONLINE,LAST_SEEN_AT,REFRESH_TOKEN,SOCIAL_PROVIDER,SOCIAL_ID,CREATED_AT,UPDATED_AT,IS_ACTIVE,STYLE_ARCHETYPE,STYLE_ARCHETYPE_DESC,TOTAL_WINS) values (10,'후즐근이좋아','9@naver.com','$2b$10$FCciWRw2eMXX74rpyTWMTeD00nTX2agtR6.JnZSlBx7eS6vKIpv3q','/uploads/c5c8ca6b-1fa3-41e8-9979-520b2df2debe.png',154,40,'cityboy','minimal','rockchic',0,to_timestamp('26/06/01 15:00:52.974000000','RR/MM/DD HH24:MI:SSXFF'),null,null,null,to_timestamp('26/05/29 16:01:42.392000000','RR/MM/DD HH24:MI:SSXFF'),to_timestamp('26/06/15 12:05:15.400000000','RR/MM/DD HH24:MI:SSXFF'),1,'STYLISH LOGER','FITLOG와 함께 자신만의 패션 기록을 탐구하고 아카이브를 만들어가는 감각적인 기록자',9);
Insert into FITLOG.USERS (ID,USERNAME,EMAIL,PASSWORD_HASH,PROFILE_IMAGE,HEIGHT,WEIGHT,PREFERRED_STYLE,STYLE_1,STYLE_2,IS_ONLINE,LAST_SEEN_AT,REFRESH_TOKEN,SOCIAL_PROVIDER,SOCIAL_ID,CREATED_AT,UPDATED_AT,IS_ACTIVE,STYLE_ARCHETYPE,STYLE_ARCHETYPE_DESC,TOTAL_WINS) values (11,'스트릿퀸','10@naver.com','$2b$10$FCciWRw2eMXX74rpyTWMTeD00nTX2agtR6.JnZSlBx7eS6vKIpv3q','/uploads/f284e0fd-a730-41ec-a9cf-c937a8f63cab.png',156,64,'street','blokecore','gorpcore',0,to_timestamp('26/06/15 14:53:31.018000000','RR/MM/DD HH24:MI:SSXFF'),'eyJhbGciOiJIUzI1NiIsInR5cCI6IkpXVCJ9.eyJpZCI6MTEsImlhdCI6MTc4MTUwMjQ5MiwiZXhwIjoxNzgyMTA3MjkyfQ.mXJedIJi5mJPMFH_33JCPCcZotmZgpyAO1-EKnUEKQw',null,null,to_timestamp('26/05/29 16:01:42.396000000','RR/MM/DD HH24:MI:SSXFF'),to_timestamp('26/06/15 14:53:31.019000000','RR/MM/DD HH24:MI:SSXFF'),1,'STREET EXPLORER','자신만의 street 감성을 바탕으로 패션의 지평을 넓혀가는 탐험가',6);
Insert into FITLOG.USERS (ID,USERNAME,EMAIL,PASSWORD_HASH,PROFILE_IMAGE,HEIGHT,WEIGHT,PREFERRED_STYLE,STYLE_1,STYLE_2,IS_ONLINE,LAST_SEEN_AT,REFRESH_TOKEN,SOCIAL_PROVIDER,SOCIAL_ID,CREATED_AT,UPDATED_AT,IS_ACTIVE,STYLE_ARCHETYPE,STYLE_ARCHETYPE_DESC,TOTAL_WINS) values (12,'고프코어러','11@naver.com','$2b$10$FCciWRw2eMXX74rpyTWMTeD00nTX2agtR6.JnZSlBx7eS6vKIpv3q','/uploads/2961257a-7440-4ebd-ab64-5c4f55ed0e61.png',180,80,'gorpcore','casual','cityboy',0,to_timestamp('26/06/15 09:42:17.691000000','RR/MM/DD HH24:MI:SSXFF'),null,null,null,to_timestamp('26/05/29 16:01:42.399000000','RR/MM/DD HH24:MI:SSXFF'),to_timestamp('26/06/15 09:42:17.692000000','RR/MM/DD HH24:MI:SSXFF'),1,null,null,18);
Insert into FITLOG.USERS (ID,USERNAME,EMAIL,PASSWORD_HASH,PROFILE_IMAGE,HEIGHT,WEIGHT,PREFERRED_STYLE,STYLE_1,STYLE_2,IS_ONLINE,LAST_SEEN_AT,REFRESH_TOKEN,SOCIAL_PROVIDER,SOCIAL_ID,CREATED_AT,UPDATED_AT,IS_ACTIVE,STYLE_ARCHETYPE,STYLE_ARCHETYPE_DESC,TOTAL_WINS) values (13,'스트릿걸','12@naver.com','$2b$10$FCciWRw2eMXX74rpyTWMTeD00nTX2agtR6.JnZSlBx7eS6vKIpv3q','/uploads/a834cb72-552b-45ae-88af-3a13aaa27f7f.png',164,42,'street','workwear','blokecore',0,to_timestamp('26/06/15 09:47:53.368000000','RR/MM/DD HH24:MI:SSXFF'),null,null,null,to_timestamp('26/05/29 16:01:42.402000000','RR/MM/DD HH24:MI:SSXFF'),to_timestamp('26/06/15 09:47:53.369000000','RR/MM/DD HH24:MI:SSXFF'),1,'STYLISH LOGER','FITLOG와 함께 자신만의 패션 기록을 탐구하고 아카이브를 만들어가는 감각적인 기록자',12);
Insert into FITLOG.USERS (ID,USERNAME,EMAIL,PASSWORD_HASH,PROFILE_IMAGE,HEIGHT,WEIGHT,PREFERRED_STYLE,STYLE_1,STYLE_2,IS_ONLINE,LAST_SEEN_AT,REFRESH_TOKEN,SOCIAL_PROVIDER,SOCIAL_ID,CREATED_AT,UPDATED_AT,IS_ACTIVE,STYLE_ARCHETYPE,STYLE_ARCHETYPE_DESC,TOTAL_WINS) values (14,'시티보이킴','13@naver.com','$2b$10$FCciWRw2eMXX74rpyTWMTeD00nTX2agtR6.JnZSlBx7eS6vKIpv3q','/uploads/2cd3d374-ff84-4732-88cc-a05974f197c3.png',159,42,'cityboy','oldmoney','rockchic',1,to_timestamp('26/06/15 09:59:41.494000000','RR/MM/DD HH24:MI:SSXFF'),null,null,null,to_timestamp('26/05/29 16:01:42.409000000','RR/MM/DD HH24:MI:SSXFF'),to_timestamp('26/06/15 09:59:46.056000000','RR/MM/DD HH24:MI:SSXFF'),1,null,null,6);
Insert into FITLOG.USERS (ID,USERNAME,EMAIL,PASSWORD_HASH,PROFILE_IMAGE,HEIGHT,WEIGHT,PREFERRED_STYLE,STYLE_1,STYLE_2,IS_ONLINE,LAST_SEEN_AT,REFRESH_TOKEN,SOCIAL_PROVIDER,SOCIAL_ID,CREATED_AT,UPDATED_AT,IS_ACTIVE,STYLE_ARCHETYPE,STYLE_ARCHETYPE_DESC,TOTAL_WINS) values (15,'프레피남','14@naver.com','$2b$10$FCciWRw2eMXX74rpyTWMTeD00nTX2agtR6.JnZSlBx7eS6vKIpv3q','/uploads/e7555249-7b7c-4a26-ad06-bcd30dc1c724.png',null,null,'minimal','casual','cityboy',0,to_timestamp('26/06/15 09:42:17.622000000','RR/MM/DD HH24:MI:SSXFF'),null,null,null,to_timestamp('26/05/29 16:01:42.412000000','RR/MM/DD HH24:MI:SSXFF'),to_timestamp('26/06/15 09:42:17.622000000','RR/MM/DD HH24:MI:SSXFF'),1,null,null,3);
Insert into FITLOG.USERS (ID,USERNAME,EMAIL,PASSWORD_HASH,PROFILE_IMAGE,HEIGHT,WEIGHT,PREFERRED_STYLE,STYLE_1,STYLE_2,IS_ONLINE,LAST_SEEN_AT,REFRESH_TOKEN,SOCIAL_PROVIDER,SOCIAL_ID,CREATED_AT,UPDATED_AT,IS_ACTIVE,STYLE_ARCHETYPE,STYLE_ARCHETYPE_DESC,TOTAL_WINS) values (16,'미니멀언니','15@naver.com','$2b$10$FCciWRw2eMXX74rpyTWMTeD00nTX2agtR6.JnZSlBx7eS6vKIpv3q','/uploads/3cc0d7a0-04f7-4406-976a-b84cdbdd0f97.png',150,42,'minimal','blokecore','preppy',0,to_timestamp('26/06/01 11:03:18.956000000','RR/MM/DD HH24:MI:SSXFF'),null,null,null,to_timestamp('26/05/29 16:01:42.417000000','RR/MM/DD HH24:MI:SSXFF'),to_timestamp('26/06/04 14:47:09.885000000','RR/MM/DD HH24:MI:SSXFF'),1,null,null,4);
Insert into FITLOG.USERS (ID,USERNAME,EMAIL,PASSWORD_HASH,PROFILE_IMAGE,HEIGHT,WEIGHT,PREFERRED_STYLE,STYLE_1,STYLE_2,IS_ONLINE,LAST_SEEN_AT,REFRESH_TOKEN,SOCIAL_PROVIDER,SOCIAL_ID,CREATED_AT,UPDATED_AT,IS_ACTIVE,STYLE_ARCHETYPE,STYLE_ARCHETYPE_DESC,TOTAL_WINS) values (17,'올드머니고트','16@naver.com','$2b$10$FCciWRw2eMXX74rpyTWMTeD00nTX2agtR6.JnZSlBx7eS6vKIpv3q','/uploads/7ab1c097-b637-4f69-8f31-2b782b54bbd1.png',180,74,'oldmoney','minimal','cityboy',1,to_timestamp('26/06/04 17:37:04.539000000','RR/MM/DD HH24:MI:SSXFF'),'eyJhbGciOiJIUzI1NiIsInR5cCI6IkpXVCJ9.eyJpZCI6MTcsImlhdCI6MTc4MDU1NDU5MywiZXhwIjoxNzgxMTU5MzkzfQ.9GlOu9pXOXkuV9cO-QrJPeTppeh5hB8xI2JIvICExqk',null,null,to_timestamp('26/05/29 16:01:42.422000000','RR/MM/DD HH24:MI:SSXFF'),to_timestamp('26/06/15 14:48:57.333000000','RR/MM/DD HH24:MI:SSXFF'),1,'OLDMONEY EXPLORER','자신만의 oldmoney 감성을 바탕으로 패션의 지평을 넓혀가는 탐험가',31);
Insert into FITLOG.USERS (ID,USERNAME,EMAIL,PASSWORD_HASH,PROFILE_IMAGE,HEIGHT,WEIGHT,PREFERRED_STYLE,STYLE_1,STYLE_2,IS_ONLINE,LAST_SEEN_AT,REFRESH_TOKEN,SOCIAL_PROVIDER,SOCIAL_ID,CREATED_AT,UPDATED_AT,IS_ACTIVE,STYLE_ARCHETYPE,STYLE_ARCHETYPE_DESC,TOTAL_WINS) values (18,'전데용','17@naver.com','$2b$10$FCciWRw2eMXX74rpyTWMTeD00nTX2agtR6.JnZSlBx7eS6vKIpv3q','/uploads/caeed95e-3508-45f7-978a-fbce17ee8881.png',null,null,'minimal','rockchic','preppy',0,to_timestamp('26/06/15 09:42:17.651000000','RR/MM/DD HH24:MI:SSXFF'),null,null,null,to_timestamp('26/05/29 16:01:42.427000000','RR/MM/DD HH24:MI:SSXFF'),to_timestamp('26/06/15 09:42:17.651000000','RR/MM/DD HH24:MI:SSXFF'),1,null,null,4);
Insert into FITLOG.USERS (ID,USERNAME,EMAIL,PASSWORD_HASH,PROFILE_IMAGE,HEIGHT,WEIGHT,PREFERRED_STYLE,STYLE_1,STYLE_2,IS_ONLINE,LAST_SEEN_AT,REFRESH_TOKEN,SOCIAL_PROVIDER,SOCIAL_ID,CREATED_AT,UPDATED_AT,IS_ACTIVE,STYLE_ARCHETYPE,STYLE_ARCHETYPE_DESC,TOTAL_WINS) values (19,'앗츄','18@naver.com','$2b$10$FCciWRw2eMXX74rpyTWMTeD00nTX2agtR6.JnZSlBx7eS6vKIpv3q','/uploads/4ee0f1ba-f564-4720-a3b1-3bc169dffe0f.png',null,null,'amekaji',null,null,0,null,null,null,null,to_timestamp('26/05/29 16:01:42.432000000','RR/MM/DD HH24:MI:SSXFF'),to_timestamp('26/06/04 14:47:14.865000000','RR/MM/DD HH24:MI:SSXFF'),1,null,null,3);
Insert into FITLOG.USERS (ID,USERNAME,EMAIL,PASSWORD_HASH,PROFILE_IMAGE,HEIGHT,WEIGHT,PREFERRED_STYLE,STYLE_1,STYLE_2,IS_ONLINE,LAST_SEEN_AT,REFRESH_TOKEN,SOCIAL_PROVIDER,SOCIAL_ID,CREATED_AT,UPDATED_AT,IS_ACTIVE,STYLE_ARCHETYPE,STYLE_ARCHETYPE_DESC,TOTAL_WINS) values (20,'캐주얼요정','19@naver.com','$2b$10$FCciWRw2eMXX74rpyTWMTeD00nTX2agtR6.JnZSlBx7eS6vKIpv3q','/uploads/ff6805e8-0e12-4eb5-a568-122a6c43b7da.png',176,67,'casual',null,null,0,null,null,null,null,to_timestamp('26/05/29 16:01:42.435000000','RR/MM/DD HH24:MI:SSXFF'),to_timestamp('26/06/04 17:26:19.600000000','RR/MM/DD HH24:MI:SSXFF'),1,null,null,6);
Insert into FITLOG.USERS (ID,USERNAME,EMAIL,PASSWORD_HASH,PROFILE_IMAGE,HEIGHT,WEIGHT,PREFERRED_STYLE,STYLE_1,STYLE_2,IS_ONLINE,LAST_SEEN_AT,REFRESH_TOKEN,SOCIAL_PROVIDER,SOCIAL_ID,CREATED_AT,UPDATED_AT,IS_ACTIVE,STYLE_ARCHETYPE,STYLE_ARCHETYPE_DESC,TOTAL_WINS) values (36,'데님마스터','20@naver.com','$2b$10$xx38MQTml8ZOspwxJqO5uubsYJG3ZtWMoML34Kcjp1Ch6MPm6RTaS','/uploads/956e06b5-7475-48ee-9d55-42210aff70d1.png',159,47,'amekaji',null,null,0,to_timestamp('26/06/02 17:18:50.938000000','RR/MM/DD HH24:MI:SSXFF'),null,null,null,to_timestamp('26/05/29 16:03:48.298000000','RR/MM/DD HH24:MI:SSXFF'),to_timestamp('26/06/04 17:26:23.065000000','RR/MM/DD HH24:MI:SSXFF'),1,'AMEKAJI EXPLORER','자신만의 amekaji 감성을 바탕으로 패션의 지평을 넓혀가는 탐험가',9);
Insert into FITLOG.USERS (ID,USERNAME,EMAIL,PASSWORD_HASH,PROFILE_IMAGE,HEIGHT,WEIGHT,PREFERRED_STYLE,STYLE_1,STYLE_2,IS_ONLINE,LAST_SEEN_AT,REFRESH_TOKEN,SOCIAL_PROVIDER,SOCIAL_ID,CREATED_AT,UPDATED_AT,IS_ACTIVE,STYLE_ARCHETYPE,STYLE_ARCHETYPE_DESC,TOTAL_WINS) values (37,'니트요정','21@naver.com','$2b$10$xx38MQTml8ZOspwxJqO5uubsYJG3ZtWMoML34Kcjp1Ch6MPm6RTaS','/uploads/8bed39e1-c4ed-40ac-b6da-4a62b18a4e33.png',155,48,'minimal','cityboy','blokecore',0,null,null,null,null,to_timestamp('26/05/29 16:03:48.306000000','RR/MM/DD HH24:MI:SSXFF'),to_timestamp('26/06/04 14:47:16.429000000','RR/MM/DD HH24:MI:SSXFF'),1,null,null,6);
Insert into FITLOG.USERS (ID,USERNAME,EMAIL,PASSWORD_HASH,PROFILE_IMAGE,HEIGHT,WEIGHT,PREFERRED_STYLE,STYLE_1,STYLE_2,IS_ONLINE,LAST_SEEN_AT,REFRESH_TOKEN,SOCIAL_PROVIDER,SOCIAL_ID,CREATED_AT,UPDATED_AT,IS_ACTIVE,STYLE_ARCHETYPE,STYLE_ARCHETYPE_DESC,TOTAL_WINS) values (38,'슈즈헌터','22@naver.com','$2b$10$xx38MQTml8ZOspwxJqO5uubsYJG3ZtWMoML34Kcjp1Ch6MPm6RTaS','/uploads/d5f7b254-8acc-4238-a59e-9d343b24b37f.png',176,68,'street',null,null,0,null,null,null,null,to_timestamp('26/05/29 16:03:48.311000000','RR/MM/DD HH24:MI:SSXFF'),to_timestamp('26/06/04 11:56:38.999000000','RR/MM/DD HH24:MI:SSXFF'),1,null,null,6);
Insert into FITLOG.USERS (ID,USERNAME,EMAIL,PASSWORD_HASH,PROFILE_IMAGE,HEIGHT,WEIGHT,PREFERRED_STYLE,STYLE_1,STYLE_2,IS_ONLINE,LAST_SEEN_AT,REFRESH_TOKEN,SOCIAL_PROVIDER,SOCIAL_ID,CREATED_AT,UPDATED_AT,IS_ACTIVE,STYLE_ARCHETYPE,STYLE_ARCHETYPE_DESC,TOTAL_WINS) values (39,'빈티지헌터','23@naver.com','$2b$10$xx38MQTml8ZOspwxJqO5uubsYJG3ZtWMoML34Kcjp1Ch6MPm6RTaS','/uploads/759166a6-efae-4f53-8060-3c23d2aaa31d.png',180,69,'street','amekaji',null,0,null,null,null,null,to_timestamp('26/05/29 16:03:48.318000000','RR/MM/DD HH24:MI:SSXFF'),to_timestamp('26/06/04 17:26:05.379000000','RR/MM/DD HH24:MI:SSXFF'),1,null,null,3);
Insert into FITLOG.USERS (ID,USERNAME,EMAIL,PASSWORD_HASH,PROFILE_IMAGE,HEIGHT,WEIGHT,PREFERRED_STYLE,STYLE_1,STYLE_2,IS_ONLINE,LAST_SEEN_AT,REFRESH_TOKEN,SOCIAL_PROVIDER,SOCIAL_ID,CREATED_AT,UPDATED_AT,IS_ACTIVE,STYLE_ARCHETYPE,STYLE_ARCHETYPE_DESC,TOTAL_WINS) values (40,'레이어드킹','24@naver.com','$2b$10$xx38MQTml8ZOspwxJqO5uubsYJG3ZtWMoML34Kcjp1Ch6MPm6RTaS','/uploads/92a3aad4-b0c3-4445-8e0d-f0d9d51e17ce.png',null,null,'street','casual','techwear',0,to_timestamp('26/06/01 11:31:06.203000000','RR/MM/DD HH24:MI:SSXFF'),null,null,null,to_timestamp('26/05/29 16:03:48.323000000','RR/MM/DD HH24:MI:SSXFF'),to_timestamp('26/06/04 17:26:20.570000000','RR/MM/DD HH24:MI:SSXFF'),1,null,null,2);
Insert into FITLOG.USERS (ID,USERNAME,EMAIL,PASSWORD_HASH,PROFILE_IMAGE,HEIGHT,WEIGHT,PREFERRED_STYLE,STYLE_1,STYLE_2,IS_ONLINE,LAST_SEEN_AT,REFRESH_TOKEN,SOCIAL_PROVIDER,SOCIAL_ID,CREATED_AT,UPDATED_AT,IS_ACTIVE,STYLE_ARCHETYPE,STYLE_ARCHETYPE_DESC,TOTAL_WINS) values (41,'아빠와아들','25@naver.com','$2b$10$xx38MQTml8ZOspwxJqO5uubsYJG3ZtWMoML34Kcjp1Ch6MPm6RTaS','/uploads/d41b2403-79cc-4fb6-a3cf-5e90696e8d80.png',179,78,'amekaji',null,null,0,to_timestamp('26/05/29 17:19:02.590000000','RR/MM/DD HH24:MI:SSXFF'),null,null,null,to_timestamp('26/05/29 16:03:48.329000000','RR/MM/DD HH24:MI:SSXFF'),to_timestamp('26/06/04 14:47:12.299000000','RR/MM/DD HH24:MI:SSXFF'),1,null,null,8);
Insert into FITLOG.USERS (ID,USERNAME,EMAIL,PASSWORD_HASH,PROFILE_IMAGE,HEIGHT,WEIGHT,PREFERRED_STYLE,STYLE_1,STYLE_2,IS_ONLINE,LAST_SEEN_AT,REFRESH_TOKEN,SOCIAL_PROVIDER,SOCIAL_ID,CREATED_AT,UPDATED_AT,IS_ACTIVE,STYLE_ARCHETYPE,STYLE_ARCHETYPE_DESC,TOTAL_WINS) values (42,'무드메이커','26@naver.com','$2b$10$xx38MQTml8ZOspwxJqO5uubsYJG3ZtWMoML34Kcjp1Ch6MPm6RTaS','/uploads/0eb35e2c-672e-427a-93ca-aee163f15d9c.png',null,null,'blokecore','minimal','cityboy',0,to_timestamp('26/06/02 17:31:04.148000000','RR/MM/DD HH24:MI:SSXFF'),null,null,null,to_timestamp('26/05/29 16:03:48.334000000','RR/MM/DD HH24:MI:SSXFF'),to_timestamp('26/06/02 18:08:20.915000000','RR/MM/DD HH24:MI:SSXFF'),1,'BLOKECORE EXPLORER','자신만의 blokecore 감성을 바탕으로 패션의 지평을 넓혀가는 탐험가',2);
Insert into FITLOG.USERS (ID,USERNAME,EMAIL,PASSWORD_HASH,PROFILE_IMAGE,HEIGHT,WEIGHT,PREFERRED_STYLE,STYLE_1,STYLE_2,IS_ONLINE,LAST_SEEN_AT,REFRESH_TOKEN,SOCIAL_PROVIDER,SOCIAL_ID,CREATED_AT,UPDATED_AT,IS_ACTIVE,STYLE_ARCHETYPE,STYLE_ARCHETYPE_DESC,TOTAL_WINS) values (43,'패션피플','27@naver.com','$2b$10$xx38MQTml8ZOspwxJqO5uubsYJG3ZtWMoML34Kcjp1Ch6MPm6RTaS','/uploads/06346667-6ff4-4129-b57b-f093739cc66a.png',180,100,'rockchic','cityboy','oldmoney',0,null,null,null,null,to_timestamp('26/05/29 16:03:48.339000000','RR/MM/DD HH24:MI:SSXFF'),to_timestamp('26/06/04 17:26:18.515000000','RR/MM/DD HH24:MI:SSXFF'),1,null,null,4);
Insert into FITLOG.USERS (ID,USERNAME,EMAIL,PASSWORD_HASH,PROFILE_IMAGE,HEIGHT,WEIGHT,PREFERRED_STYLE,STYLE_1,STYLE_2,IS_ONLINE,LAST_SEEN_AT,REFRESH_TOKEN,SOCIAL_PROVIDER,SOCIAL_ID,CREATED_AT,UPDATED_AT,IS_ACTIVE,STYLE_ARCHETYPE,STYLE_ARCHETYPE_DESC,TOTAL_WINS) values (44,'갬성','28@naver.com','$2b$10$xx38MQTml8ZOspwxJqO5uubsYJG3ZtWMoML34Kcjp1Ch6MPm6RTaS','/uploads/69e39cc8-105c-4deb-bb23-1c5b81ee1393.png',null,null,'preppy','cityboy','blokecore',0,to_timestamp('26/06/01 11:38:05.004000000','RR/MM/DD HH24:MI:SSXFF'),null,null,null,to_timestamp('26/05/29 16:03:48.342000000','RR/MM/DD HH24:MI:SSXFF'),to_timestamp('26/06/04 17:26:16.069000000','RR/MM/DD HH24:MI:SSXFF'),1,null,null,5);
Insert into FITLOG.USERS (ID,USERNAME,EMAIL,PASSWORD_HASH,PROFILE_IMAGE,HEIGHT,WEIGHT,PREFERRED_STYLE,STYLE_1,STYLE_2,IS_ONLINE,LAST_SEEN_AT,REFRESH_TOKEN,SOCIAL_PROVIDER,SOCIAL_ID,CREATED_AT,UPDATED_AT,IS_ACTIVE,STYLE_ARCHETYPE,STYLE_ARCHETYPE_DESC,TOTAL_WINS) values (45,'스니커즈왕','29@naver.com','$2b$10$xx38MQTml8ZOspwxJqO5uubsYJG3ZtWMoML34Kcjp1Ch6MPm6RTaS','/uploads/afac91bd-9dd8-4af7-9bf1-2ec5974ecacd.png',null,null,'preppy','minimal','casual',1,to_timestamp('26/06/15 10:00:07.071000000','RR/MM/DD HH24:MI:SSXFF'),null,null,null,to_timestamp('26/05/29 16:03:48.348000000','RR/MM/DD HH24:MI:SSXFF'),to_timestamp('26/06/15 14:48:58.499000000','RR/MM/DD HH24:MI:SSXFF'),1,null,null,7);
Insert into FITLOG.USERS (ID,USERNAME,EMAIL,PASSWORD_HASH,PROFILE_IMAGE,HEIGHT,WEIGHT,PREFERRED_STYLE,STYLE_1,STYLE_2,IS_ONLINE,LAST_SEEN_AT,REFRESH_TOKEN,SOCIAL_PROVIDER,SOCIAL_ID,CREATED_AT,UPDATED_AT,IS_ACTIVE,STYLE_ARCHETYPE,STYLE_ARCHETYPE_DESC,TOTAL_WINS) values (46,'카고팬츠남','30@naver.com','$2b$10$xx38MQTml8ZOspwxJqO5uubsYJG3ZtWMoML34Kcjp1Ch6MPm6RTaS','/uploads/0744b3df-3f5d-4c1a-aa27-50d2de9b4548.png',null,null,'gorpcore','minimal','oldmoney',0,to_timestamp('26/06/01 11:56:07.673000000','RR/MM/DD HH24:MI:SSXFF'),null,null,null,to_timestamp('26/05/29 16:03:48.356000000','RR/MM/DD HH24:MI:SSXFF'),to_timestamp('26/06/02 18:04:57.713000000','RR/MM/DD HH24:MI:SSXFF'),1,null,null,1);
Insert into FITLOG.USERS (ID,USERNAME,EMAIL,PASSWORD_HASH,PROFILE_IMAGE,HEIGHT,WEIGHT,PREFERRED_STYLE,STYLE_1,STYLE_2,IS_ONLINE,LAST_SEEN_AT,REFRESH_TOKEN,SOCIAL_PROVIDER,SOCIAL_ID,CREATED_AT,UPDATED_AT,IS_ACTIVE,STYLE_ARCHETYPE,STYLE_ARCHETYPE_DESC,TOTAL_WINS) values (47,'셔츠요정','31@naver.com','$2b$10$xx38MQTml8ZOspwxJqO5uubsYJG3ZtWMoML34Kcjp1Ch6MPm6RTaS','/uploads/560211ae-c1c2-4ec7-a833-da0e69358850.png',null,null,'rockchic','preppy','cityboy',0,null,null,null,null,to_timestamp('26/05/29 16:03:48.363000000','RR/MM/DD HH24:MI:SSXFF'),to_timestamp('26/06/04 09:52:06.012000000','RR/MM/DD HH24:MI:SSXFF'),1,null,null,4);
Insert into FITLOG.USERS (ID,USERNAME,EMAIL,PASSWORD_HASH,PROFILE_IMAGE,HEIGHT,WEIGHT,PREFERRED_STYLE,STYLE_1,STYLE_2,IS_ONLINE,LAST_SEEN_AT,REFRESH_TOKEN,SOCIAL_PROVIDER,SOCIAL_ID,CREATED_AT,UPDATED_AT,IS_ACTIVE,STYLE_ARCHETYPE,STYLE_ARCHETYPE_DESC,TOTAL_WINS) values (48,'으랏챠챠','32@naver.com','$2b$10$xx38MQTml8ZOspwxJqO5uubsYJG3ZtWMoML34Kcjp1Ch6MPm6RTaS','/uploads/3cd26f14-bad2-4447-ac14-b4e7e02c8203.png',null,null,'cityboy','minimal','rockchic',0,to_timestamp('26/06/01 12:02:28.965000000','RR/MM/DD HH24:MI:SSXFF'),null,null,null,to_timestamp('26/05/29 16:03:48.370000000','RR/MM/DD HH24:MI:SSXFF'),to_timestamp('26/06/02 18:12:28.610000000','RR/MM/DD HH24:MI:SSXFF'),1,null,null,3);
Insert into FITLOG.USERS (ID,USERNAME,EMAIL,PASSWORD_HASH,PROFILE_IMAGE,HEIGHT,WEIGHT,PREFERRED_STYLE,STYLE_1,STYLE_2,IS_ONLINE,LAST_SEEN_AT,REFRESH_TOKEN,SOCIAL_PROVIDER,SOCIAL_ID,CREATED_AT,UPDATED_AT,IS_ACTIVE,STYLE_ARCHETYPE,STYLE_ARCHETYPE_DESC,TOTAL_WINS) values (49,'오버핏장인','33@naver.com','$2b$10$xx38MQTml8ZOspwxJqO5uubsYJG3ZtWMoML34Kcjp1Ch6MPm6RTaS','/uploads/d3389da8-b2a2-42b9-b1f1-83247a57e640.png',166,50,'cityboy',null,null,0,null,null,null,null,to_timestamp('26/05/29 16:03:48.374000000','RR/MM/DD HH24:MI:SSXFF'),to_timestamp('26/06/04 17:26:03.777000000','RR/MM/DD HH24:MI:SSXFF'),1,null,null,3);
Insert into FITLOG.USERS (ID,USERNAME,EMAIL,PASSWORD_HASH,PROFILE_IMAGE,HEIGHT,WEIGHT,PREFERRED_STYLE,STYLE_1,STYLE_2,IS_ONLINE,LAST_SEEN_AT,REFRESH_TOKEN,SOCIAL_PROVIDER,SOCIAL_ID,CREATED_AT,UPDATED_AT,IS_ACTIVE,STYLE_ARCHETYPE,STYLE_ARCHETYPE_DESC,TOTAL_WINS) values (50,'락','34@naver.com','$2b$10$xx38MQTml8ZOspwxJqO5uubsYJG3ZtWMoML34Kcjp1Ch6MPm6RTaS','/uploads/b6183b55-5d1f-4165-9692-bf9aad94cacd.png',null,null,'street','minimal','rockchic',0,to_timestamp('26/06/01 12:39:08.254000000','RR/MM/DD HH24:MI:SSXFF'),null,null,null,to_timestamp('26/05/29 16:03:48.379000000','RR/MM/DD HH24:MI:SSXFF'),to_timestamp('26/06/04 09:52:04.383000000','RR/MM/DD HH24:MI:SSXFF'),1,null,null,2);
Insert into FITLOG.USERS (ID,USERNAME,EMAIL,PASSWORD_HASH,PROFILE_IMAGE,HEIGHT,WEIGHT,PREFERRED_STYLE,STYLE_1,STYLE_2,IS_ONLINE,LAST_SEEN_AT,REFRESH_TOKEN,SOCIAL_PROVIDER,SOCIAL_ID,CREATED_AT,UPDATED_AT,IS_ACTIVE,STYLE_ARCHETYPE,STYLE_ARCHETYPE_DESC,TOTAL_WINS) values (1,'김은동','kakao_4836380288@fitlog.social','SOCIAL_LOGIN','/uploads/b81fd78e-91ae-40d0-a81c-112504e4cee0.png',180,75,'street',null,null,0,to_timestamp('26/06/15 09:53:25.206000000','RR/MM/DD HH24:MI:SSXFF'),null,'kakao','4836380288',to_timestamp('26/05/29 11:30:14.224000000','RR/MM/DD HH24:MI:SSXFF'),to_timestamp('26/06/15 11:18:17.191000000','RR/MM/DD HH24:MI:SSXFF'),1,null,null,10);
Insert into FITLOG.USERS (ID,USERNAME,EMAIL,PASSWORD_HASH,PROFILE_IMAGE,HEIGHT,WEIGHT,PREFERRED_STYLE,STYLE_1,STYLE_2,IS_ONLINE,LAST_SEEN_AT,REFRESH_TOKEN,SOCIAL_PROVIDER,SOCIAL_ID,CREATED_AT,UPDATED_AT,IS_ACTIVE,STYLE_ARCHETYPE,STYLE_ARCHETYPE_DESC,TOTAL_WINS) values (3,'으앙','22@naver.com','$2b$10$4ZvAVDVkJnApUq4vS11D/.oXtm8IyoIh3qfQOOcb2G8Aqy5MIRPA2',null,null,null,'street',null,null,0,to_timestamp('26/05/29 12:02:10.667000000','RR/MM/DD HH24:MI:SSXFF'),null,null,null,to_timestamp('26/05/29 12:01:41.227000000','RR/MM/DD HH24:MI:SSXFF'),to_timestamp('26/06/02 18:04:57.714000000','RR/MM/DD HH24:MI:SSXFF'),1,null,null,1);
Insert into FITLOG.USERS (ID,USERNAME,EMAIL,PASSWORD_HASH,PROFILE_IMAGE,HEIGHT,WEIGHT,PREFERRED_STYLE,STYLE_1,STYLE_2,IS_ONLINE,LAST_SEEN_AT,REFRESH_TOKEN,SOCIAL_PROVIDER,SOCIAL_ID,CREATED_AT,UPDATED_AT,IS_ACTIVE,STYLE_ARCHETYPE,STYLE_ARCHETYPE_DESC,TOTAL_WINS) values (5,'스트릿보이','eundong011204@naver.com','$2b$10$NCpdQLjN1vcz2jayt3clMOw7aaqrwQnQH5noqBR0W7nL2WUJl6BAO','/uploads/275ae868-8c91-42be-8726-548fc646b0f3.png',190,80,'street','minimal','cityboy',0,to_timestamp('26/05/29 16:14:40.815000000','RR/MM/DD HH24:MI:SSXFF'),null,null,null,to_timestamp('26/05/29 15:14:59.084000000','RR/MM/DD HH24:MI:SSXFF'),to_timestamp('26/06/04 17:26:16.881000000','RR/MM/DD HH24:MI:SSXFF'),1,null,null,14);
Insert into FITLOG.USERS (ID,USERNAME,EMAIL,PASSWORD_HASH,PROFILE_IMAGE,HEIGHT,WEIGHT,PREFERRED_STYLE,STYLE_1,STYLE_2,IS_ONLINE,LAST_SEEN_AT,REFRESH_TOKEN,SOCIAL_PROVIDER,SOCIAL_ID,CREATED_AT,UPDATED_AT,IS_ACTIVE,STYLE_ARCHETYPE,STYLE_ARCHETYPE_DESC,TOTAL_WINS) values (2,'패션왕','11@naver.com','$2b$10$kVfDNw9IkkGwLj4CnLRqE.RWGMpcID56L2oBo.RDA40VebYy2nn0a',null,170,52,'street','blokecore','preppy',0,to_timestamp('26/05/29 11:34:41.653000000','RR/MM/DD HH24:MI:SSXFF'),null,null,null,to_timestamp('26/05/29 11:31:36.297000000','RR/MM/DD HH24:MI:SSXFF'),to_timestamp('26/06/04 11:56:40.599000000','RR/MM/DD HH24:MI:SSXFF'),1,null,null,6);
Insert into FITLOG.USERS (ID,USERNAME,EMAIL,PASSWORD_HASH,PROFILE_IMAGE,HEIGHT,WEIGHT,PREFERRED_STYLE,STYLE_1,STYLE_2,IS_ONLINE,LAST_SEEN_AT,REFRESH_TOKEN,SOCIAL_PROVIDER,SOCIAL_ID,CREATED_AT,UPDATED_AT,IS_ACTIVE,STYLE_ARCHETYPE,STYLE_ARCHETYPE_DESC,TOTAL_WINS) values (4,'빨강','test33@naver.com','$2b$10$7usdR44kLt1RpOIoxE/PXuj.sF/4MUooUceR4MimkICIm1wb13ILy','/uploads/e12b3b14-40e9-4233-9238-54629b27f700.png',164,51,'cityboy','minimal',null,0,to_timestamp('26/05/29 14:17:54.728000000','RR/MM/DD HH24:MI:SSXFF'),null,null,null,to_timestamp('26/05/29 12:02:28.049000000','RR/MM/DD HH24:MI:SSXFF'),to_timestamp('26/06/02 18:12:51.254000000','RR/MM/DD HH24:MI:SSXFF'),1,null,null,10);
REM INSERTING into FITLOG.USER_BLOCKS
SET DEFINE OFF;
REM INSERTING into FITLOG.USER_REPORTS
SET DEFINE OFF;
REM INSERTING into FITLOG.USER_STYLE_PREFS
SET DEFINE OFF;
Insert into FITLOG.USER_STYLE_PREFS (ID,USER_ID,STYLE,SCORE,UPDATED_AT) values (19,15,'minimal',1,to_timestamp('26/06/01 10:38:41.173000000','RR/MM/DD HH24:MI:SSXFF'));
Insert into FITLOG.USER_STYLE_PREFS (ID,USER_ID,STYLE,SCORE,UPDATED_AT) values (27,42,'blokecore',1,to_timestamp('26/06/01 11:39:44.468000000','RR/MM/DD HH24:MI:SSXFF'));
Insert into FITLOG.USER_STYLE_PREFS (ID,USER_ID,STYLE,SCORE,UPDATED_AT) values (48,14,'street',4,to_timestamp('26/06/01 15:22:24.930000000','RR/MM/DD HH24:MI:SSXFF'));
Insert into FITLOG.USER_STYLE_PREFS (ID,USER_ID,STYLE,SCORE,UPDATED_AT) values (54,17,'street',84,to_timestamp('26/06/04 17:26:20.570000000','RR/MM/DD HH24:MI:SSXFF'));
Insert into FITLOG.USER_STYLE_PREFS (ID,USER_ID,STYLE,SCORE,UPDATED_AT) values (101,11,'workwear',5,to_timestamp('26/06/15 11:19:31.273000000','RR/MM/DD HH24:MI:SSXFF'));
Insert into FITLOG.USER_STYLE_PREFS (ID,USER_ID,STYLE,SCORE,UPDATED_AT) values (2,2,'casual',1,to_timestamp('26/05/29 11:34:12.386000000','RR/MM/DD HH24:MI:SSXFF'));
Insert into FITLOG.USER_STYLE_PREFS (ID,USER_ID,STYLE,SCORE,UPDATED_AT) values (4,4,'techwear',1,to_timestamp('26/05/29 12:03:15.466000000','RR/MM/DD HH24:MI:SSXFF'));
Insert into FITLOG.USER_STYLE_PREFS (ID,USER_ID,STYLE,SCORE,UPDATED_AT) values (5,4,'casual',6,to_timestamp('26/06/02 12:58:48.948000000','RR/MM/DD HH24:MI:SSXFF'));
Insert into FITLOG.USER_STYLE_PREFS (ID,USER_ID,STYLE,SCORE,UPDATED_AT) values (10,8,'street',13,to_timestamp('26/06/04 09:52:31.883000000','RR/MM/DD HH24:MI:SSXFF'));
Insert into FITLOG.USER_STYLE_PREFS (ID,USER_ID,STYLE,SCORE,UPDATED_AT) values (15,14,'cityboy',19,to_timestamp('26/06/01 15:20:59.419000000','RR/MM/DD HH24:MI:SSXFF'));
Insert into FITLOG.USER_STYLE_PREFS (ID,USER_ID,STYLE,SCORE,UPDATED_AT) values (16,7,'casual',1,to_timestamp('26/05/29 16:33:17.154000000','RR/MM/DD HH24:MI:SSXFF'));
Insert into FITLOG.USER_STYLE_PREFS (ID,USER_ID,STYLE,SCORE,UPDATED_AT) values (18,11,'casual',58,to_timestamp('26/06/15 11:49:56.692000000','RR/MM/DD HH24:MI:SSXFF'));
Insert into FITLOG.USER_STYLE_PREFS (ID,USER_ID,STYLE,SCORE,UPDATED_AT) values (20,16,'street',1,to_timestamp('26/06/01 10:40:28.759000000','RR/MM/DD HH24:MI:SSXFF'));
Insert into FITLOG.USER_STYLE_PREFS (ID,USER_ID,STYLE,SCORE,UPDATED_AT) values (21,37,'casual',1,to_timestamp('26/06/01 10:44:15.485000000','RR/MM/DD HH24:MI:SSXFF'));
Insert into FITLOG.USER_STYLE_PREFS (ID,USER_ID,STYLE,SCORE,UPDATED_AT) values (22,37,'minimal',1,to_timestamp('26/06/01 10:59:07.980000000','RR/MM/DD HH24:MI:SSXFF'));
Insert into FITLOG.USER_STYLE_PREFS (ID,USER_ID,STYLE,SCORE,UPDATED_AT) values (24,43,'techwear',1,to_timestamp('26/06/01 11:27:20.841000000','RR/MM/DD HH24:MI:SSXFF'));
Insert into FITLOG.USER_STYLE_PREFS (ID,USER_ID,STYLE,SCORE,UPDATED_AT) values (25,44,'cityboy',1,to_timestamp('26/06/01 11:30:08.987000000','RR/MM/DD HH24:MI:SSXFF'));
Insert into FITLOG.USER_STYLE_PREFS (ID,USER_ID,STYLE,SCORE,UPDATED_AT) values (26,44,'street',4,to_timestamp('26/06/01 11:36:10.202000000','RR/MM/DD HH24:MI:SSXFF'));
Insert into FITLOG.USER_STYLE_PREFS (ID,USER_ID,STYLE,SCORE,UPDATED_AT) values (28,45,'preppy',1,to_timestamp('26/06/01 11:43:43.936000000','RR/MM/DD HH24:MI:SSXFF'));
Insert into FITLOG.USER_STYLE_PREFS (ID,USER_ID,STYLE,SCORE,UPDATED_AT) values (29,46,'gorpcore',1,to_timestamp('26/06/01 11:45:39.586000000','RR/MM/DD HH24:MI:SSXFF'));
Insert into FITLOG.USER_STYLE_PREFS (ID,USER_ID,STYLE,SCORE,UPDATED_AT) values (30,47,'casual',1,to_timestamp('26/06/01 11:50:08.888000000','RR/MM/DD HH24:MI:SSXFF'));
Insert into FITLOG.USER_STYLE_PREFS (ID,USER_ID,STYLE,SCORE,UPDATED_AT) values (33,50,'cityboy',42,to_timestamp('26/06/01 12:11:31.991000000','RR/MM/DD HH24:MI:SSXFF'));
Insert into FITLOG.USER_STYLE_PREFS (ID,USER_ID,STYLE,SCORE,UPDATED_AT) values (37,11,'cityboy',14,to_timestamp('26/06/15 11:18:17.193000000','RR/MM/DD HH24:MI:SSXFF'));
Insert into FITLOG.USER_STYLE_PREFS (ID,USER_ID,STYLE,SCORE,UPDATED_AT) values (39,7,'minimal',5,to_timestamp('26/06/01 13:12:24.144000000','RR/MM/DD HH24:MI:SSXFF'));
Insert into FITLOG.USER_STYLE_PREFS (ID,USER_ID,STYLE,SCORE,UPDATED_AT) values (40,8,'gorpcore',8,to_timestamp('26/06/04 09:52:17.407000000','RR/MM/DD HH24:MI:SSXFF'));
Insert into FITLOG.USER_STYLE_PREFS (ID,USER_ID,STYLE,SCORE,UPDATED_AT) values (41,9,'minimal',5,to_timestamp('26/06/01 13:13:53.784000000','RR/MM/DD HH24:MI:SSXFF'));
Insert into FITLOG.USER_STYLE_PREFS (ID,USER_ID,STYLE,SCORE,UPDATED_AT) values (43,12,'rockchic',4,to_timestamp('26/06/01 14:54:59.528000000','RR/MM/DD HH24:MI:SSXFF'));
Insert into FITLOG.USER_STYLE_PREFS (ID,USER_ID,STYLE,SCORE,UPDATED_AT) values (44,12,'blokecore',4,to_timestamp('26/06/01 14:55:10.390000000','RR/MM/DD HH24:MI:SSXFF'));
Insert into FITLOG.USER_STYLE_PREFS (ID,USER_ID,STYLE,SCORE,UPDATED_AT) values (50,11,'minimal',24,to_timestamp('26/06/02 17:59:44.781000000','RR/MM/DD HH24:MI:SSXFF'));
Insert into FITLOG.USER_STYLE_PREFS (ID,USER_ID,STYLE,SCORE,UPDATED_AT) values (51,1,'street',17,to_timestamp('26/06/02 15:57:29.032000000','RR/MM/DD HH24:MI:SSXFF'));
Insert into FITLOG.USER_STYLE_PREFS (ID,USER_ID,STYLE,SCORE,UPDATED_AT) values (52,1,'blokecore',4,to_timestamp('26/06/01 16:53:16.457000000','RR/MM/DD HH24:MI:SSXFF'));
Insert into FITLOG.USER_STYLE_PREFS (ID,USER_ID,STYLE,SCORE,UPDATED_AT) values (56,19,'cityboy',5,to_timestamp('26/06/02 12:44:09.571000000','RR/MM/DD HH24:MI:SSXFF'));
Insert into FITLOG.USER_STYLE_PREFS (ID,USER_ID,STYLE,SCORE,UPDATED_AT) values (57,20,'casual',5,to_timestamp('26/06/02 12:45:44.419000000','RR/MM/DD HH24:MI:SSXFF'));
Insert into FITLOG.USER_STYLE_PREFS (ID,USER_ID,STYLE,SCORE,UPDATED_AT) values (58,36,'amekaji',5,to_timestamp('26/06/02 12:47:17.990000000','RR/MM/DD HH24:MI:SSXFF'));
Insert into FITLOG.USER_STYLE_PREFS (ID,USER_ID,STYLE,SCORE,UPDATED_AT) values (59,38,'street',5,to_timestamp('26/06/02 12:48:46.169000000','RR/MM/DD HH24:MI:SSXFF'));
Insert into FITLOG.USER_STYLE_PREFS (ID,USER_ID,STYLE,SCORE,UPDATED_AT) values (61,41,'amekaji',5,to_timestamp('26/06/02 12:53:54.836000000','RR/MM/DD HH24:MI:SSXFF'));
Insert into FITLOG.USER_STYLE_PREFS (ID,USER_ID,STYLE,SCORE,UPDATED_AT) values (67,11,'oldmoney',22,to_timestamp('26/06/15 14:48:57.334000000','RR/MM/DD HH24:MI:SSXFF'));
Insert into FITLOG.USER_STYLE_PREFS (ID,USER_ID,STYLE,SCORE,UPDATED_AT) values (69,11,'gorpcore',9,to_timestamp('26/06/15 11:18:18.738000000','RR/MM/DD HH24:MI:SSXFF'));
Insert into FITLOG.USER_STYLE_PREFS (ID,USER_ID,STYLE,SCORE,UPDATED_AT) values (70,11,'techwear',5,to_timestamp('26/06/02 17:59:38.080000000','RR/MM/DD HH24:MI:SSXFF'));
Insert into FITLOG.USER_STYLE_PREFS (ID,USER_ID,STYLE,SCORE,UPDATED_AT) values (71,11,'amekaji',9,to_timestamp('26/06/02 17:58:01.964000000','RR/MM/DD HH24:MI:SSXFF'));
Insert into FITLOG.USER_STYLE_PREFS (ID,USER_ID,STYLE,SCORE,UPDATED_AT) values (72,11,'preppy',5,to_timestamp('26/06/15 14:48:58.500000000','RR/MM/DD HH24:MI:SSXFF'));
Insert into FITLOG.USER_STYLE_PREFS (ID,USER_ID,STYLE,SCORE,UPDATED_AT) values (73,11,'rockchic',1,to_timestamp('26/06/02 17:39:47.093000000','RR/MM/DD HH24:MI:SSXFF'));
Insert into FITLOG.USER_STYLE_PREFS (ID,USER_ID,STYLE,SCORE,UPDATED_AT) values (79,8,'oldmoney',12,to_timestamp('26/06/04 09:52:30.372000000','RR/MM/DD HH24:MI:SSXFF'));
Insert into FITLOG.USER_STYLE_PREFS (ID,USER_ID,STYLE,SCORE,UPDATED_AT) values (82,17,'amekaji',10,to_timestamp('26/06/04 17:26:23.066000000','RR/MM/DD HH24:MI:SSXFF'));
Insert into FITLOG.USER_STYLE_PREFS (ID,USER_ID,STYLE,SCORE,UPDATED_AT) values (83,17,'casual',11,to_timestamp('26/06/04 17:26:19.601000000','RR/MM/DD HH24:MI:SSXFF'));
Insert into FITLOG.USER_STYLE_PREFS (ID,USER_ID,STYLE,SCORE,UPDATED_AT) values (88,17,'techwear',2,to_timestamp('26/06/04 17:26:18.516000000','RR/MM/DD HH24:MI:SSXFF'));
Insert into FITLOG.USER_STYLE_PREFS (ID,USER_ID,STYLE,SCORE,UPDATED_AT) values (89,17,'preppy',1,to_timestamp('26/06/04 17:26:14.066000000','RR/MM/DD HH24:MI:SSXFF'));
Insert into FITLOG.USER_STYLE_PREFS (ID,USER_ID,STYLE,SCORE,UPDATED_AT) values (13,12,'gorpcore',6,to_timestamp('26/06/02 13:02:05.578000000','RR/MM/DD HH24:MI:SSXFF'));
Insert into FITLOG.USER_STYLE_PREFS (ID,USER_ID,STYLE,SCORE,UPDATED_AT) values (14,13,'street',1,to_timestamp('26/05/29 16:29:03.209000000','RR/MM/DD HH24:MI:SSXFF'));
Insert into FITLOG.USER_STYLE_PREFS (ID,USER_ID,STYLE,SCORE,UPDATED_AT) values (17,9,'casual',1,to_timestamp('26/05/29 16:35:37.630000000','RR/MM/DD HH24:MI:SSXFF'));
Insert into FITLOG.USER_STYLE_PREFS (ID,USER_ID,STYLE,SCORE,UPDATED_AT) values (23,40,'street',1,to_timestamp('26/06/01 11:03:04.424000000','RR/MM/DD HH24:MI:SSXFF'));
Insert into FITLOG.USER_STYLE_PREFS (ID,USER_ID,STYLE,SCORE,UPDATED_AT) values (31,48,'cityboy',1,to_timestamp('26/06/01 11:55:45.664000000','RR/MM/DD HH24:MI:SSXFF'));
Insert into FITLOG.USER_STYLE_PREFS (ID,USER_ID,STYLE,SCORE,UPDATED_AT) values (32,50,'rockchic',1,to_timestamp('26/06/01 12:02:13.201000000','RR/MM/DD HH24:MI:SSXFF'));
Insert into FITLOG.USER_STYLE_PREFS (ID,USER_ID,STYLE,SCORE,UPDATED_AT) values (34,50,'casual',4,to_timestamp('26/06/01 12:09:00.194000000','RR/MM/DD HH24:MI:SSXFF'));
Insert into FITLOG.USER_STYLE_PREFS (ID,USER_ID,STYLE,SCORE,UPDATED_AT) values (35,50,'workwear',4,to_timestamp('26/06/01 12:11:43.825000000','RR/MM/DD HH24:MI:SSXFF'));
Insert into FITLOG.USER_STYLE_PREFS (ID,USER_ID,STYLE,SCORE,UPDATED_AT) values (36,50,'blokecore',4,to_timestamp('26/06/01 12:11:51.949000000','RR/MM/DD HH24:MI:SSXFF'));
Insert into FITLOG.USER_STYLE_PREFS (ID,USER_ID,STYLE,SCORE,UPDATED_AT) values (38,11,'street',135,to_timestamp('26/06/15 14:49:35.000000000','RR/MM/DD HH24:MI:SSXFF'));
Insert into FITLOG.USER_STYLE_PREFS (ID,USER_ID,STYLE,SCORE,UPDATED_AT) values (42,10,'street',5,to_timestamp('26/06/01 13:15:04.468000000','RR/MM/DD HH24:MI:SSXFF'));
Insert into FITLOG.USER_STYLE_PREFS (ID,USER_ID,STYLE,SCORE,UPDATED_AT) values (86,17,'gorpcore',5,to_timestamp('26/06/04 17:26:07.905000000','RR/MM/DD HH24:MI:SSXFF'));
Insert into FITLOG.USER_STYLE_PREFS (ID,USER_ID,STYLE,SCORE,UPDATED_AT) values (1,2,'street',1,to_timestamp('26/05/29 11:33:03.241000000','RR/MM/DD HH24:MI:SSXFF'));
Insert into FITLOG.USER_STYLE_PREFS (ID,USER_ID,STYLE,SCORE,UPDATED_AT) values (3,3,'casual',1,to_timestamp('26/05/29 12:02:07.317000000','RR/MM/DD HH24:MI:SSXFF'));
Insert into FITLOG.USER_STYLE_PREFS (ID,USER_ID,STYLE,SCORE,UPDATED_AT) values (6,1,'casual',17,to_timestamp('26/06/01 16:41:29.459000000','RR/MM/DD HH24:MI:SSXFF'));
Insert into FITLOG.USER_STYLE_PREFS (ID,USER_ID,STYLE,SCORE,UPDATED_AT) values (7,1,'cityboy',17,to_timestamp('26/06/01 16:59:33.590000000','RR/MM/DD HH24:MI:SSXFF'));
Insert into FITLOG.USER_STYLE_PREFS (ID,USER_ID,STYLE,SCORE,UPDATED_AT) values (8,5,'street',4,to_timestamp('26/05/29 15:19:15.654000000','RR/MM/DD HH24:MI:SSXFF'));
Insert into FITLOG.USER_STYLE_PREFS (ID,USER_ID,STYLE,SCORE,UPDATED_AT) values (9,5,'amekaji',1,to_timestamp('26/05/29 15:59:33.580000000','RR/MM/DD HH24:MI:SSXFF'));
Insert into FITLOG.USER_STYLE_PREFS (ID,USER_ID,STYLE,SCORE,UPDATED_AT) values (11,10,'casual',1,to_timestamp('26/05/29 16:20:24.473000000','RR/MM/DD HH24:MI:SSXFF'));
Insert into FITLOG.USER_STYLE_PREFS (ID,USER_ID,STYLE,SCORE,UPDATED_AT) values (12,6,'blokecore',6,to_timestamp('26/06/01 13:10:18.838000000','RR/MM/DD HH24:MI:SSXFF'));
Insert into FITLOG.USER_STYLE_PREFS (ID,USER_ID,STYLE,SCORE,UPDATED_AT) values (62,49,'cityboy',5,to_timestamp('26/06/02 12:55:28.699000000','RR/MM/DD HH24:MI:SSXFF'));
Insert into FITLOG.USER_STYLE_PREFS (ID,USER_ID,STYLE,SCORE,UPDATED_AT) values (63,12,'street',5,to_timestamp('26/06/02 13:02:53.938000000','RR/MM/DD HH24:MI:SSXFF'));
Insert into FITLOG.USER_STYLE_PREFS (ID,USER_ID,STYLE,SCORE,UPDATED_AT) values (65,11,'blokecore',9,to_timestamp('26/06/02 17:39:48.707000000','RR/MM/DD HH24:MI:SSXFF'));
Insert into FITLOG.USER_STYLE_PREFS (ID,USER_ID,STYLE,SCORE,UPDATED_AT) values (66,13,'blokecore',4,to_timestamp('26/06/02 15:03:16.667000000','RR/MM/DD HH24:MI:SSXFF'));
Insert into FITLOG.USER_STYLE_PREFS (ID,USER_ID,STYLE,SCORE,UPDATED_AT) values (68,1,'minimal',5,to_timestamp('26/06/02 15:49:13.734000000','RR/MM/DD HH24:MI:SSXFF'));
Insert into FITLOG.USER_STYLE_PREFS (ID,USER_ID,STYLE,SCORE,UPDATED_AT) values (77,8,'minimal',6,to_timestamp('26/06/04 09:52:14.356000000','RR/MM/DD HH24:MI:SSXFF'));
Insert into FITLOG.USER_STYLE_PREFS (ID,USER_ID,STYLE,SCORE,UPDATED_AT) values (78,8,'casual',9,to_timestamp('26/06/04 09:52:09.445000000','RR/MM/DD HH24:MI:SSXFF'));
Insert into FITLOG.USER_STYLE_PREFS (ID,USER_ID,STYLE,SCORE,UPDATED_AT) values (80,8,'preppy',1,to_timestamp('26/06/04 09:51:58.553000000','RR/MM/DD HH24:MI:SSXFF'));
Insert into FITLOG.USER_STYLE_PREFS (ID,USER_ID,STYLE,SCORE,UPDATED_AT) values (81,8,'rockchic',1,to_timestamp('26/06/04 09:52:04.385000000','RR/MM/DD HH24:MI:SSXFF'));
Insert into FITLOG.USER_STYLE_PREFS (ID,USER_ID,STYLE,SCORE,UPDATED_AT) values (45,14,'casual',52,to_timestamp('26/06/01 15:22:32.013000000','RR/MM/DD HH24:MI:SSXFF'));
Insert into FITLOG.USER_STYLE_PREFS (ID,USER_ID,STYLE,SCORE,UPDATED_AT) values (47,14,'rockchic',4,to_timestamp('26/06/01 15:21:13.977000000','RR/MM/DD HH24:MI:SSXFF'));
Insert into FITLOG.USER_STYLE_PREFS (ID,USER_ID,STYLE,SCORE,UPDATED_AT) values (49,14,'minimal',4,to_timestamp('26/06/01 15:22:46.877000000','RR/MM/DD HH24:MI:SSXFF'));
Insert into FITLOG.USER_STYLE_PREFS (ID,USER_ID,STYLE,SCORE,UPDATED_AT) values (53,17,'oldmoney',35,to_timestamp('26/06/02 12:38:02.697000000','RR/MM/DD HH24:MI:SSXFF'));
Insert into FITLOG.USER_STYLE_PREFS (ID,USER_ID,STYLE,SCORE,UPDATED_AT) values (55,18,'minimal',5,to_timestamp('26/06/02 12:41:48.607000000','RR/MM/DD HH24:MI:SSXFF'));
Insert into FITLOG.USER_STYLE_PREFS (ID,USER_ID,STYLE,SCORE,UPDATED_AT) values (60,39,'street',5,to_timestamp('26/06/02 12:50:54.852000000','RR/MM/DD HH24:MI:SSXFF'));
Insert into FITLOG.USER_STYLE_PREFS (ID,USER_ID,STYLE,SCORE,UPDATED_AT) values (64,20,'blokecore',5,to_timestamp('26/06/02 13:03:48.515000000','RR/MM/DD HH24:MI:SSXFF'));
Insert into FITLOG.USER_STYLE_PREFS (ID,USER_ID,STYLE,SCORE,UPDATED_AT) values (74,8,'cityboy',8,to_timestamp('26/06/04 09:52:35.663000000','RR/MM/DD HH24:MI:SSXFF'));
Insert into FITLOG.USER_STYLE_PREFS (ID,USER_ID,STYLE,SCORE,UPDATED_AT) values (75,8,'amekaji',6,to_timestamp('26/06/04 09:52:10.862000000','RR/MM/DD HH24:MI:SSXFF'));
Insert into FITLOG.USER_STYLE_PREFS (ID,USER_ID,STYLE,SCORE,UPDATED_AT) values (76,8,'blokecore',1,to_timestamp('26/06/02 18:08:20.915000000','RR/MM/DD HH24:MI:SSXFF'));
Insert into FITLOG.USER_STYLE_PREFS (ID,USER_ID,STYLE,SCORE,UPDATED_AT) values (84,17,'minimal',7,to_timestamp('26/06/04 17:26:02.305000000','RR/MM/DD HH24:MI:SSXFF'));
Insert into FITLOG.USER_STYLE_PREFS (ID,USER_ID,STYLE,SCORE,UPDATED_AT) values (85,17,'cityboy',9,to_timestamp('26/06/04 17:26:16.070000000','RR/MM/DD HH24:MI:SSXFF'));
Insert into FITLOG.USER_STYLE_PREFS (ID,USER_ID,STYLE,SCORE,UPDATED_AT) values (87,17,'blokecore',12,to_timestamp('26/06/04 17:26:21.813000000','RR/MM/DD HH24:MI:SSXFF'));
--------------------------------------------------------
--  DDL for Index PK_BOOKMARKS
--------------------------------------------------------

  CREATE UNIQUE INDEX "FITLOG"."PK_BOOKMARKS" ON "FITLOG"."BOOKMARKS" ("ID") 
  PCTFREE 10 INITRANS 2 MAXTRANS 255 
  STORAGE(INITIAL 65536 NEXT 1048576 MINEXTENTS 1 MAXEXTENTS 2147483645
  PCTINCREASE 0 FREELISTS 1 FREELIST GROUPS 1
  BUFFER_POOL DEFAULT FLASH_CACHE DEFAULT CELL_FLASH_CACHE DEFAULT)
  TABLESPACE "USERS" ;
--------------------------------------------------------
--  DDL for Index PK_CHAT_MESSAGES
--------------------------------------------------------

  CREATE UNIQUE INDEX "FITLOG"."PK_CHAT_MESSAGES" ON "FITLOG"."CHAT_MESSAGES" ("ID") 
  PCTFREE 10 INITRANS 2 MAXTRANS 255 
  STORAGE(INITIAL 65536 NEXT 1048576 MINEXTENTS 1 MAXEXTENTS 2147483645
  PCTINCREASE 0 FREELISTS 1 FREELIST GROUPS 1
  BUFFER_POOL DEFAULT FLASH_CACHE DEFAULT CELL_FLASH_CACHE DEFAULT)
  TABLESPACE "USERS" ;
--------------------------------------------------------
--  DDL for Index PK_CHAT_REQUESTS
--------------------------------------------------------

  CREATE UNIQUE INDEX "FITLOG"."PK_CHAT_REQUESTS" ON "FITLOG"."CHAT_REQUESTS" ("ID") 
  PCTFREE 10 INITRANS 2 MAXTRANS 255 
  STORAGE(INITIAL 65536 NEXT 1048576 MINEXTENTS 1 MAXEXTENTS 2147483645
  PCTINCREASE 0 FREELISTS 1 FREELIST GROUPS 1
  BUFFER_POOL DEFAULT FLASH_CACHE DEFAULT CELL_FLASH_CACHE DEFAULT)
  TABLESPACE "USERS" ;
--------------------------------------------------------
--  DDL for Index PK_CHAT_ROOMS
--------------------------------------------------------

  CREATE UNIQUE INDEX "FITLOG"."PK_CHAT_ROOMS" ON "FITLOG"."CHAT_ROOMS" ("ID") 
  PCTFREE 10 INITRANS 2 MAXTRANS 255 
  STORAGE(INITIAL 65536 NEXT 1048576 MINEXTENTS 1 MAXEXTENTS 2147483645
  PCTINCREASE 0 FREELISTS 1 FREELIST GROUPS 1
  BUFFER_POOL DEFAULT FLASH_CACHE DEFAULT CELL_FLASH_CACHE DEFAULT)
  TABLESPACE "USERS" ;
--------------------------------------------------------
--  DDL for Index PK_COMMENTS
--------------------------------------------------------

  CREATE UNIQUE INDEX "FITLOG"."PK_COMMENTS" ON "FITLOG"."COMMENTS" ("ID") 
  PCTFREE 10 INITRANS 2 MAXTRANS 255 
  STORAGE(INITIAL 65536 NEXT 1048576 MINEXTENTS 1 MAXEXTENTS 2147483645
  PCTINCREASE 0 FREELISTS 1 FREELIST GROUPS 1
  BUFFER_POOL DEFAULT FLASH_CACHE DEFAULT CELL_FLASH_CACHE DEFAULT)
  TABLESPACE "USERS" ;
--------------------------------------------------------
--  DDL for Index PK_FOLLOWS
--------------------------------------------------------

  CREATE UNIQUE INDEX "FITLOG"."PK_FOLLOWS" ON "FITLOG"."FOLLOWS" ("FOLLOWER_ID", "FOLLOWING_ID") 
  PCTFREE 10 INITRANS 2 MAXTRANS 255 
  STORAGE(INITIAL 65536 NEXT 1048576 MINEXTENTS 1 MAXEXTENTS 2147483645
  PCTINCREASE 0 FREELISTS 1 FREELIST GROUPS 1
  BUFFER_POOL DEFAULT FLASH_CACHE DEFAULT CELL_FLASH_CACHE DEFAULT)
  TABLESPACE "USERS" ;
--------------------------------------------------------
--  DDL for Index PK_GRS
--------------------------------------------------------

  CREATE UNIQUE INDEX "FITLOG"."PK_GRS" ON "FITLOG"."GROUP_READ_STATUS" ("ROOM_ID", "USER_ID") 
  PCTFREE 10 INITRANS 2 MAXTRANS 255 
  STORAGE(INITIAL 65536 NEXT 1048576 MINEXTENTS 1 MAXEXTENTS 2147483645
  PCTINCREASE 0 FREELISTS 1 FREELIST GROUPS 1
  BUFFER_POOL DEFAULT FLASH_CACHE DEFAULT CELL_FLASH_CACHE DEFAULT)
  TABLESPACE "USERS" ;
--------------------------------------------------------
--  DDL for Index PK_LIKES
--------------------------------------------------------

  CREATE UNIQUE INDEX "FITLOG"."PK_LIKES" ON "FITLOG"."LIKES" ("ID") 
  PCTFREE 10 INITRANS 2 MAXTRANS 255 
  STORAGE(INITIAL 65536 NEXT 1048576 MINEXTENTS 1 MAXEXTENTS 2147483645
  PCTINCREASE 0 FREELISTS 1 FREELIST GROUPS 1
  BUFFER_POOL DEFAULT FLASH_CACHE DEFAULT CELL_FLASH_CACHE DEFAULT)
  TABLESPACE "USERS" ;
--------------------------------------------------------
--  DDL for Index PK_NOTIFICATIONS
--------------------------------------------------------

  CREATE UNIQUE INDEX "FITLOG"."PK_NOTIFICATIONS" ON "FITLOG"."NOTIFICATIONS" ("ID") 
  PCTFREE 10 INITRANS 2 MAXTRANS 255 
  STORAGE(INITIAL 65536 NEXT 1048576 MINEXTENTS 1 MAXEXTENTS 2147483645
  PCTINCREASE 0 FREELISTS 1 FREELIST GROUPS 1
  BUFFER_POOL DEFAULT FLASH_CACHE DEFAULT CELL_FLASH_CACHE DEFAULT)
  TABLESPACE "USERS" ;
--------------------------------------------------------
--  DDL for Index PK_POSTS
--------------------------------------------------------

  CREATE UNIQUE INDEX "FITLOG"."PK_POSTS" ON "FITLOG"."POSTS" ("ID") 
  PCTFREE 10 INITRANS 2 MAXTRANS 255 
  STORAGE(INITIAL 65536 NEXT 1048576 MINEXTENTS 1 MAXEXTENTS 2147483645
  PCTINCREASE 0 FREELISTS 1 FREELIST GROUPS 1
  BUFFER_POOL DEFAULT FLASH_CACHE DEFAULT CELL_FLASH_CACHE DEFAULT)
  TABLESPACE "USERS" ;
--------------------------------------------------------
--  DDL for Index PK_POST_IMAGES
--------------------------------------------------------

  CREATE UNIQUE INDEX "FITLOG"."PK_POST_IMAGES" ON "FITLOG"."POST_IMAGES" ("ID") 
  PCTFREE 10 INITRANS 2 MAXTRANS 255 
  STORAGE(INITIAL 65536 NEXT 1048576 MINEXTENTS 1 MAXEXTENTS 2147483645
  PCTINCREASE 0 FREELISTS 1 FREELIST GROUPS 1
  BUFFER_POOL DEFAULT FLASH_CACHE DEFAULT CELL_FLASH_CACHE DEFAULT)
  TABLESPACE "USERS" ;
--------------------------------------------------------
--  DDL for Index PK_POST_ITEMS
--------------------------------------------------------

  CREATE UNIQUE INDEX "FITLOG"."PK_POST_ITEMS" ON "FITLOG"."POST_ITEMS" ("ID") 
  PCTFREE 10 INITRANS 2 MAXTRANS 255 
  STORAGE(INITIAL 65536 NEXT 1048576 MINEXTENTS 1 MAXEXTENTS 2147483645
  PCTINCREASE 0 FREELISTS 1 FREELIST GROUPS 1
  BUFFER_POOL DEFAULT FLASH_CACHE DEFAULT CELL_FLASH_CACHE DEFAULT)
  TABLESPACE "USERS" ;
--------------------------------------------------------
--  DDL for Index PK_STORIES
--------------------------------------------------------

  CREATE UNIQUE INDEX "FITLOG"."PK_STORIES" ON "FITLOG"."STORIES" ("ID") 
  PCTFREE 10 INITRANS 2 MAXTRANS 255 
  STORAGE(INITIAL 65536 NEXT 1048576 MINEXTENTS 1 MAXEXTENTS 2147483645
  PCTINCREASE 0 FREELISTS 1 FREELIST GROUPS 1
  BUFFER_POOL DEFAULT FLASH_CACHE DEFAULT CELL_FLASH_CACHE DEFAULT)
  TABLESPACE "USERS" ;
--------------------------------------------------------
--  DDL for Index PK_STORY_VIEWS
--------------------------------------------------------

  CREATE UNIQUE INDEX "FITLOG"."PK_STORY_VIEWS" ON "FITLOG"."STORY_VIEWS" ("ID") 
  PCTFREE 10 INITRANS 2 MAXTRANS 255 
  STORAGE(INITIAL 65536 NEXT 1048576 MINEXTENTS 1 MAXEXTENTS 2147483645
  PCTINCREASE 0 FREELISTS 1 FREELIST GROUPS 1
  BUFFER_POOL DEFAULT FLASH_CACHE DEFAULT CELL_FLASH_CACHE DEFAULT)
  TABLESPACE "USERS" ;
--------------------------------------------------------
--  DDL for Index PK_STYLES
--------------------------------------------------------

  CREATE UNIQUE INDEX "FITLOG"."PK_STYLES" ON "FITLOG"."STYLES" ("ID") 
  PCTFREE 10 INITRANS 2 MAXTRANS 255 
  STORAGE(INITIAL 65536 NEXT 1048576 MINEXTENTS 1 MAXEXTENTS 2147483645
  PCTINCREASE 0 FREELISTS 1 FREELIST GROUPS 1
  BUFFER_POOL DEFAULT FLASH_CACHE DEFAULT CELL_FLASH_CACHE DEFAULT)
  TABLESPACE "USERS" ;
--------------------------------------------------------
--  DDL for Index PK_USERS
--------------------------------------------------------

  CREATE UNIQUE INDEX "FITLOG"."PK_USERS" ON "FITLOG"."USERS" ("ID") 
  PCTFREE 10 INITRANS 2 MAXTRANS 255 
  STORAGE(INITIAL 65536 NEXT 1048576 MINEXTENTS 1 MAXEXTENTS 2147483645
  PCTINCREASE 0 FREELISTS 1 FREELIST GROUPS 1
  BUFFER_POOL DEFAULT FLASH_CACHE DEFAULT CELL_FLASH_CACHE DEFAULT)
  TABLESPACE "USERS" ;
--------------------------------------------------------
--  DDL for Index PK_USER_STYLE_PREFS
--------------------------------------------------------

  CREATE UNIQUE INDEX "FITLOG"."PK_USER_STYLE_PREFS" ON "FITLOG"."USER_STYLE_PREFS" ("ID") 
  PCTFREE 10 INITRANS 2 MAXTRANS 255 
  STORAGE(INITIAL 65536 NEXT 1048576 MINEXTENTS 1 MAXEXTENTS 2147483645
  PCTINCREASE 0 FREELISTS 1 FREELIST GROUPS 1
  BUFFER_POOL DEFAULT FLASH_CACHE DEFAULT CELL_FLASH_CACHE DEFAULT)
  TABLESPACE "USERS" ;
--------------------------------------------------------
--  DDL for Index UQ_BOOKMARKS_USER_POST
--------------------------------------------------------

  CREATE UNIQUE INDEX "FITLOG"."UQ_BOOKMARKS_USER_POST" ON "FITLOG"."BOOKMARKS" ("USER_ID", "POST_ID") 
  PCTFREE 10 INITRANS 2 MAXTRANS 255 
  STORAGE(INITIAL 65536 NEXT 1048576 MINEXTENTS 1 MAXEXTENTS 2147483645
  PCTINCREASE 0 FREELISTS 1 FREELIST GROUPS 1
  BUFFER_POOL DEFAULT FLASH_CACHE DEFAULT CELL_FLASH_CACHE DEFAULT)
  TABLESPACE "USERS" ;
--------------------------------------------------------
--  DDL for Index UQ_CHAT_ROOMS_REQ
--------------------------------------------------------

  CREATE UNIQUE INDEX "FITLOG"."UQ_CHAT_ROOMS_REQ" ON "FITLOG"."CHAT_ROOMS" ("REQUEST_ID") 
  PCTFREE 10 INITRANS 2 MAXTRANS 255 
  STORAGE(INITIAL 65536 NEXT 1048576 MINEXTENTS 1 MAXEXTENTS 2147483645
  PCTINCREASE 0 FREELISTS 1 FREELIST GROUPS 1
  BUFFER_POOL DEFAULT FLASH_CACHE DEFAULT CELL_FLASH_CACHE DEFAULT)
  TABLESPACE "USERS" ;
--------------------------------------------------------
--  DDL for Index UQ_CHAT_SENDER_RECEIVER
--------------------------------------------------------

  CREATE UNIQUE INDEX "FITLOG"."UQ_CHAT_SENDER_RECEIVER" ON "FITLOG"."CHAT_REQUESTS" ("SENDER_ID", "RECEIVER_ID") 
  PCTFREE 10 INITRANS 2 MAXTRANS 255 
  STORAGE(INITIAL 65536 NEXT 1048576 MINEXTENTS 1 MAXEXTENTS 2147483645
  PCTINCREASE 0 FREELISTS 1 FREELIST GROUPS 1
  BUFFER_POOL DEFAULT FLASH_CACHE DEFAULT CELL_FLASH_CACHE DEFAULT)
  TABLESPACE "USERS" ;
--------------------------------------------------------
--  DDL for Index UQ_GROUP_MEMBER
--------------------------------------------------------

  CREATE UNIQUE INDEX "FITLOG"."UQ_GROUP_MEMBER" ON "FITLOG"."GROUP_MEMBERS" ("ROOM_ID", "USER_ID") 
  PCTFREE 10 INITRANS 2 MAXTRANS 255 
  STORAGE(INITIAL 65536 NEXT 1048576 MINEXTENTS 1 MAXEXTENTS 2147483645
  PCTINCREASE 0 FREELISTS 1 FREELIST GROUPS 1
  BUFFER_POOL DEFAULT FLASH_CACHE DEFAULT CELL_FLASH_CACHE DEFAULT)
  TABLESPACE "USERS" ;
--------------------------------------------------------
--  DDL for Index UQ_LIKES_USER_POST
--------------------------------------------------------

  CREATE UNIQUE INDEX "FITLOG"."UQ_LIKES_USER_POST" ON "FITLOG"."LIKES" ("USER_ID", "POST_ID") 
  PCTFREE 10 INITRANS 2 MAXTRANS 255 
  STORAGE(INITIAL 65536 NEXT 1048576 MINEXTENTS 1 MAXEXTENTS 2147483645
  PCTINCREASE 0 FREELISTS 1 FREELIST GROUPS 1
  BUFFER_POOL DEFAULT FLASH_CACHE DEFAULT CELL_FLASH_CACHE DEFAULT)
  TABLESPACE "USERS" ;
--------------------------------------------------------
--  DDL for Index UQ_POST_TAG
--------------------------------------------------------

  CREATE UNIQUE INDEX "FITLOG"."UQ_POST_TAG" ON "FITLOG"."POST_TAGS" ("POST_ID", "USER_ID") 
  PCTFREE 10 INITRANS 2 MAXTRANS 255 
  STORAGE(INITIAL 65536 NEXT 1048576 MINEXTENTS 1 MAXEXTENTS 2147483645
  PCTINCREASE 0 FREELISTS 1 FREELIST GROUPS 1
  BUFFER_POOL DEFAULT FLASH_CACHE DEFAULT CELL_FLASH_CACHE DEFAULT)
  TABLESPACE "USERS" ;
--------------------------------------------------------
--  DDL for Index UQ_STORY_TAG
--------------------------------------------------------

  CREATE UNIQUE INDEX "FITLOG"."UQ_STORY_TAG" ON "FITLOG"."STORY_TAGS" ("STORY_ID", "USER_ID") 
  PCTFREE 10 INITRANS 2 MAXTRANS 255 
  STORAGE(INITIAL 65536 NEXT 1048576 MINEXTENTS 1 MAXEXTENTS 2147483645
  PCTINCREASE 0 FREELISTS 1 FREELIST GROUPS 1
  BUFFER_POOL DEFAULT FLASH_CACHE DEFAULT CELL_FLASH_CACHE DEFAULT)
  TABLESPACE "USERS" ;
--------------------------------------------------------
--  DDL for Index UQ_STORY_VIEW
--------------------------------------------------------

  CREATE UNIQUE INDEX "FITLOG"."UQ_STORY_VIEW" ON "FITLOG"."STORY_VIEWS" ("STORY_ID", "USER_ID") 
  PCTFREE 10 INITRANS 2 MAXTRANS 255 
  STORAGE(INITIAL 65536 NEXT 1048576 MINEXTENTS 1 MAXEXTENTS 2147483645
  PCTINCREASE 0 FREELISTS 1 FREELIST GROUPS 1
  BUFFER_POOL DEFAULT FLASH_CACHE DEFAULT CELL_FLASH_CACHE DEFAULT)
  TABLESPACE "USERS" ;
--------------------------------------------------------
--  DDL for Index UQ_STYLES_VALUE
--------------------------------------------------------

  CREATE UNIQUE INDEX "FITLOG"."UQ_STYLES_VALUE" ON "FITLOG"."STYLES" ("VALUE") 
  PCTFREE 10 INITRANS 2 MAXTRANS 255 
  STORAGE(INITIAL 65536 NEXT 1048576 MINEXTENTS 1 MAXEXTENTS 2147483645
  PCTINCREASE 0 FREELISTS 1 FREELIST GROUPS 1
  BUFFER_POOL DEFAULT FLASH_CACHE DEFAULT CELL_FLASH_CACHE DEFAULT)
  TABLESPACE "USERS" ;
--------------------------------------------------------
--  DDL for Index UQ_USERS_USERNAME
--------------------------------------------------------

  CREATE UNIQUE INDEX "FITLOG"."UQ_USERS_USERNAME" ON "FITLOG"."USERS" ("USERNAME") 
  PCTFREE 10 INITRANS 2 MAXTRANS 255 
  STORAGE(INITIAL 65536 NEXT 1048576 MINEXTENTS 1 MAXEXTENTS 2147483645
  PCTINCREASE 0 FREELISTS 1 FREELIST GROUPS 1
  BUFFER_POOL DEFAULT FLASH_CACHE DEFAULT CELL_FLASH_CACHE DEFAULT)
  TABLESPACE "USERS" ;
--------------------------------------------------------
--  DDL for Index UQ_USER_BLOCK
--------------------------------------------------------

  CREATE UNIQUE INDEX "FITLOG"."UQ_USER_BLOCK" ON "FITLOG"."USER_BLOCKS" ("BLOCKER_ID", "BLOCKED_ID") 
  PCTFREE 10 INITRANS 2 MAXTRANS 255 
  TABLESPACE "USERS" ;
--------------------------------------------------------
--  DDL for Index UQ_USER_STYLE
--------------------------------------------------------

  CREATE UNIQUE INDEX "FITLOG"."UQ_USER_STYLE" ON "FITLOG"."USER_STYLE_PREFS" ("USER_ID", "STYLE") 
  PCTFREE 10 INITRANS 2 MAXTRANS 255 
  STORAGE(INITIAL 65536 NEXT 1048576 MINEXTENTS 1 MAXEXTENTS 2147483645
  PCTINCREASE 0 FREELISTS 1 FREELIST GROUPS 1
  BUFFER_POOL DEFAULT FLASH_CACHE DEFAULT CELL_FLASH_CACHE DEFAULT)
  TABLESPACE "USERS" ;
--------------------------------------------------------
--  DDL for Index IDX_BOOKMARKS_USER
--------------------------------------------------------

  CREATE INDEX "FITLOG"."IDX_BOOKMARKS_USER" ON "FITLOG"."BOOKMARKS" ("USER_ID") 
  PCTFREE 10 INITRANS 2 MAXTRANS 255 COMPUTE STATISTICS 
  STORAGE(INITIAL 65536 NEXT 1048576 MINEXTENTS 1 MAXEXTENTS 2147483645
  PCTINCREASE 0 FREELISTS 1 FREELIST GROUPS 1
  BUFFER_POOL DEFAULT FLASH_CACHE DEFAULT CELL_FLASH_CACHE DEFAULT)
  TABLESPACE "USERS" ;
--------------------------------------------------------
--  DDL for Index IDX_POSTS_USER_ID
--------------------------------------------------------

  CREATE INDEX "FITLOG"."IDX_POSTS_USER_ID" ON "FITLOG"."POSTS" ("USER_ID") 
  PCTFREE 10 INITRANS 2 MAXTRANS 255 COMPUTE STATISTICS 
  STORAGE(INITIAL 65536 NEXT 1048576 MINEXTENTS 1 MAXEXTENTS 2147483645
  PCTINCREASE 0 FREELISTS 1 FREELIST GROUPS 1
  BUFFER_POOL DEFAULT FLASH_CACHE DEFAULT CELL_FLASH_CACHE DEFAULT)
  TABLESPACE "USERS" ;
--------------------------------------------------------
--  DDL for Index IDX_FOLLOWS_FOLLOWING
--------------------------------------------------------

  CREATE INDEX "FITLOG"."IDX_FOLLOWS_FOLLOWING" ON "FITLOG"."FOLLOWS" ("FOLLOWING_ID") 
  PCTFREE 10 INITRANS 2 MAXTRANS 255 COMPUTE STATISTICS 
  STORAGE(INITIAL 65536 NEXT 1048576 MINEXTENTS 1 MAXEXTENTS 2147483645
  PCTINCREASE 0 FREELISTS 1 FREELIST GROUPS 1
  BUFFER_POOL DEFAULT FLASH_CACHE DEFAULT CELL_FLASH_CACHE DEFAULT)
  TABLESPACE "USERS" ;
--------------------------------------------------------
--  DDL for Index IDX_POST_IMAGES_POST
--------------------------------------------------------

  CREATE INDEX "FITLOG"."IDX_POST_IMAGES_POST" ON "FITLOG"."POST_IMAGES" ("POST_ID") 
  PCTFREE 10 INITRANS 2 MAXTRANS 255 COMPUTE STATISTICS 
  STORAGE(INITIAL 65536 NEXT 1048576 MINEXTENTS 1 MAXEXTENTS 2147483645
  PCTINCREASE 0 FREELISTS 1 FREELIST GROUPS 1
  BUFFER_POOL DEFAULT FLASH_CACHE DEFAULT CELL_FLASH_CACHE DEFAULT)
  TABLESPACE "USERS" ;
--------------------------------------------------------
--  DDL for Index IDX_STYLE_PREFS_USER
--------------------------------------------------------

  CREATE INDEX "FITLOG"."IDX_STYLE_PREFS_USER" ON "FITLOG"."USER_STYLE_PREFS" ("USER_ID") 
  PCTFREE 10 INITRANS 2 MAXTRANS 255 COMPUTE STATISTICS 
  STORAGE(INITIAL 65536 NEXT 1048576 MINEXTENTS 1 MAXEXTENTS 2147483645
  PCTINCREASE 0 FREELISTS 1 FREELIST GROUPS 1
  BUFFER_POOL DEFAULT FLASH_CACHE DEFAULT CELL_FLASH_CACHE DEFAULT)
  TABLESPACE "USERS" ;
--------------------------------------------------------
--  DDL for Index IDX_NOTI_CREATED
--------------------------------------------------------

  CREATE INDEX "FITLOG"."IDX_NOTI_CREATED" ON "FITLOG"."NOTIFICATIONS" ("CREATED_AT" DESC) 
  PCTFREE 10 INITRANS 2 MAXTRANS 255 COMPUTE STATISTICS 
  STORAGE(INITIAL 65536 NEXT 1048576 MINEXTENTS 1 MAXEXTENTS 2147483645
  PCTINCREASE 0 FREELISTS 1 FREELIST GROUPS 1
  BUFFER_POOL DEFAULT FLASH_CACHE DEFAULT CELL_FLASH_CACHE DEFAULT)
  TABLESPACE "USERS" ;
--------------------------------------------------------
--  DDL for Index IDX_BOOKMARKS_POST
--------------------------------------------------------

  CREATE INDEX "FITLOG"."IDX_BOOKMARKS_POST" ON "FITLOG"."BOOKMARKS" ("POST_ID") 
  PCTFREE 10 INITRANS 2 MAXTRANS 255 COMPUTE STATISTICS 
  STORAGE(INITIAL 65536 NEXT 1048576 MINEXTENTS 1 MAXEXTENTS 2147483645
  PCTINCREASE 0 FREELISTS 1 FREELIST GROUPS 1
  BUFFER_POOL DEFAULT FLASH_CACHE DEFAULT CELL_FLASH_CACHE DEFAULT)
  TABLESPACE "USERS" ;
--------------------------------------------------------
--  DDL for Index IDX_COMMENTS_USER
--------------------------------------------------------

  CREATE INDEX "FITLOG"."IDX_COMMENTS_USER" ON "FITLOG"."COMMENTS" ("USER_ID") 
  PCTFREE 10 INITRANS 2 MAXTRANS 255 COMPUTE STATISTICS 
  STORAGE(INITIAL 65536 NEXT 1048576 MINEXTENTS 1 MAXEXTENTS 2147483645
  PCTINCREASE 0 FREELISTS 1 FREELIST GROUPS 1
  BUFFER_POOL DEFAULT FLASH_CACHE DEFAULT CELL_FLASH_CACHE DEFAULT)
  TABLESPACE "USERS" ;
--------------------------------------------------------
--  DDL for Index IDX_CHAT_MESSAGES_ROOM
--------------------------------------------------------

  CREATE INDEX "FITLOG"."IDX_CHAT_MESSAGES_ROOM" ON "FITLOG"."CHAT_MESSAGES" ("ROOM_ID") 
  PCTFREE 10 INITRANS 2 MAXTRANS 255 COMPUTE STATISTICS 
  STORAGE(INITIAL 65536 NEXT 1048576 MINEXTENTS 1 MAXEXTENTS 2147483645
  PCTINCREASE 0 FREELISTS 1 FREELIST GROUPS 1
  BUFFER_POOL DEFAULT FLASH_CACHE DEFAULT CELL_FLASH_CACHE DEFAULT)
  TABLESPACE "USERS" ;
--------------------------------------------------------
--  DDL for Index IDX_NOTI_USER_ID
--------------------------------------------------------

  CREATE INDEX "FITLOG"."IDX_NOTI_USER_ID" ON "FITLOG"."NOTIFICATIONS" ("USER_ID") 
  PCTFREE 10 INITRANS 2 MAXTRANS 255 COMPUTE STATISTICS 
  STORAGE(INITIAL 65536 NEXT 1048576 MINEXTENTS 1 MAXEXTENTS 2147483645
  PCTINCREASE 0 FREELISTS 1 FREELIST GROUPS 1
  BUFFER_POOL DEFAULT FLASH_CACHE DEFAULT CELL_FLASH_CACHE DEFAULT)
  TABLESPACE "USERS" ;
--------------------------------------------------------
--  DDL for Index IDX_POSTS_STYLE
--------------------------------------------------------

  CREATE INDEX "FITLOG"."IDX_POSTS_STYLE" ON "FITLOG"."POSTS" ("STYLE") 
  PCTFREE 10 INITRANS 2 MAXTRANS 255 COMPUTE STATISTICS 
  STORAGE(INITIAL 65536 NEXT 1048576 MINEXTENTS 1 MAXEXTENTS 2147483645
  PCTINCREASE 0 FREELISTS 1 FREELIST GROUPS 1
  BUFFER_POOL DEFAULT FLASH_CACHE DEFAULT CELL_FLASH_CACHE DEFAULT)
  TABLESPACE "USERS" ;
--------------------------------------------------------
--  DDL for Index IDX_CHAT_ROOMS_USER2
--------------------------------------------------------

  CREATE INDEX "FITLOG"."IDX_CHAT_ROOMS_USER2" ON "FITLOG"."CHAT_ROOMS" ("USER2_ID") 
  PCTFREE 10 INITRANS 2 MAXTRANS 255 COMPUTE STATISTICS 
  STORAGE(INITIAL 65536 NEXT 1048576 MINEXTENTS 1 MAXEXTENTS 2147483645
  PCTINCREASE 0 FREELISTS 1 FREELIST GROUPS 1
  BUFFER_POOL DEFAULT FLASH_CACHE DEFAULT CELL_FLASH_CACHE DEFAULT)
  TABLESPACE "USERS" ;
--------------------------------------------------------
--  DDL for Index IDX_POST_ITEMS_POST
--------------------------------------------------------

  CREATE INDEX "FITLOG"."IDX_POST_ITEMS_POST" ON "FITLOG"."POST_ITEMS" ("POST_ID") 
  PCTFREE 10 INITRANS 2 MAXTRANS 255 COMPUTE STATISTICS 
  STORAGE(INITIAL 65536 NEXT 1048576 MINEXTENTS 1 MAXEXTENTS 2147483645
  PCTINCREASE 0 FREELISTS 1 FREELIST GROUPS 1
  BUFFER_POOL DEFAULT FLASH_CACHE DEFAULT CELL_FLASH_CACHE DEFAULT)
  TABLESPACE "USERS" ;
--------------------------------------------------------
--  DDL for Index IDX_LIKES_POST
--------------------------------------------------------

  CREATE INDEX "FITLOG"."IDX_LIKES_POST" ON "FITLOG"."LIKES" ("POST_ID") 
  PCTFREE 10 INITRANS 2 MAXTRANS 255 COMPUTE STATISTICS 
  STORAGE(INITIAL 65536 NEXT 1048576 MINEXTENTS 1 MAXEXTENTS 2147483645
  PCTINCREASE 0 FREELISTS 1 FREELIST GROUPS 1
  BUFFER_POOL DEFAULT FLASH_CACHE DEFAULT CELL_FLASH_CACHE DEFAULT)
  TABLESPACE "USERS" ;
--------------------------------------------------------
--  DDL for Index IDX_STORIES_EXPIRES
--------------------------------------------------------

  CREATE INDEX "FITLOG"."IDX_STORIES_EXPIRES" ON "FITLOG"."STORIES" ("EXPIRES_AT") 
  PCTFREE 10 INITRANS 2 MAXTRANS 255 COMPUTE STATISTICS 
  STORAGE(INITIAL 65536 NEXT 1048576 MINEXTENTS 1 MAXEXTENTS 2147483645
  PCTINCREASE 0 FREELISTS 1 FREELIST GROUPS 1
  BUFFER_POOL DEFAULT FLASH_CACHE DEFAULT CELL_FLASH_CACHE DEFAULT)
  TABLESPACE "USERS" ;
--------------------------------------------------------
--  DDL for Index IDX_CHAT_ROOMS_USER1
--------------------------------------------------------

  CREATE INDEX "FITLOG"."IDX_CHAT_ROOMS_USER1" ON "FITLOG"."CHAT_ROOMS" ("USER1_ID") 
  PCTFREE 10 INITRANS 2 MAXTRANS 255 COMPUTE STATISTICS 
  STORAGE(INITIAL 65536 NEXT 1048576 MINEXTENTS 1 MAXEXTENTS 2147483645
  PCTINCREASE 0 FREELISTS 1 FREELIST GROUPS 1
  BUFFER_POOL DEFAULT FLASH_CACHE DEFAULT CELL_FLASH_CACHE DEFAULT)
  TABLESPACE "USERS" ;
--------------------------------------------------------
--  DDL for Index IDX_COMMENTS_POST
--------------------------------------------------------

  CREATE INDEX "FITLOG"."IDX_COMMENTS_POST" ON "FITLOG"."COMMENTS" ("POST_ID") 
  PCTFREE 10 INITRANS 2 MAXTRANS 255 COMPUTE STATISTICS 
  STORAGE(INITIAL 65536 NEXT 1048576 MINEXTENTS 1 MAXEXTENTS 2147483645
  PCTINCREASE 0 FREELISTS 1 FREELIST GROUPS 1
  BUFFER_POOL DEFAULT FLASH_CACHE DEFAULT CELL_FLASH_CACHE DEFAULT)
  TABLESPACE "USERS" ;
--------------------------------------------------------
--  DDL for Index IDX_CHAT_MESSAGES_CREATED
--------------------------------------------------------

  CREATE INDEX "FITLOG"."IDX_CHAT_MESSAGES_CREATED" ON "FITLOG"."CHAT_MESSAGES" ("CREATED_AT") 
  PCTFREE 10 INITRANS 2 MAXTRANS 255 COMPUTE STATISTICS 
  STORAGE(INITIAL 65536 NEXT 1048576 MINEXTENTS 1 MAXEXTENTS 2147483645
  PCTINCREASE 0 FREELISTS 1 FREELIST GROUPS 1
  BUFFER_POOL DEFAULT FLASH_CACHE DEFAULT CELL_FLASH_CACHE DEFAULT)
  TABLESPACE "USERS" ;
--------------------------------------------------------
--  DDL for Index IDX_STORIES_USER
--------------------------------------------------------

  CREATE INDEX "FITLOG"."IDX_STORIES_USER" ON "FITLOG"."STORIES" ("USER_ID") 
  PCTFREE 10 INITRANS 2 MAXTRANS 255 COMPUTE STATISTICS 
  STORAGE(INITIAL 65536 NEXT 1048576 MINEXTENTS 1 MAXEXTENTS 2147483645
  PCTINCREASE 0 FREELISTS 1 FREELIST GROUPS 1
  BUFFER_POOL DEFAULT FLASH_CACHE DEFAULT CELL_FLASH_CACHE DEFAULT)
  TABLESPACE "USERS" ;
--------------------------------------------------------
--  DDL for Index IDX_CHAT_MESSAGES_SENDER
--------------------------------------------------------

  CREATE INDEX "FITLOG"."IDX_CHAT_MESSAGES_SENDER" ON "FITLOG"."CHAT_MESSAGES" ("SENDER_ID") 
  PCTFREE 10 INITRANS 2 MAXTRANS 255 COMPUTE STATISTICS 
  STORAGE(INITIAL 65536 NEXT 1048576 MINEXTENTS 1 MAXEXTENTS 2147483645
  PCTINCREASE 0 FREELISTS 1 FREELIST GROUPS 1
  BUFFER_POOL DEFAULT FLASH_CACHE DEFAULT CELL_FLASH_CACHE DEFAULT)
  TABLESPACE "USERS" ;
--------------------------------------------------------
--  DDL for Index IDX_CHAT_REQ_RECEIVER
--------------------------------------------------------

  CREATE INDEX "FITLOG"."IDX_CHAT_REQ_RECEIVER" ON "FITLOG"."CHAT_REQUESTS" ("RECEIVER_ID") 
  PCTFREE 10 INITRANS 2 MAXTRANS 255 COMPUTE STATISTICS 
  STORAGE(INITIAL 65536 NEXT 1048576 MINEXTENTS 1 MAXEXTENTS 2147483645
  PCTINCREASE 0 FREELISTS 1 FREELIST GROUPS 1
  BUFFER_POOL DEFAULT FLASH_CACHE DEFAULT CELL_FLASH_CACHE DEFAULT)
  TABLESPACE "USERS" ;
--------------------------------------------------------
--  DDL for Index IDX_CHAT_ROOMS_LAST_AT
--------------------------------------------------------

  CREATE INDEX "FITLOG"."IDX_CHAT_ROOMS_LAST_AT" ON "FITLOG"."CHAT_ROOMS" ("LAST_MESSAGE_AT" DESC) 
  PCTFREE 10 INITRANS 2 MAXTRANS 255 COMPUTE STATISTICS 
  STORAGE(INITIAL 65536 NEXT 1048576 MINEXTENTS 1 MAXEXTENTS 2147483645
  PCTINCREASE 0 FREELISTS 1 FREELIST GROUPS 1
  BUFFER_POOL DEFAULT FLASH_CACHE DEFAULT CELL_FLASH_CACHE DEFAULT)
  TABLESPACE "USERS" ;
--------------------------------------------------------
--  DDL for Index IDX_POSTS_CREATED
--------------------------------------------------------

  CREATE INDEX "FITLOG"."IDX_POSTS_CREATED" ON "FITLOG"."POSTS" ("CREATED_AT" DESC) 
  PCTFREE 10 INITRANS 2 MAXTRANS 255 COMPUTE STATISTICS 
  STORAGE(INITIAL 65536 NEXT 1048576 MINEXTENTS 1 MAXEXTENTS 2147483645
  PCTINCREASE 0 FREELISTS 1 FREELIST GROUPS 1
  BUFFER_POOL DEFAULT FLASH_CACHE DEFAULT CELL_FLASH_CACHE DEFAULT)
  TABLESPACE "USERS" ;
--------------------------------------------------------
--  DDL for Trigger TRG_CHAT_REQ_UPDATED
--------------------------------------------------------

  CREATE OR REPLACE NONEDITIONABLE TRIGGER "FITLOG"."TRG_CHAT_REQ_UPDATED" 
BEFORE UPDATE ON chat_requests FOR EACH ROW
BEGIN
  :NEW.updated_at := CURRENT_TIMESTAMP;
END;

/
ALTER TRIGGER "FITLOG"."TRG_CHAT_REQ_UPDATED" ENABLE;
--------------------------------------------------------
--  DDL for Trigger TRG_COMMENTS_UPDATED
--------------------------------------------------------

  CREATE OR REPLACE NONEDITIONABLE TRIGGER "FITLOG"."TRG_COMMENTS_UPDATED" 
BEFORE UPDATE ON comments FOR EACH ROW
BEGIN
  :NEW.updated_at := CURRENT_TIMESTAMP;
END;

/
ALTER TRIGGER "FITLOG"."TRG_COMMENTS_UPDATED" ENABLE;
--------------------------------------------------------
--  DDL for Trigger TRG_POSTS_UPDATED
--------------------------------------------------------

  CREATE OR REPLACE NONEDITIONABLE TRIGGER "FITLOG"."TRG_POSTS_UPDATED" 
BEFORE UPDATE ON posts FOR EACH ROW
BEGIN
  :NEW.updated_at := CURRENT_TIMESTAMP;
END;

/
ALTER TRIGGER "FITLOG"."TRG_POSTS_UPDATED" ENABLE;
--------------------------------------------------------
--  DDL for Trigger TRG_USERS_UPDATED
--------------------------------------------------------

  CREATE OR REPLACE NONEDITIONABLE TRIGGER "FITLOG"."TRG_USERS_UPDATED" 
BEFORE UPDATE ON users FOR EACH ROW
BEGIN
  :NEW.updated_at := CURRENT_TIMESTAMP;
END;

/
ALTER TRIGGER "FITLOG"."TRG_USERS_UPDATED" ENABLE;
--------------------------------------------------------
--  Constraints for Table FOLLOWS
--------------------------------------------------------

  ALTER TABLE "FITLOG"."FOLLOWS" MODIFY ("FOLLOWER_ID" NOT NULL ENABLE);
  ALTER TABLE "FITLOG"."FOLLOWS" MODIFY ("FOLLOWING_ID" NOT NULL ENABLE);
  ALTER TABLE "FITLOG"."FOLLOWS" MODIFY ("CREATED_AT" NOT NULL ENABLE);
  ALTER TABLE "FITLOG"."FOLLOWS" ADD CONSTRAINT "PK_FOLLOWS" PRIMARY KEY ("FOLLOWER_ID", "FOLLOWING_ID")
  USING INDEX PCTFREE 10 INITRANS 2 MAXTRANS 255 
  STORAGE(INITIAL 65536 NEXT 1048576 MINEXTENTS 1 MAXEXTENTS 2147483645
  PCTINCREASE 0 FREELISTS 1 FREELIST GROUPS 1
  BUFFER_POOL DEFAULT FLASH_CACHE DEFAULT CELL_FLASH_CACHE DEFAULT)
  TABLESPACE "USERS"  ENABLE;
--------------------------------------------------------
--  Constraints for Table USER_STYLE_PREFS
--------------------------------------------------------

  ALTER TABLE "FITLOG"."USER_STYLE_PREFS" MODIFY ("ID" NOT NULL ENABLE);
  ALTER TABLE "FITLOG"."USER_STYLE_PREFS" MODIFY ("USER_ID" NOT NULL ENABLE);
  ALTER TABLE "FITLOG"."USER_STYLE_PREFS" MODIFY ("STYLE" NOT NULL ENABLE);
  ALTER TABLE "FITLOG"."USER_STYLE_PREFS" MODIFY ("SCORE" NOT NULL ENABLE);
  ALTER TABLE "FITLOG"."USER_STYLE_PREFS" MODIFY ("UPDATED_AT" NOT NULL ENABLE);
  ALTER TABLE "FITLOG"."USER_STYLE_PREFS" ADD CONSTRAINT "PK_USER_STYLE_PREFS" PRIMARY KEY ("ID")
  USING INDEX PCTFREE 10 INITRANS 2 MAXTRANS 255 
  STORAGE(INITIAL 65536 NEXT 1048576 MINEXTENTS 1 MAXEXTENTS 2147483645
  PCTINCREASE 0 FREELISTS 1 FREELIST GROUPS 1
  BUFFER_POOL DEFAULT FLASH_CACHE DEFAULT CELL_FLASH_CACHE DEFAULT)
  TABLESPACE "USERS"  ENABLE;
  ALTER TABLE "FITLOG"."USER_STYLE_PREFS" ADD CONSTRAINT "UQ_USER_STYLE" UNIQUE ("USER_ID", "STYLE")
  USING INDEX PCTFREE 10 INITRANS 2 MAXTRANS 255 
  STORAGE(INITIAL 65536 NEXT 1048576 MINEXTENTS 1 MAXEXTENTS 2147483645
  PCTINCREASE 0 FREELISTS 1 FREELIST GROUPS 1
  BUFFER_POOL DEFAULT FLASH_CACHE DEFAULT CELL_FLASH_CACHE DEFAULT)
  TABLESPACE "USERS"  ENABLE;
--------------------------------------------------------
--  Constraints for Table CHAT_ROOMS
--------------------------------------------------------

  ALTER TABLE "FITLOG"."CHAT_ROOMS" MODIFY ("ID" NOT NULL ENABLE);
  ALTER TABLE "FITLOG"."CHAT_ROOMS" MODIFY ("CREATED_AT" NOT NULL ENABLE);
  ALTER TABLE "FITLOG"."CHAT_ROOMS" ADD CONSTRAINT "PK_CHAT_ROOMS" PRIMARY KEY ("ID")
  USING INDEX PCTFREE 10 INITRANS 2 MAXTRANS 255 
  STORAGE(INITIAL 65536 NEXT 1048576 MINEXTENTS 1 MAXEXTENTS 2147483645
  PCTINCREASE 0 FREELISTS 1 FREELIST GROUPS 1
  BUFFER_POOL DEFAULT FLASH_CACHE DEFAULT CELL_FLASH_CACHE DEFAULT)
  TABLESPACE "USERS"  ENABLE;
  ALTER TABLE "FITLOG"."CHAT_ROOMS" ADD CONSTRAINT "UQ_CHAT_ROOMS_REQ" UNIQUE ("REQUEST_ID")
  USING INDEX PCTFREE 10 INITRANS 2 MAXTRANS 255 
  STORAGE(INITIAL 65536 NEXT 1048576 MINEXTENTS 1 MAXEXTENTS 2147483645
  PCTINCREASE 0 FREELISTS 1 FREELIST GROUPS 1
  BUFFER_POOL DEFAULT FLASH_CACHE DEFAULT CELL_FLASH_CACHE DEFAULT)
  TABLESPACE "USERS"  ENABLE;
--------------------------------------------------------
--  Constraints for Table GROUP_MEMBERS
--------------------------------------------------------

  ALTER TABLE "FITLOG"."GROUP_MEMBERS" MODIFY ("ID" NOT NULL ENABLE);
  ALTER TABLE "FITLOG"."GROUP_MEMBERS" MODIFY ("ROOM_ID" NOT NULL ENABLE);
  ALTER TABLE "FITLOG"."GROUP_MEMBERS" MODIFY ("USER_ID" NOT NULL ENABLE);
  ALTER TABLE "FITLOG"."GROUP_MEMBERS" ADD PRIMARY KEY ("ID")
  USING INDEX PCTFREE 10 INITRANS 2 MAXTRANS 255 
  STORAGE(INITIAL 65536 NEXT 1048576 MINEXTENTS 1 MAXEXTENTS 2147483645
  PCTINCREASE 0 FREELISTS 1 FREELIST GROUPS 1
  BUFFER_POOL DEFAULT FLASH_CACHE DEFAULT CELL_FLASH_CACHE DEFAULT)
  TABLESPACE "USERS"  ENABLE;
  ALTER TABLE "FITLOG"."GROUP_MEMBERS" ADD CONSTRAINT "UQ_GROUP_MEMBER" UNIQUE ("ROOM_ID", "USER_ID")
  USING INDEX PCTFREE 10 INITRANS 2 MAXTRANS 255 
  STORAGE(INITIAL 65536 NEXT 1048576 MINEXTENTS 1 MAXEXTENTS 2147483645
  PCTINCREASE 0 FREELISTS 1 FREELIST GROUPS 1
  BUFFER_POOL DEFAULT FLASH_CACHE DEFAULT CELL_FLASH_CACHE DEFAULT)
  TABLESPACE "USERS"  ENABLE;
--------------------------------------------------------
--  Constraints for Table ITEM_CATEGORIES
--------------------------------------------------------

  ALTER TABLE "FITLOG"."ITEM_CATEGORIES" MODIFY ("ID" NOT NULL ENABLE);
  ALTER TABLE "FITLOG"."ITEM_CATEGORIES" MODIFY ("VALUE" NOT NULL ENABLE);
  ALTER TABLE "FITLOG"."ITEM_CATEGORIES" MODIFY ("LABEL" NOT NULL ENABLE);
  ALTER TABLE "FITLOG"."ITEM_CATEGORIES" ADD PRIMARY KEY ("ID")
  USING INDEX PCTFREE 10 INITRANS 2 MAXTRANS 255 
  STORAGE(INITIAL 65536 NEXT 1048576 MINEXTENTS 1 MAXEXTENTS 2147483645
  PCTINCREASE 0 FREELISTS 1 FREELIST GROUPS 1
  BUFFER_POOL DEFAULT FLASH_CACHE DEFAULT CELL_FLASH_CACHE DEFAULT)
  TABLESPACE "USERS"  ENABLE;
  ALTER TABLE "FITLOG"."ITEM_CATEGORIES" ADD UNIQUE ("VALUE")
  USING INDEX PCTFREE 10 INITRANS 2 MAXTRANS 255 
  STORAGE(INITIAL 65536 NEXT 1048576 MINEXTENTS 1 MAXEXTENTS 2147483645
  PCTINCREASE 0 FREELISTS 1 FREELIST GROUPS 1
  BUFFER_POOL DEFAULT FLASH_CACHE DEFAULT CELL_FLASH_CACHE DEFAULT)
  TABLESPACE "USERS"  ENABLE;
--------------------------------------------------------
--  Constraints for Table CHAT_MESSAGES
--------------------------------------------------------

  ALTER TABLE "FITLOG"."CHAT_MESSAGES" MODIFY ("ID" NOT NULL ENABLE);
  ALTER TABLE "FITLOG"."CHAT_MESSAGES" MODIFY ("ROOM_ID" NOT NULL ENABLE);
  ALTER TABLE "FITLOG"."CHAT_MESSAGES" MODIFY ("SENDER_ID" NOT NULL ENABLE);
  ALTER TABLE "FITLOG"."CHAT_MESSAGES" MODIFY ("MESSAGE_TYPE" NOT NULL ENABLE);
  ALTER TABLE "FITLOG"."CHAT_MESSAGES" MODIFY ("IS_DELETED" NOT NULL ENABLE);
  ALTER TABLE "FITLOG"."CHAT_MESSAGES" MODIFY ("CREATED_AT" NOT NULL ENABLE);
  ALTER TABLE "FITLOG"."CHAT_MESSAGES" ADD CONSTRAINT "CHK_MSG_TYPE" CHECK (message_type IN ('text', 'image', 'story_reply')) ENABLE;
  ALTER TABLE "FITLOG"."CHAT_MESSAGES" ADD CONSTRAINT "CHK_MSG_DELETED" CHECK (is_deleted IN (0,1)) ENABLE;
  ALTER TABLE "FITLOG"."CHAT_MESSAGES" ADD CONSTRAINT "PK_CHAT_MESSAGES" PRIMARY KEY ("ID")
  USING INDEX PCTFREE 10 INITRANS 2 MAXTRANS 255 
  STORAGE(INITIAL 65536 NEXT 1048576 MINEXTENTS 1 MAXEXTENTS 2147483645
  PCTINCREASE 0 FREELISTS 1 FREELIST GROUPS 1
  BUFFER_POOL DEFAULT FLASH_CACHE DEFAULT CELL_FLASH_CACHE DEFAULT)
  TABLESPACE "USERS"  ENABLE;
--------------------------------------------------------
--  Constraints for Table USER_REPORTS
--------------------------------------------------------

  ALTER TABLE "FITLOG"."USER_REPORTS" MODIFY ("ID" NOT NULL ENABLE);
  ALTER TABLE "FITLOG"."USER_REPORTS" MODIFY ("REPORTER_ID" NOT NULL ENABLE);
  ALTER TABLE "FITLOG"."USER_REPORTS" MODIFY ("REPORTED_ID" NOT NULL ENABLE);
  ALTER TABLE "FITLOG"."USER_REPORTS" ADD PRIMARY KEY ("ID")
  USING INDEX PCTFREE 10 INITRANS 2 MAXTRANS 255 
  TABLESPACE "USERS"  ENABLE;
--------------------------------------------------------
--  Constraints for Table BOOKMARKS
--------------------------------------------------------

  ALTER TABLE "FITLOG"."BOOKMARKS" MODIFY ("ID" NOT NULL ENABLE);
  ALTER TABLE "FITLOG"."BOOKMARKS" MODIFY ("USER_ID" NOT NULL ENABLE);
  ALTER TABLE "FITLOG"."BOOKMARKS" MODIFY ("POST_ID" NOT NULL ENABLE);
  ALTER TABLE "FITLOG"."BOOKMARKS" MODIFY ("CREATED_AT" NOT NULL ENABLE);
  ALTER TABLE "FITLOG"."BOOKMARKS" ADD CONSTRAINT "PK_BOOKMARKS" PRIMARY KEY ("ID")
  USING INDEX PCTFREE 10 INITRANS 2 MAXTRANS 255 
  STORAGE(INITIAL 65536 NEXT 1048576 MINEXTENTS 1 MAXEXTENTS 2147483645
  PCTINCREASE 0 FREELISTS 1 FREELIST GROUPS 1
  BUFFER_POOL DEFAULT FLASH_CACHE DEFAULT CELL_FLASH_CACHE DEFAULT)
  TABLESPACE "USERS"  ENABLE;
  ALTER TABLE "FITLOG"."BOOKMARKS" ADD CONSTRAINT "UQ_BOOKMARKS_USER_POST" UNIQUE ("USER_ID", "POST_ID")
  USING INDEX PCTFREE 10 INITRANS 2 MAXTRANS 255 
  STORAGE(INITIAL 65536 NEXT 1048576 MINEXTENTS 1 MAXEXTENTS 2147483645
  PCTINCREASE 0 FREELISTS 1 FREELIST GROUPS 1
  BUFFER_POOL DEFAULT FLASH_CACHE DEFAULT CELL_FLASH_CACHE DEFAULT)
  TABLESPACE "USERS"  ENABLE;
--------------------------------------------------------
--  Constraints for Table GROUP_READ_STATUS
--------------------------------------------------------

  ALTER TABLE "FITLOG"."GROUP_READ_STATUS" MODIFY ("ROOM_ID" NOT NULL ENABLE);
  ALTER TABLE "FITLOG"."GROUP_READ_STATUS" MODIFY ("USER_ID" NOT NULL ENABLE);
  ALTER TABLE "FITLOG"."GROUP_READ_STATUS" ADD CONSTRAINT "PK_GRS" PRIMARY KEY ("ROOM_ID", "USER_ID")
  USING INDEX PCTFREE 10 INITRANS 2 MAXTRANS 255 
  STORAGE(INITIAL 65536 NEXT 1048576 MINEXTENTS 1 MAXEXTENTS 2147483645
  PCTINCREASE 0 FREELISTS 1 FREELIST GROUPS 1
  BUFFER_POOL DEFAULT FLASH_CACHE DEFAULT CELL_FLASH_CACHE DEFAULT)
  TABLESPACE "USERS"  ENABLE;
--------------------------------------------------------
--  Constraints for Table LIKES
--------------------------------------------------------

  ALTER TABLE "FITLOG"."LIKES" MODIFY ("ID" NOT NULL ENABLE);
  ALTER TABLE "FITLOG"."LIKES" MODIFY ("USER_ID" NOT NULL ENABLE);
  ALTER TABLE "FITLOG"."LIKES" MODIFY ("POST_ID" NOT NULL ENABLE);
  ALTER TABLE "FITLOG"."LIKES" MODIFY ("CREATED_AT" NOT NULL ENABLE);
  ALTER TABLE "FITLOG"."LIKES" ADD CONSTRAINT "PK_LIKES" PRIMARY KEY ("ID")
  USING INDEX PCTFREE 10 INITRANS 2 MAXTRANS 255 
  STORAGE(INITIAL 65536 NEXT 1048576 MINEXTENTS 1 MAXEXTENTS 2147483645
  PCTINCREASE 0 FREELISTS 1 FREELIST GROUPS 1
  BUFFER_POOL DEFAULT FLASH_CACHE DEFAULT CELL_FLASH_CACHE DEFAULT)
  TABLESPACE "USERS"  ENABLE;
  ALTER TABLE "FITLOG"."LIKES" ADD CONSTRAINT "UQ_LIKES_USER_POST" UNIQUE ("USER_ID", "POST_ID")
  USING INDEX PCTFREE 10 INITRANS 2 MAXTRANS 255 
  STORAGE(INITIAL 65536 NEXT 1048576 MINEXTENTS 1 MAXEXTENTS 2147483645
  PCTINCREASE 0 FREELISTS 1 FREELIST GROUPS 1
  BUFFER_POOL DEFAULT FLASH_CACHE DEFAULT CELL_FLASH_CACHE DEFAULT)
  TABLESPACE "USERS"  ENABLE;
--------------------------------------------------------
--  Constraints for Table STORIES
--------------------------------------------------------

  ALTER TABLE "FITLOG"."STORIES" MODIFY ("ID" NOT NULL ENABLE);
  ALTER TABLE "FITLOG"."STORIES" MODIFY ("USER_ID" NOT NULL ENABLE);
  ALTER TABLE "FITLOG"."STORIES" MODIFY ("IMAGE_URL" NOT NULL ENABLE);
  ALTER TABLE "FITLOG"."STORIES" MODIFY ("CREATED_AT" NOT NULL ENABLE);
  ALTER TABLE "FITLOG"."STORIES" MODIFY ("EXPIRES_AT" NOT NULL ENABLE);
  ALTER TABLE "FITLOG"."STORIES" ADD CONSTRAINT "PK_STORIES" PRIMARY KEY ("ID")
  USING INDEX PCTFREE 10 INITRANS 2 MAXTRANS 255 
  STORAGE(INITIAL 65536 NEXT 1048576 MINEXTENTS 1 MAXEXTENTS 2147483645
  PCTINCREASE 0 FREELISTS 1 FREELIST GROUPS 1
  BUFFER_POOL DEFAULT FLASH_CACHE DEFAULT CELL_FLASH_CACHE DEFAULT)
  TABLESPACE "USERS"  ENABLE;
--------------------------------------------------------
--  Constraints for Table USERS
--------------------------------------------------------

  ALTER TABLE "FITLOG"."USERS" MODIFY ("ID" NOT NULL ENABLE);
  ALTER TABLE "FITLOG"."USERS" MODIFY ("USERNAME" NOT NULL ENABLE);
  ALTER TABLE "FITLOG"."USERS" MODIFY ("PASSWORD_HASH" NOT NULL ENABLE);
  ALTER TABLE "FITLOG"."USERS" MODIFY ("IS_ONLINE" NOT NULL ENABLE);
  ALTER TABLE "FITLOG"."USERS" MODIFY ("CREATED_AT" NOT NULL ENABLE);
  ALTER TABLE "FITLOG"."USERS" MODIFY ("UPDATED_AT" NOT NULL ENABLE);
  ALTER TABLE "FITLOG"."USERS" MODIFY ("IS_ACTIVE" NOT NULL ENABLE);
  ALTER TABLE "FITLOG"."USERS" ADD CONSTRAINT "CHK_USERS_ONLINE" CHECK (is_online IN (0,1)) ENABLE;
  ALTER TABLE "FITLOG"."USERS" ADD CONSTRAINT "CHK_USERS_ACTIVE" CHECK (is_active IN (0,1)) ENABLE;
  ALTER TABLE "FITLOG"."USERS" ADD CONSTRAINT "PK_USERS" PRIMARY KEY ("ID")
  USING INDEX PCTFREE 10 INITRANS 2 MAXTRANS 255 
  STORAGE(INITIAL 65536 NEXT 1048576 MINEXTENTS 1 MAXEXTENTS 2147483645
  PCTINCREASE 0 FREELISTS 1 FREELIST GROUPS 1
  BUFFER_POOL DEFAULT FLASH_CACHE DEFAULT CELL_FLASH_CACHE DEFAULT)
  TABLESPACE "USERS"  ENABLE;
  ALTER TABLE "FITLOG"."USERS" ADD CONSTRAINT "UQ_USERS_USERNAME" UNIQUE ("USERNAME")
  USING INDEX PCTFREE 10 INITRANS 2 MAXTRANS 255 
  STORAGE(INITIAL 65536 NEXT 1048576 MINEXTENTS 1 MAXEXTENTS 2147483645
  PCTINCREASE 0 FREELISTS 1 FREELIST GROUPS 1
  BUFFER_POOL DEFAULT FLASH_CACHE DEFAULT CELL_FLASH_CACHE DEFAULT)
  TABLESPACE "USERS"  ENABLE;
--------------------------------------------------------
--  Constraints for Table NOTIFICATIONS
--------------------------------------------------------

  ALTER TABLE "FITLOG"."NOTIFICATIONS" MODIFY ("ID" NOT NULL ENABLE);
  ALTER TABLE "FITLOG"."NOTIFICATIONS" MODIFY ("USER_ID" NOT NULL ENABLE);
  ALTER TABLE "FITLOG"."NOTIFICATIONS" MODIFY ("SENDER_ID" NOT NULL ENABLE);
  ALTER TABLE "FITLOG"."NOTIFICATIONS" MODIFY ("TYPE" NOT NULL ENABLE);
  ALTER TABLE "FITLOG"."NOTIFICATIONS" MODIFY ("IS_READ" NOT NULL ENABLE);
  ALTER TABLE "FITLOG"."NOTIFICATIONS" MODIFY ("CREATED_AT" NOT NULL ENABLE);
  ALTER TABLE "FITLOG"."NOTIFICATIONS" ADD CONSTRAINT "CHK_NOTI_READ" CHECK (is_read IN (0,1)) ENABLE;
  ALTER TABLE "FITLOG"."NOTIFICATIONS" ADD CONSTRAINT "PK_NOTIFICATIONS" PRIMARY KEY ("ID")
  USING INDEX PCTFREE 10 INITRANS 2 MAXTRANS 255 
  STORAGE(INITIAL 65536 NEXT 1048576 MINEXTENTS 1 MAXEXTENTS 2147483645
  PCTINCREASE 0 FREELISTS 1 FREELIST GROUPS 1
  BUFFER_POOL DEFAULT FLASH_CACHE DEFAULT CELL_FLASH_CACHE DEFAULT)
  TABLESPACE "USERS"  ENABLE;
--------------------------------------------------------
--  Constraints for Table STYLES
--------------------------------------------------------

  ALTER TABLE "FITLOG"."STYLES" MODIFY ("ID" NOT NULL ENABLE);
  ALTER TABLE "FITLOG"."STYLES" MODIFY ("VALUE" NOT NULL ENABLE);
  ALTER TABLE "FITLOG"."STYLES" MODIFY ("LABEL" NOT NULL ENABLE);
  ALTER TABLE "FITLOG"."STYLES" MODIFY ("ICON" NOT NULL ENABLE);
  ALTER TABLE "FITLOG"."STYLES" MODIFY ("DESCRIPTION" NOT NULL ENABLE);
  ALTER TABLE "FITLOG"."STYLES" MODIFY ("SORT_ORDER" NOT NULL ENABLE);
  ALTER TABLE "FITLOG"."STYLES" MODIFY ("IS_ACTIVE" NOT NULL ENABLE);
  ALTER TABLE "FITLOG"."STYLES" ADD CONSTRAINT "PK_STYLES" PRIMARY KEY ("ID")
  USING INDEX PCTFREE 10 INITRANS 2 MAXTRANS 255 
  STORAGE(INITIAL 65536 NEXT 1048576 MINEXTENTS 1 MAXEXTENTS 2147483645
  PCTINCREASE 0 FREELISTS 1 FREELIST GROUPS 1
  BUFFER_POOL DEFAULT FLASH_CACHE DEFAULT CELL_FLASH_CACHE DEFAULT)
  TABLESPACE "USERS"  ENABLE;
  ALTER TABLE "FITLOG"."STYLES" ADD CONSTRAINT "UQ_STYLES_VALUE" UNIQUE ("VALUE")
  USING INDEX PCTFREE 10 INITRANS 2 MAXTRANS 255 
  STORAGE(INITIAL 65536 NEXT 1048576 MINEXTENTS 1 MAXEXTENTS 2147483645
  PCTINCREASE 0 FREELISTS 1 FREELIST GROUPS 1
  BUFFER_POOL DEFAULT FLASH_CACHE DEFAULT CELL_FLASH_CACHE DEFAULT)
  TABLESPACE "USERS"  ENABLE;
--------------------------------------------------------
--  Constraints for Table POST_TAGS
--------------------------------------------------------

  ALTER TABLE "FITLOG"."POST_TAGS" MODIFY ("ID" NOT NULL ENABLE);
  ALTER TABLE "FITLOG"."POST_TAGS" MODIFY ("POST_ID" NOT NULL ENABLE);
  ALTER TABLE "FITLOG"."POST_TAGS" MODIFY ("USER_ID" NOT NULL ENABLE);
  ALTER TABLE "FITLOG"."POST_TAGS" ADD PRIMARY KEY ("ID")
  USING INDEX PCTFREE 10 INITRANS 2 MAXTRANS 255 
  STORAGE(INITIAL 65536 NEXT 1048576 MINEXTENTS 1 MAXEXTENTS 2147483645
  PCTINCREASE 0 FREELISTS 1 FREELIST GROUPS 1
  BUFFER_POOL DEFAULT FLASH_CACHE DEFAULT CELL_FLASH_CACHE DEFAULT)
  TABLESPACE "USERS"  ENABLE;
  ALTER TABLE "FITLOG"."POST_TAGS" ADD CONSTRAINT "UQ_POST_TAG" UNIQUE ("POST_ID", "USER_ID")
  USING INDEX PCTFREE 10 INITRANS 2 MAXTRANS 255 
  STORAGE(INITIAL 65536 NEXT 1048576 MINEXTENTS 1 MAXEXTENTS 2147483645
  PCTINCREASE 0 FREELISTS 1 FREELIST GROUPS 1
  BUFFER_POOL DEFAULT FLASH_CACHE DEFAULT CELL_FLASH_CACHE DEFAULT)
  TABLESPACE "USERS"  ENABLE;
--------------------------------------------------------
--  Constraints for Table STORY_TAGS
--------------------------------------------------------

  ALTER TABLE "FITLOG"."STORY_TAGS" MODIFY ("ID" NOT NULL ENABLE);
  ALTER TABLE "FITLOG"."STORY_TAGS" MODIFY ("STORY_ID" NOT NULL ENABLE);
  ALTER TABLE "FITLOG"."STORY_TAGS" MODIFY ("USER_ID" NOT NULL ENABLE);
  ALTER TABLE "FITLOG"."STORY_TAGS" ADD PRIMARY KEY ("ID")
  USING INDEX PCTFREE 10 INITRANS 2 MAXTRANS 255 
  STORAGE(INITIAL 65536 NEXT 1048576 MINEXTENTS 1 MAXEXTENTS 2147483645
  PCTINCREASE 0 FREELISTS 1 FREELIST GROUPS 1
  BUFFER_POOL DEFAULT FLASH_CACHE DEFAULT CELL_FLASH_CACHE DEFAULT)
  TABLESPACE "USERS"  ENABLE;
  ALTER TABLE "FITLOG"."STORY_TAGS" ADD CONSTRAINT "UQ_STORY_TAG" UNIQUE ("STORY_ID", "USER_ID")
  USING INDEX PCTFREE 10 INITRANS 2 MAXTRANS 255 
  STORAGE(INITIAL 65536 NEXT 1048576 MINEXTENTS 1 MAXEXTENTS 2147483645
  PCTINCREASE 0 FREELISTS 1 FREELIST GROUPS 1
  BUFFER_POOL DEFAULT FLASH_CACHE DEFAULT CELL_FLASH_CACHE DEFAULT)
  TABLESPACE "USERS"  ENABLE;
--------------------------------------------------------
--  Constraints for Table POSTS
--------------------------------------------------------

  ALTER TABLE "FITLOG"."POSTS" MODIFY ("ID" NOT NULL ENABLE);
  ALTER TABLE "FITLOG"."POSTS" MODIFY ("USER_ID" NOT NULL ENABLE);
  ALTER TABLE "FITLOG"."POSTS" MODIFY ("CONTENT" NOT NULL ENABLE);
  ALTER TABLE "FITLOG"."POSTS" MODIFY ("STYLE" NOT NULL ENABLE);
  ALTER TABLE "FITLOG"."POSTS" MODIFY ("LIKES_COUNT" NOT NULL ENABLE);
  ALTER TABLE "FITLOG"."POSTS" MODIFY ("COMMENTS_COUNT" NOT NULL ENABLE);
  ALTER TABLE "FITLOG"."POSTS" MODIFY ("BOOKMARKS_COUNT" NOT NULL ENABLE);
  ALTER TABLE "FITLOG"."POSTS" MODIFY ("CREATED_AT" NOT NULL ENABLE);
  ALTER TABLE "FITLOG"."POSTS" MODIFY ("UPDATED_AT" NOT NULL ENABLE);
  ALTER TABLE "FITLOG"."POSTS" MODIFY ("IS_DELETED" NOT NULL ENABLE);
  ALTER TABLE "FITLOG"."POSTS" ADD CONSTRAINT "CHK_POSTS_DEL" CHECK (is_deleted IN (0,1)) ENABLE;
  ALTER TABLE "FITLOG"."POSTS" ADD CONSTRAINT "PK_POSTS" PRIMARY KEY ("ID")
  USING INDEX PCTFREE 10 INITRANS 2 MAXTRANS 255 
  STORAGE(INITIAL 65536 NEXT 1048576 MINEXTENTS 1 MAXEXTENTS 2147483645
  PCTINCREASE 0 FREELISTS 1 FREELIST GROUPS 1
  BUFFER_POOL DEFAULT FLASH_CACHE DEFAULT CELL_FLASH_CACHE DEFAULT)
  TABLESPACE "USERS"  ENABLE;
--------------------------------------------------------
--  Constraints for Table STORY_VIEWS
--------------------------------------------------------

  ALTER TABLE "FITLOG"."STORY_VIEWS" MODIFY ("ID" NOT NULL ENABLE);
  ALTER TABLE "FITLOG"."STORY_VIEWS" MODIFY ("STORY_ID" NOT NULL ENABLE);
  ALTER TABLE "FITLOG"."STORY_VIEWS" MODIFY ("USER_ID" NOT NULL ENABLE);
  ALTER TABLE "FITLOG"."STORY_VIEWS" MODIFY ("CREATED_AT" NOT NULL ENABLE);
  ALTER TABLE "FITLOG"."STORY_VIEWS" ADD CONSTRAINT "PK_STORY_VIEWS" PRIMARY KEY ("ID")
  USING INDEX PCTFREE 10 INITRANS 2 MAXTRANS 255 
  STORAGE(INITIAL 65536 NEXT 1048576 MINEXTENTS 1 MAXEXTENTS 2147483645
  PCTINCREASE 0 FREELISTS 1 FREELIST GROUPS 1
  BUFFER_POOL DEFAULT FLASH_CACHE DEFAULT CELL_FLASH_CACHE DEFAULT)
  TABLESPACE "USERS"  ENABLE;
  ALTER TABLE "FITLOG"."STORY_VIEWS" ADD CONSTRAINT "UQ_STORY_VIEW" UNIQUE ("STORY_ID", "USER_ID")
  USING INDEX PCTFREE 10 INITRANS 2 MAXTRANS 255 
  STORAGE(INITIAL 65536 NEXT 1048576 MINEXTENTS 1 MAXEXTENTS 2147483645
  PCTINCREASE 0 FREELISTS 1 FREELIST GROUPS 1
  BUFFER_POOL DEFAULT FLASH_CACHE DEFAULT CELL_FLASH_CACHE DEFAULT)
  TABLESPACE "USERS"  ENABLE;
--------------------------------------------------------
--  Constraints for Table USER_BLOCKS
--------------------------------------------------------

  ALTER TABLE "FITLOG"."USER_BLOCKS" MODIFY ("ID" NOT NULL ENABLE);
  ALTER TABLE "FITLOG"."USER_BLOCKS" MODIFY ("BLOCKER_ID" NOT NULL ENABLE);
  ALTER TABLE "FITLOG"."USER_BLOCKS" MODIFY ("BLOCKED_ID" NOT NULL ENABLE);
  ALTER TABLE "FITLOG"."USER_BLOCKS" ADD PRIMARY KEY ("ID")
  USING INDEX PCTFREE 10 INITRANS 2 MAXTRANS 255 
  TABLESPACE "USERS"  ENABLE;
  ALTER TABLE "FITLOG"."USER_BLOCKS" ADD CONSTRAINT "UQ_USER_BLOCK" UNIQUE ("BLOCKER_ID", "BLOCKED_ID")
  USING INDEX PCTFREE 10 INITRANS 2 MAXTRANS 255 
  TABLESPACE "USERS"  ENABLE;
--------------------------------------------------------
--  Constraints for Table POST_IMAGES
--------------------------------------------------------

  ALTER TABLE "FITLOG"."POST_IMAGES" MODIFY ("ID" NOT NULL ENABLE);
  ALTER TABLE "FITLOG"."POST_IMAGES" MODIFY ("POST_ID" NOT NULL ENABLE);
  ALTER TABLE "FITLOG"."POST_IMAGES" MODIFY ("IMAGE_URL" NOT NULL ENABLE);
  ALTER TABLE "FITLOG"."POST_IMAGES" MODIFY ("SORT_ORDER" NOT NULL ENABLE);
  ALTER TABLE "FITLOG"."POST_IMAGES" MODIFY ("CREATED_AT" NOT NULL ENABLE);
  ALTER TABLE "FITLOG"."POST_IMAGES" ADD CONSTRAINT "PK_POST_IMAGES" PRIMARY KEY ("ID")
  USING INDEX PCTFREE 10 INITRANS 2 MAXTRANS 255 
  STORAGE(INITIAL 65536 NEXT 1048576 MINEXTENTS 1 MAXEXTENTS 2147483645
  PCTINCREASE 0 FREELISTS 1 FREELIST GROUPS 1
  BUFFER_POOL DEFAULT FLASH_CACHE DEFAULT CELL_FLASH_CACHE DEFAULT)
  TABLESPACE "USERS"  ENABLE;
--------------------------------------------------------
--  Constraints for Table POST_ITEMS
--------------------------------------------------------

  ALTER TABLE "FITLOG"."POST_ITEMS" MODIFY ("ID" NOT NULL ENABLE);
  ALTER TABLE "FITLOG"."POST_ITEMS" MODIFY ("POST_ID" NOT NULL ENABLE);
  ALTER TABLE "FITLOG"."POST_ITEMS" MODIFY ("ITEM_NAME" NOT NULL ENABLE);
  ALTER TABLE "FITLOG"."POST_ITEMS" MODIFY ("CATEGORY" NOT NULL ENABLE);
  ALTER TABLE "FITLOG"."POST_ITEMS" MODIFY ("CURRENCY" NOT NULL ENABLE);
  ALTER TABLE "FITLOG"."POST_ITEMS" MODIFY ("CREATED_AT" NOT NULL ENABLE);
  ALTER TABLE "FITLOG"."POST_ITEMS" ADD CONSTRAINT "PK_POST_ITEMS" PRIMARY KEY ("ID")
  USING INDEX PCTFREE 10 INITRANS 2 MAXTRANS 255 
  STORAGE(INITIAL 65536 NEXT 1048576 MINEXTENTS 1 MAXEXTENTS 2147483645
  PCTINCREASE 0 FREELISTS 1 FREELIST GROUPS 1
  BUFFER_POOL DEFAULT FLASH_CACHE DEFAULT CELL_FLASH_CACHE DEFAULT)
  TABLESPACE "USERS"  ENABLE;
--------------------------------------------------------
--  Constraints for Table CHAT_REQUESTS
--------------------------------------------------------

  ALTER TABLE "FITLOG"."CHAT_REQUESTS" MODIFY ("ID" NOT NULL ENABLE);
  ALTER TABLE "FITLOG"."CHAT_REQUESTS" MODIFY ("SENDER_ID" NOT NULL ENABLE);
  ALTER TABLE "FITLOG"."CHAT_REQUESTS" MODIFY ("RECEIVER_ID" NOT NULL ENABLE);
  ALTER TABLE "FITLOG"."CHAT_REQUESTS" MODIFY ("STATUS" NOT NULL ENABLE);
  ALTER TABLE "FITLOG"."CHAT_REQUESTS" MODIFY ("CREATED_AT" NOT NULL ENABLE);
  ALTER TABLE "FITLOG"."CHAT_REQUESTS" MODIFY ("UPDATED_AT" NOT NULL ENABLE);
  ALTER TABLE "FITLOG"."CHAT_REQUESTS" ADD CONSTRAINT "CHK_CHAT_REQ_STATUS" CHECK (status IN ('pending','accepted','rejected')) ENABLE;
  ALTER TABLE "FITLOG"."CHAT_REQUESTS" ADD CONSTRAINT "PK_CHAT_REQUESTS" PRIMARY KEY ("ID")
  USING INDEX PCTFREE 10 INITRANS 2 MAXTRANS 255 
  STORAGE(INITIAL 65536 NEXT 1048576 MINEXTENTS 1 MAXEXTENTS 2147483645
  PCTINCREASE 0 FREELISTS 1 FREELIST GROUPS 1
  BUFFER_POOL DEFAULT FLASH_CACHE DEFAULT CELL_FLASH_CACHE DEFAULT)
  TABLESPACE "USERS"  ENABLE;
  ALTER TABLE "FITLOG"."CHAT_REQUESTS" ADD CONSTRAINT "UQ_CHAT_SENDER_RECEIVER" UNIQUE ("SENDER_ID", "RECEIVER_ID")
  USING INDEX PCTFREE 10 INITRANS 2 MAXTRANS 255 
  STORAGE(INITIAL 65536 NEXT 1048576 MINEXTENTS 1 MAXEXTENTS 2147483645
  PCTINCREASE 0 FREELISTS 1 FREELIST GROUPS 1
  BUFFER_POOL DEFAULT FLASH_CACHE DEFAULT CELL_FLASH_CACHE DEFAULT)
  TABLESPACE "USERS"  ENABLE;
--------------------------------------------------------
--  Constraints for Table COMMENTS
--------------------------------------------------------

  ALTER TABLE "FITLOG"."COMMENTS" MODIFY ("ID" NOT NULL ENABLE);
  ALTER TABLE "FITLOG"."COMMENTS" MODIFY ("POST_ID" NOT NULL ENABLE);
  ALTER TABLE "FITLOG"."COMMENTS" MODIFY ("USER_ID" NOT NULL ENABLE);
  ALTER TABLE "FITLOG"."COMMENTS" MODIFY ("CONTENT" NOT NULL ENABLE);
  ALTER TABLE "FITLOG"."COMMENTS" MODIFY ("IS_DELETED" NOT NULL ENABLE);
  ALTER TABLE "FITLOG"."COMMENTS" MODIFY ("CREATED_AT" NOT NULL ENABLE);
  ALTER TABLE "FITLOG"."COMMENTS" MODIFY ("UPDATED_AT" NOT NULL ENABLE);
  ALTER TABLE "FITLOG"."COMMENTS" ADD CONSTRAINT "CHK_COMMENTS_DEL" CHECK (is_deleted IN (0,1)) ENABLE;
  ALTER TABLE "FITLOG"."COMMENTS" ADD CONSTRAINT "PK_COMMENTS" PRIMARY KEY ("ID")
  USING INDEX PCTFREE 10 INITRANS 2 MAXTRANS 255 
  STORAGE(INITIAL 65536 NEXT 1048576 MINEXTENTS 1 MAXEXTENTS 2147483645
  PCTINCREASE 0 FREELISTS 1 FREELIST GROUPS 1
  BUFFER_POOL DEFAULT FLASH_CACHE DEFAULT CELL_FLASH_CACHE DEFAULT)
  TABLESPACE "USERS"  ENABLE;
--------------------------------------------------------
--  Ref Constraints for Table BOOKMARKS
--------------------------------------------------------

  ALTER TABLE "FITLOG"."BOOKMARKS" ADD CONSTRAINT "FK_BOOKMARKS_USER" FOREIGN KEY ("USER_ID")
	  REFERENCES "FITLOG"."USERS" ("ID") ON DELETE CASCADE ENABLE;
  ALTER TABLE "FITLOG"."BOOKMARKS" ADD CONSTRAINT "FK_BOOKMARKS_POST" FOREIGN KEY ("POST_ID")
	  REFERENCES "FITLOG"."POSTS" ("ID") ON DELETE CASCADE ENABLE;
--------------------------------------------------------
--  Ref Constraints for Table CHAT_MESSAGES
--------------------------------------------------------

  ALTER TABLE "FITLOG"."CHAT_MESSAGES" ADD CONSTRAINT "FK_MESSAGES_ROOM" FOREIGN KEY ("ROOM_ID")
	  REFERENCES "FITLOG"."CHAT_ROOMS" ("ID") ON DELETE CASCADE ENABLE;
  ALTER TABLE "FITLOG"."CHAT_MESSAGES" ADD CONSTRAINT "FK_MESSAGES_SENDER" FOREIGN KEY ("SENDER_ID")
	  REFERENCES "FITLOG"."USERS" ("ID") ON DELETE CASCADE ENABLE;
--------------------------------------------------------
--  Ref Constraints for Table CHAT_REQUESTS
--------------------------------------------------------

  ALTER TABLE "FITLOG"."CHAT_REQUESTS" ADD CONSTRAINT "FK_CHAT_REQ_SENDER" FOREIGN KEY ("SENDER_ID")
	  REFERENCES "FITLOG"."USERS" ("ID") ON DELETE CASCADE ENABLE;
  ALTER TABLE "FITLOG"."CHAT_REQUESTS" ADD CONSTRAINT "FK_CHAT_REQ_RECEIVER" FOREIGN KEY ("RECEIVER_ID")
	  REFERENCES "FITLOG"."USERS" ("ID") ON DELETE CASCADE ENABLE;
--------------------------------------------------------
--  Ref Constraints for Table CHAT_ROOMS
--------------------------------------------------------

  ALTER TABLE "FITLOG"."CHAT_ROOMS" ADD CONSTRAINT "FK_ROOM_REQUEST" FOREIGN KEY ("REQUEST_ID")
	  REFERENCES "FITLOG"."CHAT_REQUESTS" ("ID") ON DELETE CASCADE ENABLE;
  ALTER TABLE "FITLOG"."CHAT_ROOMS" ADD CONSTRAINT "FK_ROOM_USER1" FOREIGN KEY ("USER1_ID")
	  REFERENCES "FITLOG"."USERS" ("ID") ON DELETE CASCADE ENABLE;
  ALTER TABLE "FITLOG"."CHAT_ROOMS" ADD CONSTRAINT "FK_ROOM_USER2" FOREIGN KEY ("USER2_ID")
	  REFERENCES "FITLOG"."USERS" ("ID") ON DELETE CASCADE ENABLE;
--------------------------------------------------------
--  Ref Constraints for Table COMMENTS
--------------------------------------------------------

  ALTER TABLE "FITLOG"."COMMENTS" ADD CONSTRAINT "FK_COMMENTS_POST" FOREIGN KEY ("POST_ID")
	  REFERENCES "FITLOG"."POSTS" ("ID") ON DELETE CASCADE ENABLE;
  ALTER TABLE "FITLOG"."COMMENTS" ADD CONSTRAINT "FK_COMMENTS_USER" FOREIGN KEY ("USER_ID")
	  REFERENCES "FITLOG"."USERS" ("ID") ON DELETE CASCADE ENABLE;
  ALTER TABLE "FITLOG"."COMMENTS" ADD CONSTRAINT "FK_COMMENTS_PAR" FOREIGN KEY ("PARENT_ID")
	  REFERENCES "FITLOG"."COMMENTS" ("ID") ENABLE;
--------------------------------------------------------
--  Ref Constraints for Table FOLLOWS
--------------------------------------------------------

  ALTER TABLE "FITLOG"."FOLLOWS" ADD CONSTRAINT "FK_FOLLOWS_FOLLOWER" FOREIGN KEY ("FOLLOWER_ID")
	  REFERENCES "FITLOG"."USERS" ("ID") ON DELETE CASCADE ENABLE;
  ALTER TABLE "FITLOG"."FOLLOWS" ADD CONSTRAINT "FK_FOLLOWS_FOLLOWING" FOREIGN KEY ("FOLLOWING_ID")
	  REFERENCES "FITLOG"."USERS" ("ID") ON DELETE CASCADE ENABLE;
--------------------------------------------------------
--  Ref Constraints for Table GROUP_MEMBERS
--------------------------------------------------------

  ALTER TABLE "FITLOG"."GROUP_MEMBERS" ADD FOREIGN KEY ("ROOM_ID")
	  REFERENCES "FITLOG"."CHAT_ROOMS" ("ID") ENABLE;
  ALTER TABLE "FITLOG"."GROUP_MEMBERS" ADD FOREIGN KEY ("USER_ID")
	  REFERENCES "FITLOG"."USERS" ("ID") ENABLE;
--------------------------------------------------------
--  Ref Constraints for Table GROUP_READ_STATUS
--------------------------------------------------------

  ALTER TABLE "FITLOG"."GROUP_READ_STATUS" ADD FOREIGN KEY ("ROOM_ID")
	  REFERENCES "FITLOG"."CHAT_ROOMS" ("ID") ENABLE;
  ALTER TABLE "FITLOG"."GROUP_READ_STATUS" ADD FOREIGN KEY ("USER_ID")
	  REFERENCES "FITLOG"."USERS" ("ID") ENABLE;
--------------------------------------------------------
--  Ref Constraints for Table LIKES
--------------------------------------------------------

  ALTER TABLE "FITLOG"."LIKES" ADD CONSTRAINT "FK_LIKES_USER" FOREIGN KEY ("USER_ID")
	  REFERENCES "FITLOG"."USERS" ("ID") ON DELETE CASCADE ENABLE;
  ALTER TABLE "FITLOG"."LIKES" ADD CONSTRAINT "FK_LIKES_POST" FOREIGN KEY ("POST_ID")
	  REFERENCES "FITLOG"."POSTS" ("ID") ON DELETE CASCADE ENABLE;
--------------------------------------------------------
--  Ref Constraints for Table NOTIFICATIONS
--------------------------------------------------------

  ALTER TABLE "FITLOG"."NOTIFICATIONS" ADD CONSTRAINT "FK_NOTI_USER" FOREIGN KEY ("USER_ID")
	  REFERENCES "FITLOG"."USERS" ("ID") ON DELETE CASCADE ENABLE;
  ALTER TABLE "FITLOG"."NOTIFICATIONS" ADD CONSTRAINT "FK_NOTI_SENDER" FOREIGN KEY ("SENDER_ID")
	  REFERENCES "FITLOG"."USERS" ("ID") ON DELETE CASCADE ENABLE;
--------------------------------------------------------
--  Ref Constraints for Table POSTS
--------------------------------------------------------

  ALTER TABLE "FITLOG"."POSTS" ADD CONSTRAINT "FK_POSTS_USER" FOREIGN KEY ("USER_ID")
	  REFERENCES "FITLOG"."USERS" ("ID") ON DELETE CASCADE ENABLE;
--------------------------------------------------------
--  Ref Constraints for Table POST_IMAGES
--------------------------------------------------------

  ALTER TABLE "FITLOG"."POST_IMAGES" ADD CONSTRAINT "FK_POST_IMAGES_POST" FOREIGN KEY ("POST_ID")
	  REFERENCES "FITLOG"."POSTS" ("ID") ON DELETE CASCADE ENABLE;
--------------------------------------------------------
--  Ref Constraints for Table POST_ITEMS
--------------------------------------------------------

  ALTER TABLE "FITLOG"."POST_ITEMS" ADD CONSTRAINT "FK_POST_ITEMS_POST" FOREIGN KEY ("POST_ID")
	  REFERENCES "FITLOG"."POSTS" ("ID") ON DELETE CASCADE ENABLE;
--------------------------------------------------------
--  Ref Constraints for Table POST_TAGS
--------------------------------------------------------

  ALTER TABLE "FITLOG"."POST_TAGS" ADD FOREIGN KEY ("POST_ID")
	  REFERENCES "FITLOG"."POSTS" ("ID") ON DELETE CASCADE ENABLE;
  ALTER TABLE "FITLOG"."POST_TAGS" ADD FOREIGN KEY ("USER_ID")
	  REFERENCES "FITLOG"."USERS" ("ID") ON DELETE CASCADE ENABLE;
--------------------------------------------------------
--  Ref Constraints for Table STORIES
--------------------------------------------------------

  ALTER TABLE "FITLOG"."STORIES" ADD CONSTRAINT "FK_STORIES_USER" FOREIGN KEY ("USER_ID")
	  REFERENCES "FITLOG"."USERS" ("ID") ON DELETE CASCADE ENABLE;
--------------------------------------------------------
--  Ref Constraints for Table STORY_TAGS
--------------------------------------------------------

  ALTER TABLE "FITLOG"."STORY_TAGS" ADD FOREIGN KEY ("STORY_ID")
	  REFERENCES "FITLOG"."STORIES" ("ID") ON DELETE CASCADE ENABLE;
  ALTER TABLE "FITLOG"."STORY_TAGS" ADD FOREIGN KEY ("USER_ID")
	  REFERENCES "FITLOG"."USERS" ("ID") ON DELETE CASCADE ENABLE;
--------------------------------------------------------
--  Ref Constraints for Table STORY_VIEWS
--------------------------------------------------------

  ALTER TABLE "FITLOG"."STORY_VIEWS" ADD CONSTRAINT "FK_SV_STORY" FOREIGN KEY ("STORY_ID")
	  REFERENCES "FITLOG"."STORIES" ("ID") ON DELETE CASCADE ENABLE;
  ALTER TABLE "FITLOG"."STORY_VIEWS" ADD CONSTRAINT "FK_SV_USER" FOREIGN KEY ("USER_ID")
	  REFERENCES "FITLOG"."USERS" ("ID") ON DELETE CASCADE ENABLE;
--------------------------------------------------------
--  Ref Constraints for Table USER_BLOCKS
--------------------------------------------------------

  ALTER TABLE "FITLOG"."USER_BLOCKS" ADD FOREIGN KEY ("BLOCKER_ID")
	  REFERENCES "FITLOG"."USERS" ("ID") ENABLE;
  ALTER TABLE "FITLOG"."USER_BLOCKS" ADD FOREIGN KEY ("BLOCKED_ID")
	  REFERENCES "FITLOG"."USERS" ("ID") ENABLE;
--------------------------------------------------------
--  Ref Constraints for Table USER_REPORTS
--------------------------------------------------------

  ALTER TABLE "FITLOG"."USER_REPORTS" ADD FOREIGN KEY ("REPORTER_ID")
	  REFERENCES "FITLOG"."USERS" ("ID") ENABLE;
  ALTER TABLE "FITLOG"."USER_REPORTS" ADD FOREIGN KEY ("REPORTED_ID")
	  REFERENCES "FITLOG"."USERS" ("ID") ENABLE;
--------------------------------------------------------
--  Ref Constraints for Table USER_STYLE_PREFS
--------------------------------------------------------

  ALTER TABLE "FITLOG"."USER_STYLE_PREFS" ADD CONSTRAINT "FK_STYLE_PREFS_USER" FOREIGN KEY ("USER_ID")
	  REFERENCES "FITLOG"."USERS" ("ID") ON DELETE CASCADE ENABLE;
